place_id,menu_name,menu_tag,description,price,price_raw
1baf3b21-ff47-5b88-989d-ab78b847fe16,이전 페이지,,,,
1baf3b21-ff47-5b88-989d-ab78b847fe16,카페92도,,,,
1baf3b21-ff47-5b88-989d-ab78b847fe16,페이지 닫기,,,,
1baf3b21-ff47-5b88-989d-ab78b847fe16,"카페92도카페,디저트",,,,
1baf3b21-ff47-5b88-989d-ab78b847fe16,알림받기,,,,
1baf3b21-ff47-5b88-989d-ab78b847fe16,방문자 리뷰 128블로그 리뷰 12,,,,
1baf3b21-ff47-5b88-989d-ab78b847fe16,출발,,,,
1baf3b21-ff47-5b88-989d-ab78b847fe16,도착,,,,
1baf3b21-ff47-5b88-989d-ab78b847fe16,저장,,,,
1baf3b21-ff47-5b88-989d-ab78b847fe16,거리뷰,,,,
1baf3b21-ff47-5b88-989d-ab78b847fe16,공유,,,,
1baf3b21-ff47-5b88-989d-ab78b847fe16,홈,,,,
1baf3b21-ff47-5b88-989d-ab78b847fe16,리뷰,사진,,,
1baf3b21-ff47-5b88-989d-ab78b847fe16,주소,사진,,,
1baf3b21-ff47-5b88-989d-ab78b847fe16,광주 서구 풍금로 41 1층,사진,,,
1baf3b21-ff47-5b88-989d-ab78b847fe16,영업시간,사진,,,
1baf3b21-ff47-5b88-989d-ab78b847fe16,영업 중,사진,,,
1baf3b21-ff47-5b88-989d-ab78b847fe16,22:00에 영업 종료,사진,,,
1baf3b21-ff47-5b88-989d-ab78b847fe16,22시 0분에 영업 종료,사진,,,
1baf3b21-ff47-5b88-989d-ab78b847fe16,펼쳐보기,사진,,,
1baf3b21-ff47-5b88-989d-ab78b847fe16,전화번호,사진,,,
1baf3b21-ff47-5b88-989d-ab78b847fe16,0507-1385-2978,사진,,,
1baf3b21-ff47-5b88-989d-ab78b847fe16,안내,사진,,,
1baf3b21-ff47-5b88-989d-ab78b847fe16,복사,사진,,,
1baf3b21-ff47-5b88-989d-ab78b847fe16,방문자 사진·영상,사진,,,
1baf3b21-ff47-5b88-989d-ab78b847fe16,방문자 사진·영상,사진,,,
1baf3b21-ff47-5b88-989d-ab78b847fe16,더보기,사진,,,
1baf3b21-ff47-5b88-989d-ab78b847fe16,이 장소와 비슷한 카페,사진,,,
1baf3b21-ff47-5b88-989d-ab78b847fe16,플레이스 플러스,사진,,,
1baf3b21-ff47-5b88-989d-ab78b847fe16,비하이브,사진,,,
1baf3b21-ff47-5b88-989d-ab78b847fe16,겨울 딸기 페스티벌,사진,,,
1baf3b21-ff47-5b88-989d-ab78b847fe16,"카페,디저트서구 치평로",사진,,,
1baf3b21-ff47-5b88-989d-ab78b847fe16,오늘 휴무,사진,,,
1baf3b21-ff47-5b88-989d-ab78b847fe16,리뷰 473,사진,,,
1baf3b21-ff47-5b88-989d-ab78b847fe16,이 장소에서 3.1km,사진,,,
1baf3b21-ff47-5b88-989d-ab78b847fe16,광고,사진,,,
1baf3b21-ff47-5b88-989d-ab78b847fe16,저스트라이크유,사진,,,
1baf3b21-ff47-5b88-989d-ab78b847fe16,"스페셜티커피,보드게임,애견동반",사진,,,
1baf3b21-ff47-5b88-989d-ab78b847fe16,"카페,디저트남구 금당로",사진,,,
1baf3b21-ff47-5b88-989d-ab78b847fe16,영업 중,사진,,,
1baf3b21-ff47-5b88-989d-ab78b847fe16,리뷰 171,사진,,,
1baf3b21-ff47-5b88-989d-ab78b847fe16,이 장소에서 2.9km,사진,,,
1baf3b21-ff47-5b88-989d-ab78b847fe16,광고,사진,,,
1baf3b21-ff47-5b88-989d-ab78b847fe16,FARVE HOUSE,사진,,,
1baf3b21-ff47-5b88-989d-ab78b847fe16,"카페,디저트서구 풍암동",사진,,,
1baf3b21-ff47-5b88-989d-ab78b847fe16,오늘 휴무,사진,,,
1baf3b21-ff47-5b88-989d-ab78b847fe16,리뷰 43,사진,,,
1baf3b21-ff47-5b88-989d-ab78b847fe16,이 장소에서 520m,사진,,,
1baf3b21-ff47-5b88-989d-ab78b847fe16,바리스타래빗,사진,,,
1baf3b21-ff47-5b88-989d-ab78b847fe16,"카페,디저트서구 금호동",사진,,,
1baf3b21-ff47-5b88-989d-ab78b847fe16,영업 중,사진,,,
1baf3b21-ff47-5b88-989d-ab78b847fe16,리뷰 102,사진,,,
1baf3b21-ff47-5b88-989d-ab78b847fe16,이 장소에서 370m,사진,,,
1baf3b21-ff47-5b88-989d-ab78b847fe16,우리동네,사진,,,
1baf3b21-ff47-5b88-989d-ab78b847fe16,"카페,디저트서구 금호동",사진,,,
1baf3b21-ff47-5b88-989d-ab78b847fe16,영업 중,사진,,,
1baf3b21-ff47-5b88-989d-ab78b847fe16,리뷰 16,사진,,,
1baf3b21-ff47-5b88-989d-ab78b847fe16,이 장소에서 210m,사진,,,
1baf3b21-ff47-5b88-989d-ab78b847fe16,룩스커피,사진,,,
1baf3b21-ff47-5b88-989d-ab78b847fe16,"카페,디저트서구 풍암동",사진,,,
1baf3b21-ff47-5b88-989d-ab78b847fe16,영업 중,사진,,,
1baf3b21-ff47-5b88-989d-ab78b847fe16,리뷰 352,사진,,,
1baf3b21-ff47-5b88-989d-ab78b847fe16,이 장소에서 530m,사진,,,
1baf3b21-ff47-5b88-989d-ab78b847fe16,플레이스 플러스,사진,,,
1baf3b21-ff47-5b88-989d-ab78b847fe16,라제스 커피로스터스,사진,,,
1baf3b21-ff47-5b88-989d-ab78b847fe16,"카페,디저트서구 풍암동",사진,,,
1baf3b21-ff47-5b88-989d-ab78b847fe16,영업 중,사진,,,
1baf3b21-ff47-5b88-989d-ab78b847fe16,리뷰 572,사진,,,
1baf3b21-ff47-5b88-989d-ab78b847fe16,이 장소에서 350m,사진,,,
1baf3b21-ff47-5b88-989d-ab78b847fe16,오버릿,사진,,,
1baf3b21-ff47-5b88-989d-ab78b847fe16,"카페,디저트서구 풍암동",사진,,,
1baf3b21-ff47-5b88-989d-ab78b847fe16,영업 중,사진,,,
1baf3b21-ff47-5b88-989d-ab78b847fe16,리뷰 225,사진,,,
1baf3b21-ff47-5b88-989d-ab78b847fe16,이 장소에서 600m,사진,,,
1baf3b21-ff47-5b88-989d-ab78b847fe16,소담도담,사진,,,
1baf3b21-ff47-5b88-989d-ab78b847fe16,"카페,디저트서구 풍암동",사진,,,
1baf3b21-ff47-5b88-989d-ab78b847fe16,영업 중,사진,,,
1baf3b21-ff47-5b88-989d-ab78b847fe16,리뷰 56,사진,,,
1baf3b21-ff47-5b88-989d-ab78b847fe16,이 장소에서 250m,사진,,,
1baf3b21-ff47-5b88-989d-ab78b847fe16,카페휘,사진,,,
1baf3b21-ff47-5b88-989d-ab78b847fe16,카페서구 금호동,사진,,,
1baf3b21-ff47-5b88-989d-ab78b847fe16,영업 중,사진,,,
1baf3b21-ff47-5b88-989d-ab78b847fe16,리뷰 22,사진,,,
1baf3b21-ff47-5b88-989d-ab78b847fe16,이 장소에서 190m,사진,,,
1baf3b21-ff47-5b88-989d-ab78b847fe16,풍암동커피집,사진,,,
1baf3b21-ff47-5b88-989d-ab78b847fe16,"카페,디저트서구 풍암동",사진,,,
1baf3b21-ff47-5b88-989d-ab78b847fe16,영업 중,사진,,,
1baf3b21-ff47-5b88-989d-ab78b847fe16,리뷰 34,사진,,,
1baf3b21-ff47-5b88-989d-ab78b847fe16,이 장소에서 420m,사진,,,
1baf3b21-ff47-5b88-989d-ab78b847fe16,레파스베이커스 풍암점,사진,,,
1baf3b21-ff47-5b88-989d-ab78b847fe16,베이커리서구 풍암동,사진,,,
1baf3b21-ff47-5b88-989d-ab78b847fe16,영업 중,사진,,,
1baf3b21-ff47-5b88-989d-ab78b847fe16,리뷰 141,사진,,,
1baf3b21-ff47-5b88-989d-ab78b847fe16,이 장소에서 620m,사진,,,
1baf3b21-ff47-5b88-989d-ab78b847fe16,커피 프라그란스,사진,,,
1baf3b21-ff47-5b88-989d-ab78b847fe16,테이크아웃커피서구 풍암동,사진,,,
1baf3b21-ff47-5b88-989d-ab78b847fe16,영업 중,사진,,,
1baf3b21-ff47-5b88-989d-ab78b847fe16,리뷰 145,사진,,,
1baf3b21-ff47-5b88-989d-ab78b847fe16,이 장소에서 170m,사진,,,
1baf3b21-ff47-5b88-989d-ab78b847fe16,카페 세일링,사진,,,
1baf3b21-ff47-5b88-989d-ab78b847fe16,"카페,디저트서구 풍암동",사진,,,
1baf3b21-ff47-5b88-989d-ab78b847fe16,영업 중,사진,,,
1baf3b21-ff47-5b88-989d-ab78b847fe16,리뷰 469,사진,,,
1baf3b21-ff47-5b88-989d-ab78b847fe16,이 장소에서 510m,사진,,,
1baf3b21-ff47-5b88-989d-ab78b847fe16,이전,사진,,,
1baf3b21-ff47-5b88-989d-ab78b847fe16,현재,사진,,1,1
1baf3b21-ff47-5b88-989d-ab78b847fe16,전체,,,4,4
1baf3b21-ff47-5b88-989d-ab78b847fe16,다음,,,,
1baf3b21-ff47-5b88-989d-ab78b847fe16,함께 가볼만한 맛집,,,,
1baf3b21-ff47-5b88-989d-ab78b847fe16,플레이스 플러스,,,,
1baf3b21-ff47-5b88-989d-ab78b847fe16,할매솥뚜껑삼겹살 풍암점,,,,
1baf3b21-ff47-5b88-989d-ab78b847fe16,"흑돼지 1인분 8,900원",,,,
1baf3b21-ff47-5b88-989d-ab78b847fe16,"육류,고기요리광주광역시 서구 풍암2로57번길 7 1층",,,,
1baf3b21-ff47-5b88-989d-ab78b847fe16,영업 중,,,,
1baf3b21-ff47-5b88-989d-ab78b847fe16,리뷰 981,,,,
1baf3b21-ff47-5b88-989d-ab78b847fe16,이 장소에서 1.8km,,,,
1baf3b21-ff47-5b88-989d-ab78b847fe16,광고,,,,
1baf3b21-ff47-5b88-989d-ab78b847fe16,오블로,,,,
1baf3b21-ff47-5b88-989d-ab78b847fe16,상무지구 핫플 브런치 파스타,,,,
1baf3b21-ff47-5b88-989d-ab78b847fe16,양식광주광역시 서구 상무대로695번길 14 1층,,,,
1baf3b21-ff47-5b88-989d-ab78b847fe16,영업 중,,,,
1baf3b21-ff47-5b88-989d-ab78b847fe16,"리뷰 5,382",,,,
1baf3b21-ff47-5b88-989d-ab78b847fe16,이 장소에서 3.1km,,,,
1baf3b21-ff47-5b88-989d-ab78b847fe16,광고,,,,
1baf3b21-ff47-5b88-989d-ab78b847fe16,명품가마솥소머리국밥,,,,
1baf3b21-ff47-5b88-989d-ab78b847fe16,국밥서구 풍암동,,,,
1baf3b21-ff47-5b88-989d-ab78b847fe16,영업 중,,,,
1baf3b21-ff47-5b88-989d-ab78b847fe16,리뷰 282,,,,
1baf3b21-ff47-5b88-989d-ab78b847fe16,이 장소에서 190m,,,,
1baf3b21-ff47-5b88-989d-ab78b847fe16,우성오리탕,,,,
1baf3b21-ff47-5b88-989d-ab78b847fe16,오리요리서구 풍암동,,,,
1baf3b21-ff47-5b88-989d-ab78b847fe16,영업 중,,,,
1baf3b21-ff47-5b88-989d-ab78b847fe16,리뷰 764,,,,
1baf3b21-ff47-5b88-989d-ab78b847fe16,이 장소에서 170m,,,,
1baf3b21-ff47-5b88-989d-ab78b847fe16,까트르쎄종,,,,
1baf3b21-ff47-5b88-989d-ab78b847fe16,양식서구 풍암동,,,,
1baf3b21-ff47-5b88-989d-ab78b847fe16,영업 중,,,,
1baf3b21-ff47-5b88-989d-ab78b847fe16,리뷰 148,,,,
1baf3b21-ff47-5b88-989d-ab78b847fe16,이 장소에서 620m,,,,
1baf3b21-ff47-5b88-989d-ab78b847fe16,미식가든,,,,
1baf3b21-ff47-5b88-989d-ab78b847fe16,한식서구 풍암동,,,,
1baf3b21-ff47-5b88-989d-ab78b847fe16,영업 중,,,,
1baf3b21-ff47-5b88-989d-ab78b847fe16,리뷰 455,,,,
1baf3b21-ff47-5b88-989d-ab78b847fe16,이 장소에서 2.1km,,,,
1baf3b21-ff47-5b88-989d-ab78b847fe16,황하호연 본점,,,,
1baf3b21-ff47-5b88-989d-ab78b847fe16,양꼬치서구 풍암동,,,,
1baf3b21-ff47-5b88-989d-ab78b847fe16,영업 중,,,,
1baf3b21-ff47-5b88-989d-ab78b847fe16,리뷰 756,,,,
1baf3b21-ff47-5b88-989d-ab78b847fe16,이 장소에서 430m,,,,
1baf3b21-ff47-5b88-989d-ab78b847fe16,편편집 광주풍암점,,,,
1baf3b21-ff47-5b88-989d-ab78b847fe16,샤브샤브서구 풍암동,,,,
1baf3b21-ff47-5b88-989d-ab78b847fe16,영업 중,,,,
1baf3b21-ff47-5b88-989d-ab78b847fe16,"리뷰 1,692",,,,
1baf3b21-ff47-5b88-989d-ab78b847fe16,이 장소에서 40m,,,,
1baf3b21-ff47-5b88-989d-ab78b847fe16,빛가람국밥본점,,,,
1baf3b21-ff47-5b88-989d-ab78b847fe16,국밥서구 금호동,,,,
1baf3b21-ff47-5b88-989d-ab78b847fe16,24시간 영업,,,,
1baf3b21-ff47-5b88-989d-ab78b847fe16,"리뷰 2,018",,,,
1baf3b21-ff47-5b88-989d-ab78b847fe16,이 장소에서 420m,,,,
1baf3b21-ff47-5b88-989d-ab78b847fe16,브런치투나잇,,,,
1baf3b21-ff47-5b88-989d-ab78b847fe16,브런치서구 금호동,,,,
1baf3b21-ff47-5b88-989d-ab78b847fe16,영업 중,,,,
1baf3b21-ff47-5b88-989d-ab78b847fe16,리뷰 717,,,,
1baf3b21-ff47-5b88-989d-ab78b847fe16,이 장소에서 1.1km,,,,
1baf3b21-ff47-5b88-989d-ab78b847fe16,쭈사장 광주금호본점,,,,
1baf3b21-ff47-5b88-989d-ab78b847fe16,주꾸미요리서구 금호동,,,,
1baf3b21-ff47-5b88-989d-ab78b847fe16,영업 중,,,,
1baf3b21-ff47-5b88-989d-ab78b847fe16,"리뷰 3,084",,,,
1baf3b21-ff47-5b88-989d-ab78b847fe16,이 장소에서 1.3km,,,,
1baf3b21-ff47-5b88-989d-ab78b847fe16,모토이시 금호점,,,,
1baf3b21-ff47-5b88-989d-ab78b847fe16,"육류,고기요리서구 금호동",,,,
1baf3b21-ff47-5b88-989d-ab78b847fe16,영업 중,,,,
1baf3b21-ff47-5b88-989d-ab78b847fe16,"리뷰 3,846",,,,
1baf3b21-ff47-5b88-989d-ab78b847fe16,이 장소에서 1.2km,,,,
1baf3b21-ff47-5b88-989d-ab78b847fe16,숙이네집,,,,
1baf3b21-ff47-5b88-989d-ab78b847fe16,"육류,고기요리서구 풍암동",,,,
1baf3b21-ff47-5b88-989d-ab78b847fe16,영업 중,,,,
1baf3b21-ff47-5b88-989d-ab78b847fe16,"리뷰 1,151",,,,
1baf3b21-ff47-5b88-989d-ab78b847fe16,이 장소에서 310m,,,,
1baf3b21-ff47-5b88-989d-ab78b847fe16,천지유삼계탕,,,,
1baf3b21-ff47-5b88-989d-ab78b847fe16,"백숙,삼계탕서구 금호동",,,,
1baf3b21-ff47-5b88-989d-ab78b847fe16,영업 중,,,,
1baf3b21-ff47-5b88-989d-ab78b847fe16,"리뷰 1,081",,,,
1baf3b21-ff47-5b88-989d-ab78b847fe16,이 장소에서 260m,,,,
1baf3b21-ff47-5b88-989d-ab78b847fe16,이전,,,,
1baf3b21-ff47-5b88-989d-ab78b847fe16,현재,,,1,1
1baf3b21-ff47-5b88-989d-ab78b847fe16,전체,,,4,4
1baf3b21-ff47-5b88-989d-ab78b847fe16,다음,,,,
1baf3b21-ff47-5b88-989d-ab78b847fe16,알고 계신 정보와 다른 정보가 있나요?,,,,
1baf3b21-ff47-5b88-989d-ab78b847fe16,사진으로 간단하게 제보해 주세요.,,,,
1baf3b21-ff47-5b88-989d-ab78b847fe16,정보 수정 제안하기,,,,
1baf3b21-ff47-5b88-989d-ab78b847fe16,관련 링크2,,,,
1baf3b21-ff47-5b88-989d-ab78b847fe16,다이닝코드에서 보기,,,,
1baf3b21-ff47-5b88-989d-ab78b847fe16,식신에서 보기,,,,
ecc70e59-df7d-559f-9395-9bbd61c9ff9e,아메리카노,대표,,,
ecc70e59-df7d-559f-9395-9bbd61c9ff9e,"Iced 5,500",대표,,4500,"4,500원"
ecc70e59-df7d-559f-9395-9bbd61c9ff9e,카페라떼,대표,,,
ecc70e59-df7d-559f-9395-9bbd61c9ff9e,"Iced 6,500 바닐라/헤이즐넛/캬라멜 가능",대표,,5500,"5,500원"
ecc70e59-df7d-559f-9395-9bbd61c9ff9e,아포가토,대표,,6000,"6,000원"
ecc70e59-df7d-559f-9395-9bbd61c9ff9e,티,대표,,,
ecc70e59-df7d-559f-9395-9bbd61c9ff9e,모과/대추/생강/유자/레몬,대표,,5500,"5,500원"
ecc70e59-df7d-559f-9395-9bbd61c9ff9e,허브티,대표,"Iced 6,000 라벤더/로즈마리/페퍼민트/루이보스/쟈스민/캐모마일/얼그레이/다즐링",5500,"5,500원"
ecc70e59-df7d-559f-9395-9bbd61c9ff9e,크로플,대표,,,
ecc70e59-df7d-559f-9395-9bbd61c9ff9e,바닐라 아이스크림+메이플/초코렛/카라멜(시럽선택1),대표,,7000,"7,000원"
ecc70e59-df7d-559f-9395-9bbd61c9ff9e,타르트따땅,대표,,,
ecc70e59-df7d-559f-9395-9bbd61c9ff9e,바닐라 아이스크림을 곁들인 따뜻한 애플파이,대표,,6500,"6,500원"
ecc70e59-df7d-559f-9395-9bbd61c9ff9e,파리지엥 핫도그,대표,바삭한 바게트에 홀그레인 머스타드와 소세지 모짜렐라치즈를 넣어만든 담백한 파리식핫도그,8000,"8,000원"
ecc70e59-df7d-559f-9395-9bbd61c9ff9e,Special) 후추 커피,,,,
ecc70e59-df7d-559f-9395-9bbd61c9ff9e,Hot only 에스프레소 샷에 후추향을 첨가한 커피,,,6000,"6,000원"
ecc70e59-df7d-559f-9395-9bbd61c9ff9e,Special) 시나몬 커피,,,,
ecc70e59-df7d-559f-9395-9bbd61c9ff9e,Hot only 에스프레소 샷에 시나몬향을 첨가한 커피,,,6000,"6,000원"
ecc70e59-df7d-559f-9395-9bbd61c9ff9e,Special) 스카치 커피,,Hot only 에스프레소 샷에 스카치 위스키 소량을 첨가한 커피,6000,"6,000원"
ecc70e59-df7d-559f-9395-9bbd61c9ff9e,에스프레소,,,4500,"4,500원"
ecc70e59-df7d-559f-9395-9bbd61c9ff9e,카푸치노,,,,
ecc70e59-df7d-559f-9395-9bbd61c9ff9e,"Iced 6,000",,,5500,"5,500원"
ecc70e59-df7d-559f-9395-9bbd61c9ff9e,카페 모카,,,,
ecc70e59-df7d-559f-9395-9bbd61c9ff9e,"Iced 6,000",,,5500,"5,500원"
ecc70e59-df7d-559f-9395-9bbd61c9ff9e,캬라멜 마끼아또,,,,
ecc70e59-df7d-559f-9395-9bbd61c9ff9e,"Iced 6,000",,,5500,"5,500원"
e0b28876-9907-59b4-85a9-ca5ed8be341c,이전 페이지,,,,
e0b28876-9907-59b4-85a9-ca5ed8be341c,글라세라떼,,,,
e0b28876-9907-59b4-85a9-ca5ed8be341c,페이지 닫기,,,,
e0b28876-9907-59b4-85a9-ca5ed8be341c,이미지 갯수,,,,
e0b28876-9907-59b4-85a9-ca5ed8be341c,+51,,,,
e0b28876-9907-59b4-85a9-ca5ed8be341c,"글라세라떼카페,디저트",,,,
e0b28876-9907-59b4-85a9-ca5ed8be341c,알림받기,,,,
e0b28876-9907-59b4-85a9-ca5ed8be341c,방문자 리뷰 917블로그 리뷰 5,,,,
e0b28876-9907-59b4-85a9-ca5ed8be341c,출발,,,,
e0b28876-9907-59b4-85a9-ca5ed8be341c,도착,,,,
e0b28876-9907-59b4-85a9-ca5ed8be341c,저장,,,,
e0b28876-9907-59b4-85a9-ca5ed8be341c,거리뷰,,,,
e0b28876-9907-59b4-85a9-ca5ed8be341c,공유,,,,
e0b28876-9907-59b4-85a9-ca5ed8be341c,홈,,,,
e0b28876-9907-59b4-85a9-ca5ed8be341c,리뷰,사진,,,
e0b28876-9907-59b4-85a9-ca5ed8be341c,정보,사진,,,
e0b28876-9907-59b4-85a9-ca5ed8be341c,주소,사진,,,
e0b28876-9907-59b4-85a9-ca5ed8be341c,서울 종로구 새문안로 42 피어선빌딩 별관 105호,사진,,,
e0b28876-9907-59b4-85a9-ca5ed8be341c,5서대문역 5번 출구에서 419m,사진,,,
e0b28876-9907-59b4-85a9-ca5ed8be341c,미터,사진,,,
e0b28876-9907-59b4-85a9-ca5ed8be341c,영업시간,사진,,,
e0b28876-9907-59b4-85a9-ca5ed8be341c,영업 종료,사진,,,
e0b28876-9907-59b4-85a9-ca5ed8be341c,07:00에 영업 시작,사진,,,
e0b28876-9907-59b4-85a9-ca5ed8be341c,7시 0분에 영업 시작,사진,,,
e0b28876-9907-59b4-85a9-ca5ed8be341c,펼쳐보기,사진,,,
e0b28876-9907-59b4-85a9-ca5ed8be341c,전화번호,사진,,,
e0b28876-9907-59b4-85a9-ca5ed8be341c,02-3210-2485복사,사진,,,
e0b28876-9907-59b4-85a9-ca5ed8be341c,정보,사진,,,
e0b28876-9907-59b4-85a9-ca5ed8be341c,더보기,사진,,,
e0b28876-9907-59b4-85a9-ca5ed8be341c,방문자 사진·영상,사진,,,
e0b28876-9907-59b4-85a9-ca5ed8be341c,방문자 사진·영상,사진,,,
e0b28876-9907-59b4-85a9-ca5ed8be341c,더보기,사진,,,
e0b28876-9907-59b4-85a9-ca5ed8be341c,방문자 리뷰917,사진,,,
e0b28876-9907-59b4-85a9-ca5ed8be341c,"""커피가 맛있어요""",사진,,,
e0b28876-9907-59b4-85a9-ca5ed8be341c,이 키워드를 선택한 인원,사진,,239,239
e0b28876-9907-59b4-85a9-ca5ed8be341c,"""가성비가 좋아요""",,,,
e0b28876-9907-59b4-85a9-ca5ed8be341c,이 키워드를 선택한 인원,,,178,178
e0b28876-9907-59b4-85a9-ca5ed8be341c,"""음료가 맛있어요""",,,,
e0b28876-9907-59b4-85a9-ca5ed8be341c,이 키워드를 선택한 인원,,,121,121
e0b28876-9907-59b4-85a9-ca5ed8be341c,"""친절해요""",,,,
e0b28876-9907-59b4-85a9-ca5ed8be341c,이 키워드를 선택한 인원,,,89,89
e0b28876-9907-59b4-85a9-ca5ed8be341c,"""특별한 메뉴가 있어요""",,,,
e0b28876-9907-59b4-85a9-ca5ed8be341c,이 키워드를 선택한 인원,,,34,34
e0b28876-9907-59b4-85a9-ca5ed8be341c,Y1809,,,,
e0b28876-9907-59b4-85a9-ca5ed8be341c,25.10.221번째 방문결제내역,,,,
e0b28876-9907-59b4-85a9-ca5ed8be341c,오~~진심 커피 완전 맛있어요,,,,
e0b28876-9907-59b4-85a9-ca5ed8be341c,커피가 맛있어요+4,,,,
e0b28876-9907-59b4-85a9-ca5ed8be341c,개의 리뷰가 더 있습니다,,,,
e0b28876-9907-59b4-85a9-ca5ed8be341c,펼쳐보기,,,,
e0b28876-9907-59b4-85a9-ca5ed8be341c,hop****,,,,
e0b28876-9907-59b4-85a9-ca5ed8be341c,25.6.202번째 방문결제내역,,"회사 앞 점심 후 자주 찾는 개인 카페! 아이스 아메리카노는 깔끔한 맛으로 피로 풀기에 딱, 가격도 3,000원 안팎으로 가성비 좋음. 수제 레몬에이드는 상큼하고 달달해서 디저트 대용으로 최고! 인테리어는 아늑한 나무 톤에 조명 따뜻, 직원들 친절해서 기분 좋게 커피 마심. 테이크아웃 빠르고,회사 근처라 자주 가는 단골 맛집 카페! 강추",,
e0b28876-9907-59b4-85a9-ca5ed8be341c,커피가 맛있어요+2,,,,
e0b28876-9907-59b4-85a9-ca5ed8be341c,개의 리뷰가 더 있습니다,,,,
e0b28876-9907-59b4-85a9-ca5ed8be341c,펼쳐보기,,,,
e0b28876-9907-59b4-85a9-ca5ed8be341c,맘모수빵,,,,
e0b28876-9907-59b4-85a9-ca5ed8be341c,25.2.141번째 방문결제내역,,,,
e0b28876-9907-59b4-85a9-ca5ed8be341c,패쓰오더 언제부터 사용할 수 있나요?,,,,
e0b28876-9907-59b4-85a9-ca5ed8be341c,커피가 맛있어요+1,,,,
e0b28876-9907-59b4-85a9-ca5ed8be341c,개의 리뷰가 더 있습니다,,,,
e0b28876-9907-59b4-85a9-ca5ed8be341c,펼쳐보기,,,,
e0b28876-9907-59b4-85a9-ca5ed8be341c,방문자 리뷰,,,,
e0b28876-9907-59b4-85a9-ca5ed8be341c,더보기,,,,
e0b28876-9907-59b4-85a9-ca5ed8be341c,블로그 리뷰5,,,,
e0b28876-9907-59b4-85a9-ca5ed8be341c,HungryAlice,,,,
e0b28876-9907-59b4-85a9-ca5ed8be341c,HungryAlice's Merry Go Round,,"커피만 마시다 보면 다른것도 마시고 싶고 그렇차나요? 그래서 가봤어요! #글라세라떼 입니다. 글라세라떼 외관 이때쯤 사무실에 임신하신 댈님이 계셔서 커피말고 딴거 마셔야 겠다고 생각했는데 여기 생과일 주스 판다고 해서 와 봤는데 메뉴 종류가 많아요! 글라세라떼 입간판 #티어클락 이라고 아마드 티랑 매장에서 제조한 과일청에 과일농축액 세가지 종류를 블렌딩 해서 블랜딩 티를 팔고 있더라구요! 글라세라떼 티어클락 메뉴 급!!! 이걸로!! 뭐 먹을까 하다가! #로마의휴일 로 ㅋㅋ 생과일 먹겠다고 같이 가신 분도 급! #비포선셋 으로! 메뉴는 다시 쭉~ 찍어 보았네요 글라세라떼 메뉴 큰컵에 주시고 음 일단 따듯한 물에 아마드티 우려 내시고 진열장에 있는 과일청병 하나 꺼내서 다 넣으시고 과일 농축액 넣는 건 못봤지만 넣으셧겠죠! 글라세라떼 과일청 맛있어요! 가격이 ㅋㅋ 조금 나가서 그렇지 커피 안드시는 분들께 강추 하고 싶어요! 너무 맛있게 잘 마셧네요 글라세라떼 로마의휴일, 비포썬셋 그래서 두번째도 사먹어 보았죠! 두번째는 #뉴욕택시 마셨는데 요것도 너무 맛있고 제 취향이었네요 글라세라떼 뉴욕택시 양도 많고! 진짜 아마드티 하나 넣어주고 청들도 딱 맛있고 ! 외관이 ㅋㅋ 슬쩍 ㅋㅋㅋ 별로지만 ㅎㅎㅎ 티어클락! 맛있어요! 특별한 마실꺼 찾으시는 분들 께 추천이에요! 아! 커피는 기본 맛입니다. 근데! 테이블 없고 다 테이크 아웃 입니다! #내돈내산 #생과일쥬스 #광화문커피숍 #광화문과일쥬스 #광화문tea",,
e0b28876-9907-59b4-85a9-ca5ed8be341c,22.10.3.월,,,,
e0b28876-9907-59b4-85a9-ca5ed8be341c,2022년 10월 3일 월요일,,,,
e0b28876-9907-59b4-85a9-ca5ed8be341c,이미지 수,,,13,13
e0b28876-9907-59b4-85a9-ca5ed8be341c,워커인서울,,,,
e0b28876-9907-59b4-85a9-ca5ed8be341c,WALKER & WORKER in seoul,,"이번에 소개할 맛집 Keyword! 카페 이름 : 글라세라떼 카페 주소 : 서울 종로구 새문안로 46 1층 달달하고 양 많은 음료 원할 때 빠르고 간단하게 음료 테이크아웃하고 싶을 때 글라세라떼 별점은요, ★★★★★(5/5) 머근거 티어클락 5,000원 x 3개 ♀️ 장점 일반적인 음료 뿐만 아니라, 독특한 블렌딩티가 있음 친절함 ♀️ 단점 테이크아웃 전문이라 앉아서 먹을 곳은 없음 기타 제로페이 O 위치 글라세라떼 설명 들어갑니다- 글라세라떼는 서대문역과 광화문역 사이에 있당 어느날 회의가 많았고, 그 회의실은 무척 더웠고, 회의가 끝나고 달달구리한 음료를 뭘 먹을까 생각하다가, 수제 과일청으로 만들어서 몸에도 해롭지 않을 것 같은... 그런 곳을 찾아갔다 :) 테이크아웃 전문점이고, 근처 직장인들에게 힘이 되어주는 친절하고 맛있는 카페로 유명하다 주문은 키오스크로 하면 되고, 제로페이/서울페이 쓸 사람들은 사장님께 말씀드려 따로 결제하면 된당! 이 카페는 일반적인 음료도 많음 아이스아메리카노가 1,800원! 그런데, 이곳의 트레이드마크는 바로 티어클락! 아마드 티백 + 수제 과일청 + 과일농축액 총 3가지를 블랜딩한 음료이고, 총 9가지 종류가 있다. 이름도 참 매력적인데, 모스크바 붉은 광장, 뉴욕 택시, 땡큐베리마치, 런던의 아침, 로마의 휴일, 미드나잇 인 파리, 미스사이공, 비포선셋, 서울의 달 모두 과일청의 종류나 색깔로 표현해놓은 이름이라 참 독특! 카페에는 이렇게 수제청, 과일, 농축액 등이 진열되어 있고, 이렇게 직접 보여주시니 더욱 믿음이 가는 카페❣️ 내가 참 애용하는 제로페이와 서울페이~ 회사 주위 종로구나 중구 상품권을 사서 열심히 쓰고 있당 ㅎ_ㅎ 오늘 주문한 티, 왼쪽부터 순서대로 2, 8, 9번. 2번 뉴욕택시는 캐모마일 레몬그라스 + 애플망고 + 레몬청, 8번 비포선셋은 믹스드 시트러스 + 레몬 + 유자청, 9번 서울의달은 얼그레이 + 레몬 + 생강청이다 세가지 모두 흠잡을 곳 없었고, 양도 많아서 여름에 달달할 음료 땡길 때, 스르테스 받아서 달달한 음료 땡길 떼, 하나씩 사들고 쭈욱 빨아먹는 것 추천!♀️ 오늘의 직장인 음료 끗!!!",,
e0b28876-9907-59b4-85a9-ca5ed8be341c,23.3.19.일,,,,
e0b28876-9907-59b4-85a9-ca5ed8be341c,2023년 3월 19일 일요일,,,,
e0b28876-9907-59b4-85a9-ca5ed8be341c,이미지 수,,,6,6
e0b28876-9907-59b4-85a9-ca5ed8be341c,등자,,,,
e0b28876-9907-59b4-85a9-ca5ed8be341c,천리길도 한걸음부터,,,,
e0b28876-9907-59b4-85a9-ca5ed8be341c,광화문 생과일주스맛집 자두주스 있는 글라세라떼,,글라세라떼 서울 종로구 새문안로 46 신문로교회 1층 #정동사거리카페 정동사거리 근처에 위치한 #광화문카페 #글라세라떼 사실 옆에 스타벅스도 있는지라 그냥 지나치기만 해왔었는데 과일주스가 너무 먹고싶어서 들어가보게 되었다 1평 구조의 카페라 저렴할거라는 기대감도 있었음 과일들이 밖에도 있고 컵에 과일 들어가있는게 가득가득 들어가있다 보통 다른 카페에서는 저정도 과일 들어가있으면 기본 6~7천원이지 과일주스 뿐 아니라 특별한 음료들도 있고 투데이 음료 해서 할인판매도 한다 할인하는 것중에 매일매일 골라마시는 것도 좋을 거 같다 매일매일 비타민 충전 제로페이도 가능하고 저렇게 과일이 박스째 있고 컵에도 가득하다 바로바로 생과일 갈아주심 칠성 젤리 에디션 뭔가 귀여워서 찍어봄 키오스크 결제다 모닝토마토도 팔아서 아침 출근길에 들리기도 좋은 #광화문아침 카페 몸이 아팠던 요즘 먹고싶은게 있으면 먹어줘야할 거 같다 임산부도 아닌데 살구쥬스가 땡김 ㅋㅋㅋ 집근처에는 없어서 찾아헤맸는데 글라세라떼에 팔아서 좋으다 ㅎㅎ #광화문생과일주스,,
e0b28876-9907-59b4-85a9-ca5ed8be341c,21.11.24.수,,,,
e0b28876-9907-59b4-85a9-ca5ed8be341c,2021년 11월 24일 수요일,,,,
e0b28876-9907-59b4-85a9-ca5ed8be341c,이미지 수,,,8,8
e0b28876-9907-59b4-85a9-ca5ed8be341c,블로그 리뷰,,,,
e0b28876-9907-59b4-85a9-ca5ed8be341c,더보기,,,,
e0b28876-9907-59b4-85a9-ca5ed8be341c,로딩중,,,,
e0b28876-9907-59b4-85a9-ca5ed8be341c,알고 계신 정보와 다른 정보가 있나요?,,,,
e0b28876-9907-59b4-85a9-ca5ed8be341c,사진으로 간단하게 제보해 주세요.,,,,
e0b28876-9907-59b4-85a9-ca5ed8be341c,정보 수정 제안하기,,,,
e0b28876-9907-59b4-85a9-ca5ed8be341c,관련 링크2,,,,
e0b28876-9907-59b4-85a9-ca5ed8be341c,식신에서 보기,,,,
e0b28876-9907-59b4-85a9-ca5ed8be341c,다이닝코드에서 보기,,,,
ce15422b-a538-5da3-958e-e837a0d50e54,이전 페이지,,,,
ce15422b-a538-5da3-958e-e837a0d50e54,금농,,,,
ce15422b-a538-5da3-958e-e837a0d50e54,페이지 닫기,,,,
ce15422b-a538-5da3-958e-e837a0d50e54,거리뷰,,,,
ce15422b-a538-5da3-958e-e837a0d50e54,"금농육류가공,제조",,,,
ce15422b-a538-5da3-958e-e837a0d50e54,알림받기,,,,
ce15422b-a538-5da3-958e-e837a0d50e54,출발,,,,
ce15422b-a538-5da3-958e-e837a0d50e54,도착,,,,
ce15422b-a538-5da3-958e-e837a0d50e54,저장,,,,
ce15422b-a538-5da3-958e-e837a0d50e54,거리뷰,,,,
ce15422b-a538-5da3-958e-e837a0d50e54,공유,,,,
ce15422b-a538-5da3-958e-e837a0d50e54,홈,,,,
ce15422b-a538-5da3-958e-e837a0d50e54,리뷰,사진,,,
ce15422b-a538-5da3-958e-e837a0d50e54,주소,사진,,,
ce15422b-a538-5da3-958e-e837a0d50e54,경기 광명시 가학동 23,사진,,,
ce15422b-a538-5da3-958e-e837a0d50e54,영업시간,사진,,,
ce15422b-a538-5da3-958e-e837a0d50e54,영업 중,사진,,,
ce15422b-a538-5da3-958e-e837a0d50e54,18:00에 영업 종료,사진,,,
ce15422b-a538-5da3-958e-e837a0d50e54,18시 0분에 영업 종료,사진,,,
ce15422b-a538-5da3-958e-e837a0d50e54,펼쳐보기,사진,,,
ce15422b-a538-5da3-958e-e837a0d50e54,전화번호,사진,,,
ce15422b-a538-5da3-958e-e837a0d50e54,전화번호 보기,사진,,,
ce15422b-a538-5da3-958e-e837a0d50e54,안내,사진,,,
ce15422b-a538-5da3-958e-e837a0d50e54,방문자 리뷰,사진,,,
ce15422b-a538-5da3-958e-e837a0d50e54,방문 키워드 통계 그래프 예시입니다.,사진,,,
ce15422b-a538-5da3-958e-e837a0d50e54,현재 0명 참여,사진,,,
ce15422b-a538-5da3-958e-e837a0d50e54,10명 이상 참여하면,사진,,,
ce15422b-a538-5da3-958e-e837a0d50e54,방문 키워드 통계가 공개됩니다!,사진,,,
ce15422b-a538-5da3-958e-e837a0d50e54,아직 등록된 리뷰가 없습니다.,사진,,,
ce15422b-a538-5da3-958e-e837a0d50e54,첫 리뷰를 작성해보세요!,사진,,,
ce15422b-a538-5da3-958e-e837a0d50e54,알고 계신 정보와 다른 정보가 있나요?,사진,,,
ce15422b-a538-5da3-958e-e837a0d50e54,사진으로 간단하게 제보해 주세요.,사진,,,
ce15422b-a538-5da3-958e-e837a0d50e54,정보 수정 제안하기,사진,,,
a356d507-9948-5403-a44a-badc1b77e265,말차라테,,,7500,"7,500원"
a356d507-9948-5403-a44a-badc1b77e265,와플&아이스크림,,,12000,"12,000원"
df4d3a3a-1e74-5808-ae54-1dfd8d8f7868,샐러드,,,12000,"12,000원"
df4d3a3a-1e74-5808-ae54-1dfd8d8f7868,커피,,,4000,"4,000원"
df4d3a3a-1e74-5808-ae54-1dfd8d8f7868,"치즈, 포테이토",,,12000,"12,000원"
7dd6213d-256e-5cac-9240-8f08529b640d,아메리카노,,,4500,"4,500원"
7dd6213d-256e-5cac-9240-8f08529b640d,라떼,,,5000,"5,000원"
7dd6213d-256e-5cac-9240-8f08529b640d,brewed coffee,,,6500,"6,500원"
e412db9f-d5de-5a32-80ed-f2efed66df0d,플레이스,,,,
e412db9f-d5de-5a32-80ed-f2efed66df0d,서비스 이용이 제한되었습니다.,,,,
e412db9f-d5de-5a32-80ed-f2efed66df0d,과도한 접근 요청으로 서비스 이용이 제한되었습니다.,,,,
e412db9f-d5de-5a32-80ed-f2efed66df0d,잠시 후 다시 시도해주세요.,,IP: 211.192.210.178(09/Mar/2026:14:36:00 +0900),,
e412db9f-d5de-5a32-80ed-f2efed66df0d,이전화면,,,,
e412db9f-d5de-5a32-80ed-f2efed66df0d,새로고침,,,,
51a4a05b-b604-50a3-9c8a-b78c1af94f7d,온종일(음료미포함),,,20000,"20,000원"
51a4a05b-b604-50a3-9c8a-b78c1af94f7d,기본1시간,,,3600,"3,600원"
51a4a05b-b604-50a3-9c8a-b78c1af94f7d,1시간 +음료,,,6500,"6,500원"
51a4a05b-b604-50a3-9c8a-b78c1af94f7d,2시간+음료,,,9500,"9,500원"
51a4a05b-b604-50a3-9c8a-b78c1af94f7d,3시간+음료,,,12000,"12,000원"
51a4a05b-b604-50a3-9c8a-b78c1af94f7d,5시간+음료,,,19000,"19,000원"
3cf4bbc8-9da6-54a9-8683-5cc5cae2f1ad,이전 페이지,,,,
3cf4bbc8-9da6-54a9-8683-5cc5cae2f1ad,다인스카페,,,,
3cf4bbc8-9da6-54a9-8683-5cc5cae2f1ad,페이지 닫기,,,,
3cf4bbc8-9da6-54a9-8683-5cc5cae2f1ad,"다인스카페카페,디저트",,,,
3cf4bbc8-9da6-54a9-8683-5cc5cae2f1ad,방문자 리뷰 175블로그 리뷰 6,,,,
3cf4bbc8-9da6-54a9-8683-5cc5cae2f1ad,출발,,,,
3cf4bbc8-9da6-54a9-8683-5cc5cae2f1ad,도착,,,,
3cf4bbc8-9da6-54a9-8683-5cc5cae2f1ad,저장,,,,
3cf4bbc8-9da6-54a9-8683-5cc5cae2f1ad,거리뷰,,,,
3cf4bbc8-9da6-54a9-8683-5cc5cae2f1ad,공유,,,,
3cf4bbc8-9da6-54a9-8683-5cc5cae2f1ad,홈,,,,
3cf4bbc8-9da6-54a9-8683-5cc5cae2f1ad,리뷰,사진,,,
3cf4bbc8-9da6-54a9-8683-5cc5cae2f1ad,정보,사진,,,
3cf4bbc8-9da6-54a9-8683-5cc5cae2f1ad,주소,사진,,,
3cf4bbc8-9da6-54a9-8683-5cc5cae2f1ad,서울 종로구 율곡로 190,사진,,,
3cf4bbc8-9da6-54a9-8683-5cc5cae2f1ad,1종로5가역 3번 출구에서 742m,사진,,,
3cf4bbc8-9da6-54a9-8683-5cc5cae2f1ad,미터,사진,,,
3cf4bbc8-9da6-54a9-8683-5cc5cae2f1ad,영업시간 정보 수정,사진,,,
3cf4bbc8-9da6-54a9-8683-5cc5cae2f1ad,영업시간 수정 제안하기,사진,,,
3cf4bbc8-9da6-54a9-8683-5cc5cae2f1ad,추가,사진,,,
3cf4bbc8-9da6-54a9-8683-5cc5cae2f1ad,"사장님, 플레이스를",사진,,,
3cf4bbc8-9da6-54a9-8683-5cc5cae2f1ad,무료로 직접 관리하세요!,사진,,,
3cf4bbc8-9da6-54a9-8683-5cc5cae2f1ad,권한 받기,사진,,,
3cf4bbc8-9da6-54a9-8683-5cc5cae2f1ad,방문자 사진·영상,사진,,,
3cf4bbc8-9da6-54a9-8683-5cc5cae2f1ad,방문자 사진·영상,사진,,,
3cf4bbc8-9da6-54a9-8683-5cc5cae2f1ad,더보기,사진,,,
3cf4bbc8-9da6-54a9-8683-5cc5cae2f1ad,방문자 리뷰175,사진,,,
3cf4bbc8-9da6-54a9-8683-5cc5cae2f1ad,"""커피가 맛있어요""",사진,,,
3cf4bbc8-9da6-54a9-8683-5cc5cae2f1ad,이 키워드를 선택한 인원,사진,,66,66
3cf4bbc8-9da6-54a9-8683-5cc5cae2f1ad,"""음료가 맛있어요""",,,,
3cf4bbc8-9da6-54a9-8683-5cc5cae2f1ad,이 키워드를 선택한 인원,,,25,25
3cf4bbc8-9da6-54a9-8683-5cc5cae2f1ad,"""친절해요""",,,,
3cf4bbc8-9da6-54a9-8683-5cc5cae2f1ad,이 키워드를 선택한 인원,,,25,25
3cf4bbc8-9da6-54a9-8683-5cc5cae2f1ad,"""디저트가 맛있어요""",,,,
3cf4bbc8-9da6-54a9-8683-5cc5cae2f1ad,이 키워드를 선택한 인원,,,18,18
3cf4bbc8-9da6-54a9-8683-5cc5cae2f1ad,"""가성비가 좋아요""",,,,
3cf4bbc8-9da6-54a9-8683-5cc5cae2f1ad,이 키워드를 선택한 인원,,,16,16
3cf4bbc8-9da6-54a9-8683-5cc5cae2f1ad,BIove,,,,
3cf4bbc8-9da6-54a9-8683-5cc5cae2f1ad,1.141번째 방문영수증,,,,
3cf4bbc8-9da6-54a9-8683-5cc5cae2f1ad,.,,,,
3cf4bbc8-9da6-54a9-8683-5cc5cae2f1ad,LOVECHO가자,,,,
3cf4bbc8-9da6-54a9-8683-5cc5cae2f1ad,25.8.64번째 방문영수증,,,,
3cf4bbc8-9da6-54a9-8683-5cc5cae2f1ad,굿,,,,
3cf4bbc8-9da6-54a9-8683-5cc5cae2f1ad,음료가 맛있어요,,,,
3cf4bbc8-9da6-54a9-8683-5cc5cae2f1ad,LOVECHO가자,,,,
3cf4bbc8-9da6-54a9-8683-5cc5cae2f1ad,25.8.53번째 방문영수증,,,,
3cf4bbc8-9da6-54a9-8683-5cc5cae2f1ad,굿,,,,
3cf4bbc8-9da6-54a9-8683-5cc5cae2f1ad,커피가 맛있어요,,,,
3cf4bbc8-9da6-54a9-8683-5cc5cae2f1ad,방문자 리뷰,,,,
3cf4bbc8-9da6-54a9-8683-5cc5cae2f1ad,더보기,,,,
3cf4bbc8-9da6-54a9-8683-5cc5cae2f1ad,블로그 리뷰6,,,,
3cf4bbc8-9da6-54a9-8683-5cc5cae2f1ad,베러의페달,,,,
3cf4bbc8-9da6-54a9-8683-5cc5cae2f1ad,인프제 중년의 조용한 일상 -,,,,
3cf4bbc8-9da6-54a9-8683-5cc5cae2f1ad,D+6_장례지도사 교육 스따뜨!,,새벽 4시에 일어나는 건 좀 마니 힘들지만 지옥철을 피해서 느긋하게 수업 1시간 전에 도착해 1층 카페에서 따뜻한 라떼를 한모금 마시면 기분이 아주 뿌듯하다. 심지어 오늘은 지하철역 에서부터 2킬로 가량을 느린 조깅을 하며 왔다. 영하로 내려간 날씨에 버스를 타도 됐지만 피곤하고 시간 없다고 운동 안하는 내 자신을 반성하는 의미로다가. 그래서 더욱 뿌듯함 오늘도 귀여운 동기들과 즐거운 하루 보냅세다!,,
3cf4bbc8-9da6-54a9-8683-5cc5cae2f1ad,1.20.화,,,,
3cf4bbc8-9da6-54a9-8683-5cc5cae2f1ad,2026년 1월 20일 화요일,,,,
3cf4bbc8-9da6-54a9-8683-5cc5cae2f1ad,율,,,,
3cf4bbc8-9da6-54a9-8683-5cc5cae2f1ad,율's Story,,"아침 출근길 너무너무 피곤하시죠? 아침에 준비해서 나오기도 바쁘고 벅찬데 아침밥까지 어떻게 먹냐고 하시는 분들도 많으실거에요 저는 부모님과 같이 살기 때문에 왠만하면 아침을 간단하게라도 챙겨먹으려고 하는 편인데요! 그럼에도 늦잠을 잤거나 몸이 너무 힘들거나 하는 경우에는 챙겨가지도 못하고 그냥 뛰어나가는 경우가 허다합니다 그럴 때는 빈 속에 커피를 때려 붓기도 버거워진 30..대 이기에 계란이나 브레드 같은 것을 사가서 떼우거든요 이번에 소개해드릴 곳도 아침대용으로 먹기 괜찮은 저렴한 카페에요 follow follow me!! 위치 서울시 종로구 율곡로 190 (종로5가역 3번출구에서 763m) 운영시간 알수없음 Tel 없음 (X) 결제방식 카카오페이, 제로페이 가능 주차여부 여전도회관 건물 안에 있어서 밖에 있는 주차장을 이용하면 될 것 같아요 외관 외관은 건물 내에 있는거라 반통유리?로 심플하면서도 깔끔하게 되어있었어요 DAINS인데 NS가 지워졌네요ㅋㅋ 누가 뜯었나? 스티커 같은데 저게 뜯어진거면 일부러 뜯은 것 아닐까요? 이런걸로 또 상상의 나래를 펼치는 mbti N성향...ㅎㅎ 전 원래도 혼자 있으면 여러가지 생각이 많아지는데 요즘은 더 오만가지 생각들이 드는 것 같아요ㅎㅎ 다시 본론으로 돌아와서! 입구에는 마스크 착용 후 입장가능 하다는 문구가 적힌 안내문이 부착되어 있구요 바로 옆에는 DAINS 카페의 저렴 아메리카노를 홍보하는...?게 있었어요 홍보할 때 세워두는 저거를 지칭하는 용어가 있는데 갑자기 생각이 안나네요ㅠ 그래서 포스팅하다가 급 홍보마케팅하는 친구에게 물어봤습니다 곧 답이 오겠죠ㅎㅎ 알게되면 추가해서 적어둘게요!! ++++추가 엑스배너나 POP라네용! 고마워 친구야 내부 저는 좋았던게 위처럼 tea에 대해 설명해주는 설명글이 카운터에 있어서 차에 관심은 많지만 잘 모르는 저에게 아주 도움이 되었어요 구석에 있어서 잘 안보였다는건 안비밀 카카오페이와 제로페이도 가능하네요! 근데 전 삼성페이...ㅎㅎ 청귤차는 따뜻하게 해서 추운 겨울에 마시면 상큼하니 맛있을 것 같아요 더 추워지면 후기를 남겨보겠습니당 음료&브레드&디저트 포스팅 하기 전 찾아보니 DAINS카페는 디저트맛집, 빵맛집이라는 후기들을 증말 많이 봤는데요 왠지 쿠키들이 더 맛나보이는건 기분탓일까요.. 담에 아메리카노에 화이트초코 마카다미아 쿠키를 먹어봐야겠어요 샌드위치 반개도 파는데 왠지 저는 아침에 반개로는 배고플 것 같은 느낌쓰......",,
3cf4bbc8-9da6-54a9-8683-5cc5cae2f1ad,22.10.29.토,,,,
3cf4bbc8-9da6-54a9-8683-5cc5cae2f1ad,2022년 10월 29일 토요일,,,,
3cf4bbc8-9da6-54a9-8683-5cc5cae2f1ad,이미지 수,,,37,37
3cf4bbc8-9da6-54a9-8683-5cc5cae2f1ad,끄적끄적 365,,,,
3cf4bbc8-9da6-54a9-8683-5cc5cae2f1ad,끄적끄적 365,,,,
3cf4bbc8-9da6-54a9-8683-5cc5cae2f1ad,(재방문) 변함없는 다인스카페,,역시 교육원에서 가까운 곳 가까운 카페가 가장 좋치요~ 요건 햄치즈센드위치에용~ 아침 식사를 안했으면 간단하게 먹기 딱 좋아용~❗️ (저는 아침에 먹었답니다.) 오후에 배가 허해서 다시 방문 이것은 카야잼 토스트입니다. 빵 사이에 있는 쨈이 특이했어요. (제 입맛엔 안맞았어요.) 치즈 맛이 살짝 나던데. 저는 치즈를 아쉽게도 싫어한답니다.ㅠㅠ 더 자세한 메뉴와 후기는 아래 링크에서 확인해주세요~❤️ 링크로 들어가시면 자세한 위치와 메뉴가 있습니다.~ ⭐️내돈내산찐후기⭐️ 본인의 경험과 바탕으로 블로그 글을 작성하였음을 확인합니다. #재방문 #다인스카페 #다인스카페재방문 #카야잼 #카야잼토스트 #토스트 #햄치즈토스트 #햄치즈 #야채 #한정판매 #한정수량 #한정 #신선함 #맛있음 #커피와 #커피와토스트 #커피 #아이스아메리카노 #간식 #아침 #점심 #간단한식사 #가벼운식사 #사이드메뉴 #토스트맛집 #한정판매토스트 #디져트맛집 #디져트 #1층카페 #1층 #종로다인스카페 #다인스카페디져츠후기 #찐후기 #내돈내산 #블로그끄적이 #끄적끄적 #끄적이 #네이버블로그 #맛집후기 #맛집재방문후기 #재방문찐후기 #인생을끄적끄적 #인생공유,,
3cf4bbc8-9da6-54a9-8683-5cc5cae2f1ad,22.7.18.월,,,,
3cf4bbc8-9da6-54a9-8683-5cc5cae2f1ad,2022년 7월 18일 월요일,,,,
3cf4bbc8-9da6-54a9-8683-5cc5cae2f1ad,이미지 수,,,3,3
3cf4bbc8-9da6-54a9-8683-5cc5cae2f1ad,블로그 리뷰,,,,
3cf4bbc8-9da6-54a9-8683-5cc5cae2f1ad,더보기,,,,
3cf4bbc8-9da6-54a9-8683-5cc5cae2f1ad,로딩중,,,,
3cf4bbc8-9da6-54a9-8683-5cc5cae2f1ad,알고 계신 정보와 다른 정보가 있나요?,,,,
3cf4bbc8-9da6-54a9-8683-5cc5cae2f1ad,사진으로 간단하게 제보해 주세요.,,,,
3cf4bbc8-9da6-54a9-8683-5cc5cae2f1ad,정보 수정 제안하기,,,,
3cf4bbc8-9da6-54a9-8683-5cc5cae2f1ad,관련 링크2,,,,
3cf4bbc8-9da6-54a9-8683-5cc5cae2f1ad,다이닝코드에서 보기,,,,
3cf4bbc8-9da6-54a9-8683-5cc5cae2f1ad,식신에서 보기,,,,
ff4070e6-2c88-52f4-8106-a9f36343eb53,[패스오더전용] 100원 아메리카노,대표,"패스오더 앱 설치하면, 최소 주문 금액 없이 100원에 커피 주문+1,500원 쿠폰까지",100,100원
ff4070e6-2c88-52f4-8106-a9f36343eb53,아메리카노,대표,,,
ff4070e6-2c88-52f4-8106-a9f36343eb53,크레마가 풍부한 아메리카노,대표,,1800,"1,800원"
ff4070e6-2c88-52f4-8106-a9f36343eb53,아주홍시 ML,,,,
ff4070e6-2c88-52f4-8106-a9f36343eb53,L 5300,,,4300,"4,300원"
ff4070e6-2c88-52f4-8106-a9f36343eb53,아주베리 ML,,,,
ff4070e6-2c88-52f4-8106-a9f36343eb53,L 5300,,,4300,"4,300원"
ff4070e6-2c88-52f4-8106-a9f36343eb53,아주카도 ML,,,,
ff4070e6-2c88-52f4-8106-a9f36343eb53,L 5500,,,4500,"4,500원"
14e66822-dfa1-5a7f-aa2e-1641513934e3,사워도우 샌드위치,대표,천연발효종(르방)으로 발효한 사워도우 빵 슬랩으로 만든 건강한 샌드위치 입니다 :),,
14e66822-dfa1-5a7f-aa2e-1641513934e3,변동,대표,,,
14e66822-dfa1-5a7f-aa2e-1641513934e3,사워도우 토스트,대표,천연발효종으로 발효해서 구운 깜빠뉴 토스트 입니다. 원하시는 스프레드 선택 가능,4500,"4,500원"
14e66822-dfa1-5a7f-aa2e-1641513934e3,매달 달라지는 드립커피,대표,,,
14e66822-dfa1-5a7f-aa2e-1641513934e3,매달 달라지는 드립커피를 소개합니다.,대표,,,
14e66822-dfa1-5a7f-aa2e-1641513934e3,변동,대표,,,
14e66822-dfa1-5a7f-aa2e-1641513934e3,바닐라빈 라떼,대표,수제 바닐라빈 연유가 들어가 고급스러운 단맛과 부드러움이 조화로운 커피입니다.,4500,"4,500원"
14e66822-dfa1-5a7f-aa2e-1641513934e3,[패스오더전용] 100원 아메리카노,대표,"패스오더 앱 설치하면, 최소 주문 금액 없이 100원에 커피 주문+1,500원 쿠폰까지",100,100원
14e66822-dfa1-5a7f-aa2e-1641513934e3,훈제연어 샌드위치,,직접구운 사워도우 슬랩 / 훈제연어 / 치즈 / 타프나드 / 샐러드 /아보카도,7500,"7,500원"
14e66822-dfa1-5a7f-aa2e-1641513934e3,바베큐 치킨 샌드위치,,직접 구운 사워도우 슬랩 / 수비드 치킨 / 바베큐소스 / 샐러드 / 리코타 / 할라피뇨,7200,"7,200원"
14e66822-dfa1-5a7f-aa2e-1641513934e3,리코타 햄 샌드위치,,직접 구운 사워도우 슬랩 / 리코타 / 햄 / 샐러드 / 바질페스토 /,6500,"6,500원"
14e66822-dfa1-5a7f-aa2e-1641513934e3,콜드 토마토 스프,,차갑게 숙성한 토마토 스프와 사워도우 토스트 1장이 제공됩니다.,4500,"4,500원"
14e66822-dfa1-5a7f-aa2e-1641513934e3,카페 모카,,반호튼과 기라델리 초코릿들이 들어간 수제 초코소스가 들어간 달콤한 커피입니다.,4500,"4,500원"
14e66822-dfa1-5a7f-aa2e-1641513934e3,카라멜 라떼,,,,
14e66822-dfa1-5a7f-aa2e-1641513934e3,수제 카라멜 소스가 들어가 달달한 커피입니다.,,,4500,"4,500원"
14e66822-dfa1-5a7f-aa2e-1641513934e3,카페 라떼,,라떼는 추출을 진하게 하여 우유의 고소함과 진한맛을 잘 살려서 만듭니다.,4000,"4,000원"
14e66822-dfa1-5a7f-aa2e-1641513934e3,아메리카노,,,,
14e66822-dfa1-5a7f-aa2e-1641513934e3,초코 플라워 디카페인 원두선택 가능,,,3500,"3,500원"
b9817a60-454c-5627-a13f-f7d81f2b5c18,포장,,,,
b9817a60-454c-5627-a13f-f7d81f2b5c18,배달,,,,
b9817a60-454c-5627-a13f-f7d81f2b5c18,대표메뉴,대표,,,
b9817a60-454c-5627-a13f-f7d81f2b5c18,(핫)더쌍화차,대표,"전통 쌍화차의 쓴맛과 약재향을 줄이고 대추, 생강, 계피의 밸런스를 감미롭게 조합한 데일리 티",4000,"4,000원"
b9817a60-454c-5627-a13f-f7d81f2b5c18,(핫)더쌍화라떼,대표,"진한 쌍화와 부드러운 우유가 어우러진, 대추의 달콤함과 생강 계피의 향이 돋보이는 라떼",4300,"4,300원"
b9817a60-454c-5627-a13f-f7d81f2b5c18,(핫)오미자석류티,대표,"오미자의 떫은맛은 줄이고 석류의 산뜻함을 더한, 맑고 가볍게 즐기는 블렌딩 티",4000,"4,000원"
b9817a60-454c-5627-a13f-f7d81f2b5c18,(핫)꿀배생강티,대표,배숙의 부드러운 단맛에 꿀과 생강의 은은한 향을 부담 없이 즐기는 건강 블렌딩 티,4000,"4,000원"
b9817a60-454c-5627-a13f-f7d81f2b5c18,신메뉴,,,,
b9817a60-454c-5627-a13f-f7d81f2b5c18,두바이 콜드브루 아인슈페너,,피스타치오 콜드브루라떼에 고소한 피스타치오크림을 올린 아인슈페너,5200,"5,200원"
b9817a60-454c-5627-a13f-f7d81f2b5c18,두바이 초콜릿 쉐이크,,피스타치오와 초콜릿을 블렌딩해 바삭한 카다이프를 올린 디저트 쉐이크,5500,"5,500원"
b9817a60-454c-5627-a13f-f7d81f2b5c18,두바이 초콜릿 요거트 아이스크림,,요거트아이스크림을 베이스로 두바이 초콜릿 토핑과 믹스베리를 레이어드한 디저트 아이스크림,7500,"7,500원"
b9817a60-454c-5627-a13f-f7d81f2b5c18,두바이 초콜릿 소금빵,,소금빵에 피스타치오 스프레드와 카다이프를 채우고 초코쉘을 가득 뿌린 두바이 스타일 베이커리,7500,"7,500원"
b9817a60-454c-5627-a13f-f7d81f2b5c18,딸기펄피치라떼,,달콤한 피치라떼에 딸기청과 딸기향 타피오카펄을 토핑하여 다양한 식감을 느낄 수 있는 음료,4700,"4,700원"
b9817a60-454c-5627-a13f-f7d81f2b5c18,펼쳐서 더보기,,,,
b9817a60-454c-5627-a13f-f7d81f2b5c18,로컬 에디션,,,,
b9817a60-454c-5627-a13f-f7d81f2b5c18,(아이스)이천쌀 라떼,,"임금님표 이천쌀의 깊은 풍미에 현미쌀 토핑을 더해, 담백함과 고소함이 매력적인 이천쌀 라떼",3300,"3,300원"
b9817a60-454c-5627-a13f-f7d81f2b5c18,(핫)이천쌀 라떼,,"임금님표 이천쌀의 깊은 풍미에 현미쌀 토핑을 더해, 담백함과 고소함이 매력적인 이천쌀 라떼",3300,"3,300원"
b9817a60-454c-5627-a13f-f7d81f2b5c18,(아이스)이천쌀 흑임자폼 라떼,,"임금님표 이천쌀에 흑임자를 더해 고소함을 극대화하고, 진한 풍미와 부드러운 맛이 조화로운 이천쌀 흑임자폼 라떼",3800,"3,800원"
b9817a60-454c-5627-a13f-f7d81f2b5c18,(핫)이천쌀 흑임자폼 라떼,,"임금님표 이천쌀에 흑임자를 더해 고소함을 극대화하고, 진한 풍미와 부드러운 맛이 조화로운 이천쌀 흑임자폼 라떼",3800,"3,800원"
b9817a60-454c-5627-a13f-f7d81f2b5c18,(아이스)율무오트라떼,,고소한 연천율무에 담백한 귀리음료를 더해 더욱 부드럽게 즐기는 율무 오트라떼,4400,"4,400원"
b9817a60-454c-5627-a13f-f7d81f2b5c18,펼쳐서 더보기,,,,
b9817a60-454c-5627-a13f-f7d81f2b5c18,커피,,,,
b9817a60-454c-5627-a13f-f7d81f2b5c18,(아이스)아메리카노,,더벤티의 깊고 진한 커피풍미를 느낄 수 있는 아이스 아메리카노,2500,"2,500원"
b9817a60-454c-5627-a13f-f7d81f2b5c18,(핫)아메리카노,,더벤티의 깊고 진한 커피풍미를 느낄 수 있는 핫 아메리카노,2000,"2,000원"
b9817a60-454c-5627-a13f-f7d81f2b5c18,(아이스)카페라떼,,더벤티의 진한 에스프레소에 부드러운 우유가 어우러진 고소한 카페라떼,3500,"3,500원"
b9817a60-454c-5627-a13f-f7d81f2b5c18,(핫)카페라떼,,더벤티의 진한 에스프레소에 부드러운 우유가 어우러진 고소한 카페라떼,3500,"3,500원"
b9817a60-454c-5627-a13f-f7d81f2b5c18,(아이스)오트카페라떼,,리치한 풍미의 귀리음료에 다크로스트 원두의 풍미가 어우러지는 오트카페라떼,4300,"4,300원"
b9817a60-454c-5627-a13f-f7d81f2b5c18,펼쳐서 더보기,,,,
b9817a60-454c-5627-a13f-f7d81f2b5c18,디카페인,,,,
b9817a60-454c-5627-a13f-f7d81f2b5c18,디카페인 (아이스)아메리카노,,,,
b9817a60-454c-5627-a13f-f7d81f2b5c18,더벤티의 깊고 진한 커피풍미를 느낄 수 있는 아메리카노,,,3300,"3,300원"
b9817a60-454c-5627-a13f-f7d81f2b5c18,디카페인 (핫)아메리카노,,,,
b9817a60-454c-5627-a13f-f7d81f2b5c18,더벤티의 깊고 진한 커피풍미를 느낄 수 있는 아메리카노,,,2800,"2,800원"
b9817a60-454c-5627-a13f-f7d81f2b5c18,디카페인 (아이스)카페라떼,,더벤티의 진한 에스프레소에 부드러운 우유가 어우러진 고소한 카페라떼,4300,"4,300원"
b9817a60-454c-5627-a13f-f7d81f2b5c18,디카페인 (핫)카페라떼,,더벤티의 진한 에스프레소에 부드러운 우유가 어우러진 고소한 카페라떼,4300,"4,300원"
b9817a60-454c-5627-a13f-f7d81f2b5c18,디카페인 (아이스)오트카페라떼,,리치한 풍미의 귀리음료에 디카페인 원두의 풍미가 어우러지는 오트카페라떼,5100,"5,100원"
b9817a60-454c-5627-a13f-f7d81f2b5c18,펼쳐서 더보기,,,,
b9817a60-454c-5627-a13f-f7d81f2b5c18,저당 메뉴,,,,
b9817a60-454c-5627-a13f-f7d81f2b5c18,(아이스)저당 바닐라딥라떼,,더벤티의 진한 에스프레소에 고급스러운 바닐라 풍미가 부드럽게 어우러진 바닐라딥라떼(저당) (당알코올(에리스리톨) 함유 제품으로 과량 섭취 시 개인에 따라 복통 및 설사를 일으킬 수 있으니 민감하신 분은 주의해 주시기 바랍니다.,4000,"4,000원"
b9817a60-454c-5627-a13f-f7d81f2b5c18,(핫)저당 바닐라딥라떼,,더벤티의 진한 에스프레소에 고급스러운 바닐라 풍미가 부드럽게 어우러진 바닐라딥라떼(저당) (당알코올(에리스리톨) 함유 제품으로 과량 섭취 시 개인에 따라 복통 및 설사를 일으킬 수 있으니 민감하신 분은 주의해 주시기 바랍니다.,4000,"4,000원"
b9817a60-454c-5627-a13f-f7d81f2b5c18,(아이스)저당 바닐라딥오트카페라떼,,"진한 에스프레소와 고급스러운 바닐라 풍미, 리치한 귀리음료가 어우러진 부드럽고 깊은 맛의 바닐라오트카페라떼 (저당) (당알코올(에리스리톨) 함유 제품으로 과량 섭취 시 개인에 따라 복통 및 설사를 일으킬 수 있으니 민감하신 분은 주의해 주시기 바랍니다.",4800,"4,800원"
b9817a60-454c-5627-a13f-f7d81f2b5c18,(핫)저당 바닐라딥오트카페라떼,,"진한 에스프레소와 고급스러운 바닐라 풍미, 리치한 귀리음료가 어우러진 부드럽고 깊은 맛의 바닐라오트카페라떼 (저당) (당알코올(에리스리톨) 함유 제품으로 과량 섭취 시 개인에 따라 복통 및 설사를 일으킬 수 있으니 민감하신 분은 주의해 주시기 바랍니다.",4800,"4,800원"
b9817a60-454c-5627-a13f-f7d81f2b5c18,(아이스)저당 믹스커피,,원조 인스턴트 커피의 맛을 부드럽게 느낄 수 있는 더벤티의 믹스커피(저당) (당알코올(에리스리톨) 함유 제품으로 과량 섭취 시 개인에 따라 복통 및 설사를 일으킬 수 있으니 민감하신 분은 주의해 주시기 바랍니다.,3000,"3,000원"
b9817a60-454c-5627-a13f-f7d81f2b5c18,펼쳐서 더보기,,,,
b9817a60-454c-5627-a13f-f7d81f2b5c18,라떼&드링크&버블티,,,,
b9817a60-454c-5627-a13f-f7d81f2b5c18,(아이스)로얄밀크티,,최적의 비율로 블렌딩한 홍차와 우유가 만나 깊고 풍부한 맛과 향을 담은 밀크티,4000,"4,000원"
b9817a60-454c-5627-a13f-f7d81f2b5c18,(핫)로얄밀크티,,최적의 비율로 블렌딩한 홍차와 우유가 만나 깊고 풍부한 맛과 향을 담은 밀크티,4000,"4,000원"
b9817a60-454c-5627-a13f-f7d81f2b5c18,(아이스)초코라떼,,진하고 풍부한 초콜릿과 부드러운 우유가 어우러진 달콤한 초코라떼,4000,"4,000원"
b9817a60-454c-5627-a13f-f7d81f2b5c18,(핫)초코라떼,,진하고 풍부한 초콜릿과 부드러운 우유가 어우러진 달콤한 초코라떼,4000,"4,000원"
b9817a60-454c-5627-a13f-f7d81f2b5c18,(아이스)멜팅초코,,진한 초콜릿 크림이 크리미한 우유와 어우러져 달콤하고 부드럽게 즐기는 더벤티 시그니쳐 멜팅초코,4400,"4,400원"
b9817a60-454c-5627-a13f-f7d81f2b5c18,펼쳐서 더보기,,,,
b9817a60-454c-5627-a13f-f7d81f2b5c18,티,,,,
b9817a60-454c-5627-a13f-f7d81f2b5c18,복숭아아이스티,,진한 블랙퍼스트 홍차에 달콤한 복숭아가 어우러진 더벤티만의 특별한 복숭아아이스티,3500,"3,500원"
b9817a60-454c-5627-a13f-f7d81f2b5c18,(아이스)리치캐모마일,,캐모마일 레몬밤 등 풍성한 허브에 다양한 과일이 어우러진 블렌딩 티,3000,"3,000원"
b9817a60-454c-5627-a13f-f7d81f2b5c18,(핫)리치캐모마일,,캐모마일 레몬밤 등 풍성한 허브에 다양한 과일이 어우러진 블렌딩 티,3000,"3,000원"
b9817a60-454c-5627-a13f-f7d81f2b5c18,(아이스)청귤얼그레이,,두 가지 블랙 티에 다양한 시트러스 과일이 어우러진 산뜻한 블렌딩 티,3000,"3,000원"
b9817a60-454c-5627-a13f-f7d81f2b5c18,(핫)청귤얼그레이,,두 가지 블랙 티에 다양한 시트러스 과일이 어우러진 산뜻한 블렌딩 티,3000,"3,000원"
b9817a60-454c-5627-a13f-f7d81f2b5c18,펼쳐서 더보기,,,,
b9817a60-454c-5627-a13f-f7d81f2b5c18,에이드&주스,,,,
b9817a60-454c-5627-a13f-f7d81f2b5c18,애플과채주스,,"사과, 딸기, 비트, 레몬, 당근을 듬뿍 담아 새콤하고 건강하게 즐기는 과채주스",4800,"4,800원"
b9817a60-454c-5627-a13f-f7d81f2b5c18,오렌지과채주스,,"오렌지, 사과, 당근, 감귤을 듬뿍 담아 상큼하고 건강하게 즐기는 과채주스",4800,"4,800원"
b9817a60-454c-5627-a13f-f7d81f2b5c18,체리콕,,상큼한 체리시럽과 콜라가 만나 톡톡쏘는 청량감 가득한 체리콕,4400,"4,400원"
b9817a60-454c-5627-a13f-f7d81f2b5c18,크림소다,,소다맛에이드에 바닐라아이스크림을 올려 청량함과 부드러움을 동시에 즐길 수 있는 에이드 [배달시 아이스크림은 음료안에 넣어 제공됩니다],4400,"4,400원"
b9817a60-454c-5627-a13f-f7d81f2b5c18,메론소다,,메론맛에이드에 바닐라아이스크림을 올려 청량함과 부드러움을 동시에 즐길 수 있는 에이드 [배달시 아이스크림은 음료안에 넣어 제공됩니다],4400,"4,400원"
b9817a60-454c-5627-a13f-f7d81f2b5c18,펼쳐서 더보기,,,,
b9817a60-454c-5627-a13f-f7d81f2b5c18,아이스 블렌디드,,,,
b9817a60-454c-5627-a13f-f7d81f2b5c18,드래곤스무디 소다,,상큼한 트로피컬용과 스무디에 달콤한 소다맛을 더하고 팝핑캔디를 넣어 톡톡 터지는 식감을 구현한 드래곤 스무디,5000,"5,000원"
b9817a60-454c-5627-a13f-f7d81f2b5c18,드래곤스무디 요거트,,부드러운 요거트 스무디에 상큼한 트로피컬용과 맛을 더하고 믹스베리를 토핑한 드래곤 스무디,4800,"4,800원"
b9817a60-454c-5627-a13f-f7d81f2b5c18,초코쉐이크,,부드러운 밀크쉐이크와 진한 풍미의 초콜릿이 어우러져 더욱 풍성하게 즐길 수 있는 초코쉐이크,4400,"4,400원"
b9817a60-454c-5627-a13f-f7d81f2b5c18,밀크쉐이크,,부드러운 밀크와 얼음을 함께 블렌딩한 더벤티만의 스페셜한 밀크쉐이크,4400,"4,400원"
b9817a60-454c-5627-a13f-f7d81f2b5c18,에스프레소쉐이크,,부드러운 밀크쉐이크와 진한 에스프레소가 만나 더욱 풍성하게 즐길 수 있는 에스프레소쉐이크,4400,"4,400원"
b9817a60-454c-5627-a13f-f7d81f2b5c18,펼쳐서 더보기,,,,
b9817a60-454c-5627-a13f-f7d81f2b5c18,사이드 메뉴,,,,
b9817a60-454c-5627-a13f-f7d81f2b5c18,이천쌀 플레인 베이글,,"이천쌀가루로 쫄깃하게 구운 고단백 로우슈가 베이글. 달지 않게 담백하게, 어떤 재료와도 잘 어울리는 데일리 베이글",3700,"3,700원"
b9817a60-454c-5627-a13f-f7d81f2b5c18,후르츠딸기 쫀득쿠키,,"달콤한 마시멜로우에 후르츠링과 딸기,오레오 쿠키가 들어간 쫀득쿠키",4000,"4,000원"
b9817a60-454c-5627-a13f-f7d81f2b5c18,코코비스킷 쫀득쿠키,,,,
b9817a60-454c-5627-a13f-f7d81f2b5c18,달콤한 마시멜로우에 코코볼과 초코가 들어간 쫀득쿠키,,,4000,"4,000원"
b9817a60-454c-5627-a13f-f7d81f2b5c18,블루베리맘모스,,달콤한 블루베리와 부드러운 크림치즈가 듬뿍 촉촉한 빵 속에 상큼함과 고소함이 어우러져 한 입 베어 물면 풍부한 맛이 퍼지는 특별한 맘모스빵,4700,"4,700원"
b9817a60-454c-5627-a13f-f7d81f2b5c18,달콤촉촉 고구마빵,,"NO밀가루, 촉촉하고 달콤한 고구마가 가득 담긴 리얼 고구마빵(1ea)",4000,"4,000원"
b9817a60-454c-5627-a13f-f7d81f2b5c18,펼쳐서 더보기,,,,
01782f23-bcfa-5fc8-8349-81f6bb7e9c68,아메리카노,,,3500,"3,500원"
01782f23-bcfa-5fc8-8349-81f6bb7e9c68,에스프레소,,,3500,"3,500원"
01782f23-bcfa-5fc8-8349-81f6bb7e9c68,룽고,,,3800,"3,800원"
01782f23-bcfa-5fc8-8349-81f6bb7e9c68,에스프레소 마끼아또,,,4200,"4,200원"
01782f23-bcfa-5fc8-8349-81f6bb7e9c68,에스프레소 콘파냐,,,4200,"4,200원"
120106a3-3a18-5c23-be7a-9620aa62ccc5,이전 페이지,,,,
120106a3-3a18-5c23-be7a-9620aa62ccc5,더커피,,,,
120106a3-3a18-5c23-be7a-9620aa62ccc5,페이지 닫기,,,,
120106a3-3a18-5c23-be7a-9620aa62ccc5,이미지 갯수,,,,
120106a3-3a18-5c23-be7a-9620aa62ccc5,+243,,,,
120106a3-3a18-5c23-be7a-9620aa62ccc5,더커피카페,,,,
120106a3-3a18-5c23-be7a-9620aa62ccc5,알림받기,,,,
120106a3-3a18-5c23-be7a-9620aa62ccc5,방문자 리뷰 420블로그 리뷰 13,,,,
120106a3-3a18-5c23-be7a-9620aa62ccc5,샤인머스캣 파인 쥬스의 상큼한 매력,,,,
120106a3-3a18-5c23-be7a-9620aa62ccc5,출발,,,,
120106a3-3a18-5c23-be7a-9620aa62ccc5,도착,,,,
120106a3-3a18-5c23-be7a-9620aa62ccc5,저장,,,,
120106a3-3a18-5c23-be7a-9620aa62ccc5,거리뷰,,,,
120106a3-3a18-5c23-be7a-9620aa62ccc5,공유,,,,
120106a3-3a18-5c23-be7a-9620aa62ccc5,홈,,,,
120106a3-3a18-5c23-be7a-9620aa62ccc5,리뷰,사진,,,
120106a3-3a18-5c23-be7a-9620aa62ccc5,주소,사진,,,
120106a3-3a18-5c23-be7a-9620aa62ccc5,"서울 종로구 종로40가길 4 1,2층",사진,,,
120106a3-3a18-5c23-be7a-9620aa62ccc5,14동대문역 9번 출구에서 273m,사진,,,
120106a3-3a18-5c23-be7a-9620aa62ccc5,미터,사진,,,
120106a3-3a18-5c23-be7a-9620aa62ccc5,영업시간 정보 수정,사진,,,
120106a3-3a18-5c23-be7a-9620aa62ccc5,영업시간 수정 제안하기,사진,,,
120106a3-3a18-5c23-be7a-9620aa62ccc5,추가,사진,,,
120106a3-3a18-5c23-be7a-9620aa62ccc5,전화번호,사진,,,
120106a3-3a18-5c23-be7a-9620aa62ccc5,02-2272-1420복사,사진,,,
120106a3-3a18-5c23-be7a-9620aa62ccc5,클립,사진,,,
120106a3-3a18-5c23-be7a-9620aa62ccc5,클립 올리고,사진,,,
120106a3-3a18-5c23-be7a-9620aa62ccc5,네이버페이,사진,,,
120106a3-3a18-5c23-be7a-9620aa62ccc5,포인트 적립하기,사진,,,
120106a3-3a18-5c23-be7a-9620aa62ccc5,방문자 사진·영상,사진,,,
120106a3-3a18-5c23-be7a-9620aa62ccc5,방문자 사진·영상,사진,,,
120106a3-3a18-5c23-be7a-9620aa62ccc5,더보기,사진,,,
120106a3-3a18-5c23-be7a-9620aa62ccc5,방문자 리뷰420,사진,,,
120106a3-3a18-5c23-be7a-9620aa62ccc5,"""커피가 맛있어요""",사진,,,
120106a3-3a18-5c23-be7a-9620aa62ccc5,이 키워드를 선택한 인원,사진,,150,150
120106a3-3a18-5c23-be7a-9620aa62ccc5,"""음료가 맛있어요""",,,,
120106a3-3a18-5c23-be7a-9620aa62ccc5,이 키워드를 선택한 인원,,,90,90
120106a3-3a18-5c23-be7a-9620aa62ccc5,"""가성비가 좋아요""",,,,
120106a3-3a18-5c23-be7a-9620aa62ccc5,이 키워드를 선택한 인원,,,70,70
120106a3-3a18-5c23-be7a-9620aa62ccc5,"""친절해요""",,,,
120106a3-3a18-5c23-be7a-9620aa62ccc5,이 키워드를 선택한 인원,,,61,61
120106a3-3a18-5c23-be7a-9620aa62ccc5,"""디저트가 맛있어요""",,,,
120106a3-3a18-5c23-be7a-9620aa62ccc5,이 키워드를 선택한 인원,,,38,38
120106a3-3a18-5c23-be7a-9620aa62ccc5,밀크티7554,,,,
120106a3-3a18-5c23-be7a-9620aa62ccc5,2.141번째 방문영수증,,일단 음료가 맛있어요 샤인머스캣+파인 쥬스 추천합니다 매장도 청결하게 관리하시고 사장님 인상이 좋아 들어왔는데 넘넘 친절하십니다 ^^ 번창하세요,,
120106a3-3a18-5c23-be7a-9620aa62ccc5,음료가 맛있어요+3,,,,
120106a3-3a18-5c23-be7a-9620aa62ccc5,개의 리뷰가 더 있습니다,,,,
120106a3-3a18-5c23-be7a-9620aa62ccc5,펼쳐보기,,,,
120106a3-3a18-5c23-be7a-9620aa62ccc5,은빛달의기사,,,,
120106a3-3a18-5c23-be7a-9620aa62ccc5,2.71번째 방문결제내역,,동대문 걸을 때마다 꼭 들리는 곳이에요. 커피도 맛나고 주스도 신선해서 좋은 곳이지요! 꽤 오랜 시간 이 곳에서 열심히 음료 만들어주시는 가족분들 감사합니다!,,
120106a3-3a18-5c23-be7a-9620aa62ccc5,커피가 맛있어요+3,,,,
120106a3-3a18-5c23-be7a-9620aa62ccc5,개의 리뷰가 더 있습니다,,,,
120106a3-3a18-5c23-be7a-9620aa62ccc5,펼쳐보기,,,,
120106a3-3a18-5c23-be7a-9620aa62ccc5,코쏘,,,,
120106a3-3a18-5c23-be7a-9620aa62ccc5,2.222번째 방문영수증,,샤인머스켓 주스 진짜 온몸에서 기운이 나요! 생선구이 먹고 꼭 들림,,
120106a3-3a18-5c23-be7a-9620aa62ccc5,음료가 맛있어요,,,,
120106a3-3a18-5c23-be7a-9620aa62ccc5,방문자 리뷰,,,,
120106a3-3a18-5c23-be7a-9620aa62ccc5,더보기,,,,
120106a3-3a18-5c23-be7a-9620aa62ccc5,블로그 리뷰13,,,,
120106a3-3a18-5c23-be7a-9620aa62ccc5,핫이슈 오늘은,,,,
120106a3-3a18-5c23-be7a-9620aa62ccc5,김 뽀슝의 일상핫이슈,,,,
120106a3-3a18-5c23-be7a-9620aa62ccc5,커피나무 커피콩 나오는법,,"안녕하세요~^^ 김뽀슝입니다 명절 잘 보내셨나요? 저는 자~알 보내드렸습니다 다신 오지막!!! 불태기를 격고 있어요 ㅡㅡㅠ 이걸 왜 하고 있지? 하고욤ㅜㅠ 오늘도 그냥 넘어가려다가 옷방에서 크고 있는 커피나무가 잎이 시들시들하길래 물을 줬는데요 잎이 신기하게 나서 신기한김에 사진을 찍었습니다~^^ 신기하쥬~~^^ 큰잎두개밑에 작은잎 두개가 꼭 쌍둥이 같네요 이케 자라기도 쉽지않을것 같아서 사진으로 남겨 봅니다 물을 주지않아서? 픽하고 이파리가 주저앉아있너ㅣ요 ㅜㅜ 미안하다 커피나무야 © Skitterphoto, 출처 Pixabay 커피나무인데 커피콩이 하나도 나질않슴돠 커피콩아 나와라 돈나무도 새싹이 돋아나네요 커피콩도 나오구 돈나무도 잘 자라니 돈도 많이 들어오기를 기대해봅니다 신기한 커피나뭇잎 예쁘다요",,
120106a3-3a18-5c23-be7a-9620aa62ccc5,23.1.26.목,,,,
120106a3-3a18-5c23-be7a-9620aa62ccc5,2023년 1월 26일 목요일,,,,
120106a3-3a18-5c23-be7a-9620aa62ccc5,이미지 수,,,9,9
120106a3-3a18-5c23-be7a-9620aa62ccc5,야옹님,,,,
120106a3-3a18-5c23-be7a-9620aa62ccc5,자유부인 야옹님,,,,
120106a3-3a18-5c23-be7a-9620aa62ccc5,안국역 카페 넓은 공간이 아름다운 더커피 안국점,,"지난 주 항암하러 갔다가 안국역 근처에서 맛있는 보리굴비를 먹고 엄마랑 헤어지기 전에 커피한 잔 할까 싶어 최근 새로 생긴 더커피 안국점에 들렀다 위치는 안국역 4번 출구 서울우리소리박물관 근처 길 건너편에 바로 창덕궁이 있고 걸어서 대학로까지 갈 수 있는 곳에 위치해 있음 한참 공사하느라 복잡했는데 어느 순간 멋진 건물이 떡 하니 들어섰다 어쩌다보니 매번 가던 가게만 가니까 새로 생긴 건물에도 식당이 있던데 한번도 가보질 못했군.... 다음 번엔 여기 입점되어 있는 식당도 한 번씩 가봐야겠음 안에 들어서니 밖에서 예상했던 것 만큼 카페에서 바라보는 뷰가 훌륭했다 2층에 육박하는 높은 층고와 통창 그리고 바로 앞에 펼쳐지는 서울 구도심의 모습까지 내가 안국역 카페를 비롯한 이 부근의 거리를 좋아하는 이유 중 하나 수서에 있는 회사에 다닐 때 돈암동에서 안국역까지 매일 아침 40분을 운동삼아 걸어서 출근했었는데 창경궁-종묘-창덕궁-안국역까지 이어지는 돌담길과 거리들이 정말 예뻐서 매일 봐도 질리지 않았다는 평일 점심 피크 시간 지난 뒤에 가서 그런가 한적하니 우리가 안국역 카페 전체를 전세낸 것마냥 이용할 수 있었다 직장인 점심 피크시간대에는 조금 혼잡할듯 안국역은 강남이나 광화문처럼 초 오피스 밀집지역은 아니라 평일 오전 오후의 유동인구는 비슷할 거 같긴 한데 관광객이 더 많은 동네 특성상 주말은 시간대 무관 무척 붐빌 것으로 예상된다 그래서 우리 가족은 주말엔 안국역에 안나온다 ㅋㅋㅋㅋㅋㅋㅋㅋ 여긴 평일에 오는 곳이야 좌석 종류도 다양하고 (쇼파, 테이블, 혼합) 일단 공간이 엄청 넓어서 마음이 평화로워짐 다음엔 아기랑 같이 와 봐야지 안그래도 맨날 어린이집 하원하면 엄마랑 카페가서 까까 먹겠다는 녀석인데 ㅎ 안국역 카페 데려오면 엄청 좋아할 것 같다 창덕궁이 보이는 통창 쪽에만 더커피 안국 테이블이 있는 줄 알았는데 화장실에 손씻으러 갔다가 돌아오는 길 저기 안쪽에도 테이블이 있다는 걸 알았다 건물 1층 로비 절반을 거의 다 쓰는 셈인데 엄청난 규모에 놀라고 깔끔한 디자인에 놀람 요로케 넷이 둘러 앉을 수 있는 테이블도 있네 여럿이서 와도 편하게 커피 한 잔 하다 갈 수 있을 듯 무엇보다 화장실이 넘나 깨끗해서... 굿 아기 낳고 기르느라 요즘 트랜드에 뒤쳐져 있어서 더커피라는 이름도 여기서 처음 알았다는 근데 찾아보니 여기저기 지점이 많은 카페였구만 나만 몰랐네.....나만 몰랐어 한 가지 재밌는 건 브랜딩이 영어/일본어로 되어 있어서...",,
120106a3-3a18-5c23-be7a-9620aa62ccc5,25.12.30.화,,,,
120106a3-3a18-5c23-be7a-9620aa62ccc5,2025년 12월 30일 화요일,,,,
120106a3-3a18-5c23-be7a-9620aa62ccc5,이미지 수,,,16,16
120106a3-3a18-5c23-be7a-9620aa62ccc5,꺄르르M,,,,
120106a3-3a18-5c23-be7a-9620aa62ccc5,꺄르르M의 맛있는 여행,,,,
120106a3-3a18-5c23-be7a-9620aa62ccc5,안국역 창덕궁뷰 카페 더커피 안국점,,"창덕궁뷰 카페 더커피 안국점 안녕하세요! 꺄르르M이에요~ 오늘은 안국역 신상카페 창덕궁뷰 커피숍 더커피 안국점에 다녀왔어요! ㅇ 더커피 안국점은 창덕궁 건너편 새로생긴 빌딩 1층에 위치한 신상카페인데요, 로비 앞에 통창뷰라 시야도 탁트이고 천장도 높아 개방감도 좋더라고요! 운 좋게 창가자리 겟! 단풍이 곱게 물든 은행나무뷰와 창덕궁뷰를 한번에 감상할 수 있어요. 벽면에 써있는 걸 보니 세계 여러 도시에 지점이 있는듯해요. 주문은 테블릿으로! 간단한 쿠키나 베이커리류도 있습니다. 커피 외에 말차나 에이드 메뉴도 있어요. 저는 더커피 시그니처메뉴라는 이치고말차 한잔과 아이스 아메리카노 한잔 주문! 에코백이나 머그컵같은 굿즈도 있어서 음료 기다리는동안 잠시 구경. 음료는 금방 나오더라고요. 왼쪽이 이치고말차 오른쪽이 아이스아메리카노 딸기베이스에 우유 그리고 말차가 가득 들어있는데 생각보다 딸기맛이 강하지않은 말차라떼맛입니다. 아이스아메리카노는 약간 연하더라고요. 샷추가하면 더 맛있을듯! 안국역근처에 모두 주말에 너무 복잡한커피숍들만 가득한데 더커피는 매장도 엄청 넓고 개방감도 좋아서 편히 쉬다 올 수 있었어요. 다음에는 티라미수라떼도 한번 도전해보려고요. 오늘도 맛있게 먹었습니다! 이상 안국역 창덕궁뷰 카페 ""더커피 안국점""후기였습니다! 꺄르르M은 또 더욱더 맛있는 이야기와 함께 찾아오겠습니다! 조만간 더 알찬 정보로 또 만나요!",,
120106a3-3a18-5c23-be7a-9620aa62ccc5,25.11.10.월,,,,
120106a3-3a18-5c23-be7a-9620aa62ccc5,2025년 11월 10일 월요일,,,,
120106a3-3a18-5c23-be7a-9620aa62ccc5,이미지 수,,,18,18
120106a3-3a18-5c23-be7a-9620aa62ccc5,블로그 리뷰,,,,
120106a3-3a18-5c23-be7a-9620aa62ccc5,더보기,,,,
120106a3-3a18-5c23-be7a-9620aa62ccc5,로딩중,,,,
120106a3-3a18-5c23-be7a-9620aa62ccc5,알고 계신 정보와 다른 정보가 있나요?,,,,
120106a3-3a18-5c23-be7a-9620aa62ccc5,사진으로 간단하게 제보해 주세요.,,,,
120106a3-3a18-5c23-be7a-9620aa62ccc5,정보 수정 제안하기,,,,
120106a3-3a18-5c23-be7a-9620aa62ccc5,관련 링크2,,,,
120106a3-3a18-5c23-be7a-9620aa62ccc5,식신에서 보기,,,,
120106a3-3a18-5c23-be7a-9620aa62ccc5,다이닝코드에서 보기,,,,
20c06f08-eee6-501e-be35-3215bb741297,한옥빙수,대표,,12900,"12,900원"
20c06f08-eee6-501e-be35-3215bb741297,아메리카노,,,5000,"5,000원"
20c06f08-eee6-501e-be35-3215bb741297,카페라떼,,,5500,"5,500원"
20c06f08-eee6-501e-be35-3215bb741297,카푸치노,,,5500,"5,500원"
20c06f08-eee6-501e-be35-3215bb741297,바닐라라떼,,,6000,"6,000원"
20c06f08-eee6-501e-be35-3215bb741297,카페모카,,,6000,"6,000원"
20c06f08-eee6-501e-be35-3215bb741297,아포카토,,,7500,"7,500원"
20c06f08-eee6-501e-be35-3215bb741297,핫초코,,,6500,"6,500원"
20c06f08-eee6-501e-be35-3215bb741297,아이스크림,,,6000,"6,000원"
20c06f08-eee6-501e-be35-3215bb741297,고구마라떼,,,8500,"8,500원"
20c06f08-eee6-501e-be35-3215bb741297,말차라떼,,,7000,"7,000원"
20c06f08-eee6-501e-be35-3215bb741297,대추차,,,8800,"8,800원"
20c06f08-eee6-501e-be35-3215bb741297,쌍화차,,,8800,"8,800원"
20c06f08-eee6-501e-be35-3215bb741297,수정과,,,10000,"10,000원"
20c06f08-eee6-501e-be35-3215bb741297,꽃차,,,8500,"8,500원"
647da076-58c9-54e2-ac58-5b297bb8ff1d,라떼,,,5500,"5,500원"
51e7fd87-ee66-5f3a-bcea-6ede26c62cc2,동네라떼,대표,,,
51e7fd87-ee66-5f3a-bcea-6ede26c62cc2,리스트레토샷과 수제휩크림으로 동네커피 시그니처,대표,,4000,"4,000원"
51e7fd87-ee66-5f3a-bcea-6ede26c62cc2,바닐라라떼,대표,숙성시킨 바닐라빈과 동네커피만의 특별한 레시피로 만든 수제바닐라라떼!,5000,"5,000원"
51e7fd87-ee66-5f3a-bcea-6ede26c62cc2,솔티라떼,대표,매장에서 직접 내리는 더치 위 부드러운 100%동물성크림과 히말라야 핑크솔트의 환상조합@,5000,"5,000원"
a4a867ed-6f9a-5511-bcec-7b7f7d98e6aa,피스타치오프레지에,대표,,,
a4a867ed-6f9a-5511-bcec-7b7f7d98e6aa,디끌레 시그니처 노밀가루 케이크 피스타치오+딸기 조합,대표,,10800,"10,800원"
a4a867ed-6f9a-5511-bcec-7b7f7d98e6aa,두바이초콜릿 까눌레,대표,,5400,"5,400원"
a4a867ed-6f9a-5511-bcec-7b7f7d98e6aa,커피밀푀유,대표,,9400,"9,400원"
a4a867ed-6f9a-5511-bcec-7b7f7d98e6aa,두바이에그타르트,,,7500,"7,500원"
a4a867ed-6f9a-5511-bcec-7b7f7d98e6aa,밤몽블랑까눌레,,,,
a4a867ed-6f9a-5511-bcec-7b7f7d98e6aa,디끌레 시그니처 메뉴,,,4200,"4,200원"
a4a867ed-6f9a-5511-bcec-7b7f7d98e6aa,에그타르트,,,4000,"4,000원"
a4a867ed-6f9a-5511-bcec-7b7f7d98e6aa,두바이초콜렛 다쿠아즈,,,,
a4a867ed-6f9a-5511-bcec-7b7f7d98e6aa,요즘 인기인 두바이 피스타치오 다쿠아즈 버전!!!,,,5800,"5,800원"
a4a867ed-6f9a-5511-bcec-7b7f7d98e6aa,휘낭시에,,,,
a4a867ed-6f9a-5511-bcec-7b7f7d98e6aa,"2,900~3,500원",,,,
a4a867ed-6f9a-5511-bcec-7b7f7d98e6aa,마들렌,,,,
a4a867ed-6f9a-5511-bcec-7b7f7d98e6aa,"3,200~3,800원",,,,
a4a867ed-6f9a-5511-bcec-7b7f7d98e6aa,까눌레,,,,
a4a867ed-6f9a-5511-bcec-7b7f7d98e6aa,겉은바삭 속은 촉촉한 디끌레 추천메뉴,,,3600,"3,600원"
a4a867ed-6f9a-5511-bcec-7b7f7d98e6aa,갈레트브루통,,,3300,"3,300원"
23e8b89d-2955-5e7e-9c81-2112639d17d1,플레이스,,,,
23e8b89d-2955-5e7e-9c81-2112639d17d1,서비스 이용이 제한되었습니다.,,,,
23e8b89d-2955-5e7e-9c81-2112639d17d1,과도한 접근 요청으로 서비스 이용이 제한되었습니다.,,,,
23e8b89d-2955-5e7e-9c81-2112639d17d1,잠시 후 다시 시도해주세요.,,IP: 211.192.210.178(09/Mar/2026:14:31:57 +0900),,
23e8b89d-2955-5e7e-9c81-2112639d17d1,이전화면,,,,
23e8b89d-2955-5e7e-9c81-2112639d17d1,새로고침,,,,
c8911048-7ee6-5983-b5f8-2825ff791946,수제 직화 모듬꼬치,대표,,,
c8911048-7ee6-5983-b5f8-2825ff791946,당일 입고 신선한 닭다리살 불맛 가득 수제 꼬치 플래터,대표,,29000,"29,000원"
c8911048-7ee6-5983-b5f8-2825ff791946,치떡꼬 (치킨+오뎅꼬치+떡볶이),,바삭한 치킨과 튀겨낸 어묵에 꾸덕한 부산식 매운 양념소스를 더한 중독적인 메뉴,32000,"32,000원"
c8911048-7ee6-5983-b5f8-2825ff791946,오떡꼬 (오징어튀김+치킨+떡볶이),,"바삭한 치킨과 튀긴 어묵, 통오징어 튀김과 꾸덕한 부산식 매운소스 떡볶이",32000,"32,000원"
c8911048-7ee6-5983-b5f8-2825ff791946,철판 모듬소세지 매쉬포테이토,,수제 소세지와 매쉬포테이토 그래미소스와 함께 즐기는 페어링,29000,"29,000원"
c8911048-7ee6-5983-b5f8-2825ff791946,올리브 갈릭 감바스,,"탱글한 새우와 마늘 풍미, 바삭 바게트와 함께 즐기는 스페인식 감바스",22000,"22,000원"
c8911048-7ee6-5983-b5f8-2825ff791946,얼큰마라 소고기 샤브샤브,,얼큰한 마라 육수에 프리미엄 소고기와 신선한 야채를 곁들인 루프링 샤브샤브,36000,"36,000원"
c8911048-7ee6-5983-b5f8-2825ff791946,한치 마른안주 모듬구이,,,,
c8911048-7ee6-5983-b5f8-2825ff791946,한치 쥐포 견과류등이 어우러진 마른안주 모듬구이,,,22000,"22,000원"
c8911048-7ee6-5983-b5f8-2825ff791946,나쵸 & 감자튀김,,,,
c8911048-7ee6-5983-b5f8-2825ff791946,바삭짭짤한 감자튀김과 즐기는 고소한 나쵸,,,15000,"15,000원"
c8911048-7ee6-5983-b5f8-2825ff791946,[시즌] 프리미엄 생딸기 눈꽃빙수,,"시즌 한정, 싱싱한 생딸기를 듬뿍, 4~5인이 먹어도 되는 푸짐한 양",32000,"32,000원"
c8911048-7ee6-5983-b5f8-2825ff791946,생과일 생크림 카스테라,,촉촉한 카스테라에 수제로 만든 생크림과 제철과일을 듬뿍!,22000,"22,000원"
c8911048-7ee6-5983-b5f8-2825ff791946,순우유 눈꽃빙수,,,,
c8911048-7ee6-5983-b5f8-2825ff791946,순수 100% 우유로 만들어 고소달달한 우유눈꽃빙수,,,19000,"19,000원"
c8911048-7ee6-5983-b5f8-2825ff791946,망고치즈케잌눈꽃빙수,,망고와치즈케잌을 순수우유눈꽃빙수와 함께 만든 프리미엄 망고치즈케잌눈꽃빙수,25000,"25,000원"
c8911048-7ee6-5983-b5f8-2825ff791946,수제순살치킨후라이,,신선한닭다리살과 스테이만의 염지방법으로 직접손질하여 튀겨낸 순살 후라이드치킨,22000,"22,000원"
c8911048-7ee6-5983-b5f8-2825ff791946,프라임등급부드러움이 남다른찹스테이크,,,,
c8911048-7ee6-5983-b5f8-2825ff791946,최고급 프라임등급!근막제거로 더 부드러운 찹스테이크,,,23000,"23,000원"
c8911048-7ee6-5983-b5f8-2825ff791946,매콤치즈불닭,,신선한 닭다리살에 매콤한 양념으로 불맛을 낸 철판 치즈 닭볶음구이,25000,"25,000원"
6b600e76-28c6-563b-9959-ad8fc0864749,바나나 크림 파이,대표,"달콤함은 테네시주의 노래처럼 간직된 추억과 사랑을, 바삭함은 해안가를 따라 펼쳐진 찬란함을",7500,"7,500원"
6b600e76-28c6-563b-9959-ad8fc0864749,펌킨 파이,,우리 할머니 레시피는 아직 밝혀지지 않았는데 분명 사랑이라는 비밀 재료가 들어있었을 거예요,7500,"7,500원"
6b600e76-28c6-563b-9959-ad8fc0864749,보스턴 크림 파이,,"보스턴 사람들은 인생의 특별한 순간을 이 파이와 함께했지. 결혼식, 졸업식, 흔한 일상마저",7500,"7,500원"
6b600e76-28c6-563b-9959-ad8fc0864749,체리치 파이,,체리향 가득한 꿈을 그리면서 한 걸음씩 나아가는 것 뿐이죠 달콤한 순간들로 가득할테니까요,8500,"8,500원"
6b600e76-28c6-563b-9959-ad8fc0864749,유자파인 파이,,어차피 인생은 한입 베어 문 유자처럼 달콤 씁쓸한 순간들로 가득할테니까 그냥 즐기자구요!,7400,"7,400원"
6b600e76-28c6-563b-9959-ad8fc0864749,애플 파이 with 바닐라 아이스크림,,"작은 창문에는 노란빛이 반짝이고, 뜨거운 오븐에서 퍼지는 달콤한 향기는 거리를 가득 메웠다",8500,"8,500원"
6b600e76-28c6-563b-9959-ad8fc0864749,치즈 블루베리 파이,,사형수인 그는 마지막 식사로 아들과의 소중한 추억을 담은 블루베리 파이를 골랐다고 해요,7800,"7,800원"
6b600e76-28c6-563b-9959-ad8fc0864749,레몬&라임 파이,,"태양빛 물든 플로리다 해변에 앉아, 부드러운 바람을 맞으며 라임의 향을 맡는 느낌일까요",7200,"7,200원"
6b600e76-28c6-563b-9959-ad8fc0864749,birthday 오레오 파이,,엄마가 불러주셨죠 ♬아가야 울지마라 파이를 만든단다 ♬너를 내 맘 속에 영원히 담을 거란다,7200,"7,200원"
6b600e76-28c6-563b-9959-ad8fc0864749,피넛버터 파이,,"눈을 감으세요. 1968년, 9살, 우리 거실, 사랑하는 부모님, 아빠의 레코드, 땅콩버터",7800,"7,800원"
6b600e76-28c6-563b-9959-ad8fc0864749,머드 파이,,그냥 막 더러워져도 괜찮아요! 진흙 속에서 모든 걸 잊고 어린 아이처럼 즐기면 되는걸요!,8000,"8,000원"
6b600e76-28c6-563b-9959-ad8fc0864749,콘 크림 파이,,"상상했던 푸른 하늘과 푸른 풀밭, 그리고 햇살 아래 자라나는 광활한 옥수수 밭이 펼쳐졌어요",7000,"7,000원"
6b600e76-28c6-563b-9959-ad8fc0864749,피칸 파이,,"작은 등불이 부엌을 포근하게 비추면, 이 공간은 이미 따뜻한 피칸파이의 향기로 가득하답니다",7800,"7,800원"
6b600e76-28c6-563b-9959-ad8fc0864749,스윗포테이토 파이,,미네소타주에 사는 로즈맥기는 미국 전역의 인권 시위 현장을 찾아다니며 고구마파이를 나눠준다,7300,"7,300원"
6b600e76-28c6-563b-9959-ad8fc0864749,스트로베리 파이,,미국에서는 상상도 못했던 입 속 전체로 퍼지는 딸기의 신선함 달콤함,8500,"8,500원"
e6c4f40c-2bc8-5d67-b9f1-05d40b9a5227,이전 페이지,,,,
e6c4f40c-2bc8-5d67-b9f1-05d40b9a5227,래미안카페,,,,
e6c4f40c-2bc8-5d67-b9f1-05d40b9a5227,페이지 닫기,,,,
e6c4f40c-2bc8-5d67-b9f1-05d40b9a5227,거리뷰,,,,
e6c4f40c-2bc8-5d67-b9f1-05d40b9a5227,"래미안카페카페,디저트",,,,
e6c4f40c-2bc8-5d67-b9f1-05d40b9a5227,방문자 리뷰 281블로그 리뷰 2,,,,
e6c4f40c-2bc8-5d67-b9f1-05d40b9a5227,출발,,,,
e6c4f40c-2bc8-5d67-b9f1-05d40b9a5227,도착,,,,
e6c4f40c-2bc8-5d67-b9f1-05d40b9a5227,저장,,,,
e6c4f40c-2bc8-5d67-b9f1-05d40b9a5227,거리뷰,,,,
e6c4f40c-2bc8-5d67-b9f1-05d40b9a5227,공유,,,,
e6c4f40c-2bc8-5d67-b9f1-05d40b9a5227,홈,,,,
e6c4f40c-2bc8-5d67-b9f1-05d40b9a5227,메뉴,,,,
e6c4f40c-2bc8-5d67-b9f1-05d40b9a5227,리뷰,사진,,,
e6c4f40c-2bc8-5d67-b9f1-05d40b9a5227,에스프레소,사진,,2000,"2,000원"
e6c4f40c-2bc8-5d67-b9f1-05d40b9a5227,아메리카노,,,2000,"2,000원"
e6c4f40c-2bc8-5d67-b9f1-05d40b9a5227,카페라떼,,,2900,"2,900원"
e6c4f40c-2bc8-5d67-b9f1-05d40b9a5227,카푸치노,,,2900,"2,900원"
e6c4f40c-2bc8-5d67-b9f1-05d40b9a5227,바닐라라떼,,,3200,"3,200원"
acefc868-acab-56ab-80ea-60576b170b88,버터떡12구 할인세트,대표,,,
acefc868-acab-56ab-80ea-60576b170b88,12구 단위로 할인,대표,,26500,"26,500원"
acefc868-acab-56ab-80ea-60576b170b88,버터떡 기본4구,대표,,,
acefc868-acab-56ab-80ea-60576b170b88,두쫀쿠 이어서 버터떡도 강남1등! 먼저 맛보세요,대표,,9300,"9,300원"
acefc868-acab-56ab-80ea-60576b170b88,신메뉴]레이스티아라 미니 꽃 플라워,대표,"레이스 티아라 미니 사이즈에 어울리는 생화를 곁들여 부케스타일로 재탄생,아름다워요",54500,"54,500원"
acefc868-acab-56ab-80ea-60576b170b88,"테디온바치케,구름위곰돌이,바스크치즈케",대표,,,
acefc868-acab-56ab-80ea-60576b170b88,테디곰과 바스크치즈케이크의 완벽한 결합,대표,,55900,"55,900원"
acefc868-acab-56ab-80ea-60576b170b88,[신부브라이덜]레이스티아라2단홀케이크,대표,"검증된 인기의 브라이덜샤워,웨딩케이크.2단의 만족감.강남 케이크 상도파괴.이 가격 실화",95500,"95,500원"
acefc868-acab-56ab-80ea-60576b170b88,게이샤 세계최고가원두 아메리카노 대박,대표,강남에서 Gesha게이샤를?! 게이샤를 이 가격에?! 레이지 크레이지?!,4700,"4,700원"
acefc868-acab-56ab-80ea-60576b170b88,감성폭발]쿨파티 1호 플라워 케이크,대표,말 그대로 '쿨'이다 아이스블루 컬러의 생크림 위에 진짜 생화 장미를 정성스럽게 꽂았다,71500,"71,500원"
acefc868-acab-56ab-80ea-60576b170b88,감성충만]플라워 쿨파티 미니 케이크,대표,말 그대로 '쿨'이다 아이스블루 컬러의 생크림 위에 진짜 생화 장미를 정성스럽게 꽂았다,57500,"57,500원"
acefc868-acab-56ab-80ea-60576b170b88,신메뉴인기시그니처]레이스 티아라1호,대표,"순백 레이스와 은빛 왕관,백색리본까지.더없이 우아한 디자인과 진한우유 풍미까지.당신을 위한",59500,"59,500원"
acefc868-acab-56ab-80ea-60576b170b88,"최고급 스페셜티 아메리카노,절대고소함",대표,최고급 스페셜티 원두만 사용하여 깔끔하면서도 풍부한 풍미와 고소달달 결국이탈리아의 수치겠지,3100,"3,100원"
acefc868-acab-56ab-80ea-60576b170b88,두바이쫀득쿠키 모찌 6구세트할인가,,"런칭특가 선착순 6구 46500원,웨이팅이 너무 많아 카카오예약 및 입금순으로 픽업합니다",46500,"46,500원"
acefc868-acab-56ab-80ea-60576b170b88,플라워 빈티지핑크 1호2단 홀케이크,,"고혹적인데 힙한매력,2단가성비,2단 이가격실화.플라워 2단이 정말 이가격.이게 맞나",103500,"103,500원"
acefc868-acab-56ab-80ea-60576b170b88,레터링 돈크라이테디 홀케이크 곰돌이,,"곰돌이는 친구들에게 도움을 요청해보기로 결심했어요. '여러분, 제 꿀을 찾아주세요",27300,"27,300원"
acefc868-acab-56ab-80ea-60576b170b88,크리스탈티아라 위드펄앤플라워홀케이크,,"조용한 짝사랑이 사랑이 된 순간을 담은, 내인생 최고의 기념품이야",57100,"57,100원"
acefc868-acab-56ab-80ea-60576b170b88,핑크블라썸1호1단 부담없는럭셔리케이크,,"생화를 적당히 고급스럽게 올리고,서울우유 동물성생크림과 최고급 재료로 만듭니다",63500,"63,500원"
d9e64c92-5ca1-5fc5-9a32-d550f4e95518,플레이스,,,,
d9e64c92-5ca1-5fc5-9a32-d550f4e95518,서비스 이용이 제한되었습니다.,,,,
d9e64c92-5ca1-5fc5-9a32-d550f4e95518,과도한 접근 요청으로 서비스 이용이 제한되었습니다.,,,,
d9e64c92-5ca1-5fc5-9a32-d550f4e95518,잠시 후 다시 시도해주세요.,,IP: 211.192.210.178(09/Mar/2026:14:36:57 +0900),,
d9e64c92-5ca1-5fc5-9a32-d550f4e95518,이전화면,,,,
d9e64c92-5ca1-5fc5-9a32-d550f4e95518,새로고침,,,,
5b23165f-1147-5ffa-8b29-ced0366c80d2,아메리카노 (HOT/ICED),대표,,,
5b23165f-1147-5ffa-8b29-ced0366c80d2,매일 로스팅하는 원두,대표,,3500,"3,500원"
b73ff802-af42-56a0-af5f-5786c70e2fb6,딸기쿠키 프라페,,,3900,"3,900원"
b73ff802-af42-56a0-af5f-5786c70e2fb6,쿠키 프라페,,,3900,"3,900원"
b73ff802-af42-56a0-af5f-5786c70e2fb6,메가초코 HOT,,,3800,"3,800원"
b73ff802-af42-56a0-af5f-5786c70e2fb6,메가초코 ICE,,,3800,"3,800원"
b73ff802-af42-56a0-af5f-5786c70e2fb6,메가리카노 ICE,,,3000,"3,000원"
b73ff802-af42-56a0-af5f-5786c70e2fb6,(ICE)디카페인아메리카노,,,3000,"3,000원"
b73ff802-af42-56a0-af5f-5786c70e2fb6,아메리카노(HOT),,,1500,"1,500원"
b73ff802-af42-56a0-af5f-5786c70e2fb6,아메리카노(ICED),,,2000,"2,000원"
b73ff802-af42-56a0-af5f-5786c70e2fb6,퐁크러쉬 플레인/딸기/바나나,,,3900,"3,900원"
b73ff802-af42-56a0-af5f-5786c70e2fb6,메가에이드,,,3900,"3,900원"
f4c1feea-d92f-5436-bc07-b905de7beeca,아메리카노,,,1500,"1,500원"
f4c1feea-d92f-5436-bc07-b905de7beeca,흑당버블그린티,,,3800,"3,800원"
7281e323-1fec-52a9-aa00-1d8ff53b5402,플레이스,,,,
7281e323-1fec-52a9-aa00-1d8ff53b5402,서비스 이용이 제한되었습니다.,,,,
7281e323-1fec-52a9-aa00-1d8ff53b5402,과도한 접근 요청으로 서비스 이용이 제한되었습니다.,,,,
7281e323-1fec-52a9-aa00-1d8ff53b5402,잠시 후 다시 시도해주세요.,,IP: 211.192.210.178(09/Mar/2026:14:35:02 +0900),,
7281e323-1fec-52a9-aa00-1d8ff53b5402,이전화면,,,,
7281e323-1fec-52a9-aa00-1d8ff53b5402,새로고침,,,,
c39a0da2-3377-54d8-a2f3-025ac07a8702,이전 페이지,,,,
c39a0da2-3377-54d8-a2f3-025ac07a8702,플레이스,,,,
c39a0da2-3377-54d8-a2f3-025ac07a8702,페이지 닫기,,,,
c39a0da2-3377-54d8-a2f3-025ac07a8702,서비스 이용이 제한되었습니다.,,,,
c39a0da2-3377-54d8-a2f3-025ac07a8702,과도한 접근 요청으로 서비스 이용이 제한되었습니다.,,,,
c39a0da2-3377-54d8-a2f3-025ac07a8702,잠시 후 다시 시도해주세요.,,IP: 211.192.210.178(2026.03.09 14:38:02),,
c39a0da2-3377-54d8-a2f3-025ac07a8702,이전화면새로고침,,,,
143d6714-302f-54c2-a809-300899acc40c,포장,,,,
143d6714-302f-54c2-a809-300899acc40c,배달,,,,
143d6714-302f-54c2-a809-300899acc40c,대표메뉴,대표,,,
143d6714-302f-54c2-a809-300899acc40c,(ICE)아메리카노,대표,"(기본 2샷) 메가MGC커피 블렌드 원두로 추출한 에스프레소에 물을 더해, 풍부한 바디감을 느낄 수 있는 스탠다드 커피",3000,"3,000원"
143d6714-302f-54c2-a809-300899acc40c,(ICE)메가리카노,대표,,,
143d6714-302f-54c2-a809-300899acc40c,대용량 1L 아이스 아메리카노~,대표,,4700,"4,700원"
143d6714-302f-54c2-a809-300899acc40c,(ICE)큐브라떼,대표,"연유를 섞은 라떼에 에스프레소를 얼린 커피큐브를 올려, 녹을수록 더 진한 커피가 느껴지는 라떼",5700,"5,700원"
143d6714-302f-54c2-a809-300899acc40c,복숭아아이스티,대표,홍차의 깊은 맛과 풍부한 복숭아 향이 어우러진 달콤한 여름철 인기 음료,4500,"4,500원"
143d6714-302f-54c2-a809-300899acc40c,쿠키프라페,대표,"오레오의 특유의 맛과 부드러운 우유, 그리고 바닐라 향의 조화를 느낄 수 있는 메가MGC커피 베스트 메뉴",5400,"5,400원"
143d6714-302f-54c2-a809-300899acc40c,펼쳐서 더보기,,,,
143d6714-302f-54c2-a809-300899acc40c,신메뉴,,,,
143d6714-302f-54c2-a809-300899acc40c,크런치 피스타쵸 프라페,,피스타치오와 시리얼이 어우러진 고소한 풍미에 바삭바삭 씹히는 크런치 식감과 달콤한 초코 소스가 어우러진 시즌 한정 프라페,5500,"5,500원"
143d6714-302f-54c2-a809-300899acc40c,딸기라떼,,딸기과육이 풍부히 느껴지는 스테디 셀러 산뜻하고 달콤한 딸기가 가득해 부드러운 우유와 어우러져 더욱 기분 좋게 즐기는 아이스 라떼,5200,"5,200원"
143d6714-302f-54c2-a809-300899acc40c,말차젤라또 퐁당 딸기프라페,,한입 가득 진한 말차향이 퍼지는 말차 젤라또에 부드러운 딸기 밀크 쉐이크가 어우러져 기분 좋은 달콤 쌉싸름한 맛이 입안 가득 맴도는 프라페,5900,"5,900원"
143d6714-302f-54c2-a809-300899acc40c,딸기젤라또 퐁당 딥 초코라떼,,상큼한 딸기청에 찌인한 초코가 만나 맛이 없을 수 없는 달콤한 마법 같은 맛 딸기가 콕콕 박힌 딸기 젤라또를 요리조리 섞어서 즐기면 상큼 달달 더욱 맛있어지는 초코 라떼,5900,"5,900원"
143d6714-302f-54c2-a809-300899acc40c,그린키위 콕콕 딸키스무디,,진한 딸기청에 키위 씨가 콕콕 박힌 그린키위 스무디를 가득 올려 한잔 가득 새콤달콤 즐기는 스무디,5500,"5,500원"
143d6714-302f-54c2-a809-300899acc40c,펼쳐서 더보기,,,,
143d6714-302f-54c2-a809-300899acc40c,커피,,,,
143d6714-302f-54c2-a809-300899acc40c,할메가커피,,우리 할머니께서 즐겨드시던 달달한 믹스 커피 스타일로 만든 메가MGC커피만의 시원한 커피 음료,3600,"3,600원"
143d6714-302f-54c2-a809-300899acc40c,왕할메가커피,,우리 할머니께서 즐겨드시던 달달한 믹스 커피 스타일로 만든 메가MGC커피만의 메가사이즈 커피 음료,4700,"4,700원"
143d6714-302f-54c2-a809-300899acc40c,(ICE)메가리카노,대표,,,
143d6714-302f-54c2-a809-300899acc40c,대용량 1L 아이스 아메리카노~,대표,,4700,"4,700원"
143d6714-302f-54c2-a809-300899acc40c,(HOT)아메리카노,,"(기본 2샷) 메가MGC커피 블렌드 원두로 추출한 에스프레소에 물을 더해, 풍부한 바디감을 느낄 수 있는 스탠다드 커피",3000,"3,000원"
143d6714-302f-54c2-a809-300899acc40c,(ICE)아메리카노,대표,"(기본 2샷) 메가MGC커피 블렌드 원두로 추출한 에스프레소에 물을 더해, 풍부한 바디감을 느낄 수 있는 스탠다드 커피",3000,"3,000원"
143d6714-302f-54c2-a809-300899acc40c,펼쳐서 더보기,,,,
143d6714-302f-54c2-a809-300899acc40c,디카페인,,,,
143d6714-302f-54c2-a809-300899acc40c,(ICE)디카페인 메가리카노,,메가MGC커피 디카페인 아메리카노를 '960ml' 더 크고 가볍게 즐길 수 있는 대용량 커피,6000,"6,000원"
143d6714-302f-54c2-a809-300899acc40c,(HOT)디카페인 아메리카노,,향과 풍미 그대로 카페인만을 낮춰 민감한 분들도 안심하고 매일매일 즐길 수 있는 디카페인 커피,4500,"4,500원"
143d6714-302f-54c2-a809-300899acc40c,(ICE)디카페인 아메리카노,,향과 풍미 그대로 카페인만을 낮춰 민감한 분들도 안심하고 매일매일 즐길 수 있는 디카페인 커피,4500,"4,500원"
143d6714-302f-54c2-a809-300899acc40c,(HOT)디카페인 헛개리카노,,국내산 헛개수와 메가MGC커피만의 디카페인 아메리카노를 더해 고소한 맛이 조화로운 블렌딩 커피,4900,"4,900원"
143d6714-302f-54c2-a809-300899acc40c,(ICE)디카페인 헛개리카노,,국내산 헛개수와 메가MGC커피만의 디카페인 아메리카노를 더해 고소한 맛이 조화로운 블렌딩 커피,4900,"4,900원"
143d6714-302f-54c2-a809-300899acc40c,펼쳐서 더보기,,,,
143d6714-302f-54c2-a809-300899acc40c,콜드브루,,,,
143d6714-302f-54c2-a809-300899acc40c,(HOT)콜드브루오리지널,,차가운 물에 장시간 우려내 깔끔한 목넘김을 느낄 수 있는 콜드브루,5000,"5,000원"
143d6714-302f-54c2-a809-300899acc40c,(ICE)콜드브루오리지널,,차가운 물에 장시간 우려내 깔끔한 목넘김을 느낄 수 있는 콜드브루,5000,"5,000원"
143d6714-302f-54c2-a809-300899acc40c,(HOT)콜드브루라떼,,"콜드브루에 고소한 우유를 섞어, 깔끔함과 부드러움을 잡은 콜드브루 라떼",5500,"5,500원"
143d6714-302f-54c2-a809-300899acc40c,(ICE)콜드브루라떼,,"콜드브루에 고소한 우유를 섞어, 깔끔함과 부드러움을 잡은 콜드브루 라떼",5500,"5,500원"
143d6714-302f-54c2-a809-300899acc40c,콜드브루상품용,,,,
143d6714-302f-54c2-a809-300899acc40c,1L 콜드브루 원액입니다.,,,22000,"22,000원"
143d6714-302f-54c2-a809-300899acc40c,펼쳐서 더보기,,,,
143d6714-302f-54c2-a809-300899acc40c,스무디&프라페,,,,
143d6714-302f-54c2-a809-300899acc40c,코코넛커피 스무디,,바삭하고 고소한 코코넛 칩을 올리고 쌉싸름한 커피와 달콤한 코코넛이 조화로운 스무디,6200,"6,200원"
143d6714-302f-54c2-a809-300899acc40c,초코허니퐁크러쉬,,리얼 벌꿀이 들어가 더 달콤한 허니퐁시리얼과 달콤한 초코가 만나 시원하게 즐기는 달달한 프라페,5400,"5,400원"
143d6714-302f-54c2-a809-300899acc40c,플레인퐁크러쉬,,"우유와 퐁시리얼, 얼음을 함께 갈아 시원하게 즐기는 달달한 프라페 음료",5400,"5,400원"
143d6714-302f-54c2-a809-300899acc40c,딸기퐁크러쉬,,"우유와 퐁시리얼, 상큼한 딸기를 믹스하고, 얼음을 함께 갈아 시원하게 즐기는 달달한 프라페 음료",5400,"5,400원"
143d6714-302f-54c2-a809-300899acc40c,바나나퐁크러쉬,,"우유와 퐁시리얼, 부드러운 바나나를 믹스하고, 얼음을 함께 갈아 시원하게 즐기는 달달한 프라페 음료",5400,"5,400원"
143d6714-302f-54c2-a809-300899acc40c,펼쳐서 더보기,,,,
143d6714-302f-54c2-a809-300899acc40c,에이드&주스,,,,
143d6714-302f-54c2-a809-300899acc40c,딸기바나나주스,,"상큼한 딸기와 부드러운 바나나가 만나, 새콤달콤한 매력이 살아 있는 과일 음료",5500,"5,500원"
143d6714-302f-54c2-a809-300899acc40c,딸기주스,,탱글하게 살아 있는 딸기 과육의 상큼함을 만끽할 수 있는 과일 음료,5500,"5,500원"
143d6714-302f-54c2-a809-300899acc40c,블루베리플럼주스,,"새콤달콤한 블루베리와 식이섬유가 풍부한 플럼, 프리바이오틱스를 더해 건강한 블렌딩 주스",5500,"5,500원"
143d6714-302f-54c2-a809-300899acc40c,골드키위주스,,상큼달콤한 프리미엄 골드키위에 밀크씨슬을 더해 일상의 활력을 선사하는 건강한 블렌딩 주스,5500,"5,500원"
143d6714-302f-54c2-a809-300899acc40c,체리콜라,,"체리의 새콤함에 콜라의 청량함을 더해, 남녀노소 좋아하는 에이드",4800,"4,800원"
143d6714-302f-54c2-a809-300899acc40c,펼쳐서 더보기,,,,
143d6714-302f-54c2-a809-300899acc40c,음료,,,,
143d6714-302f-54c2-a809-300899acc40c,(ICE)오레오초코라떼,,달콤한 초콜릿의 풍미와 아삭한 오레오 살아있는 아이스 초코음료,5400,"5,400원"
143d6714-302f-54c2-a809-300899acc40c,핫초코,,부드러운 우유에 진한 초코소스가 어우러져 달콤하게 입맛을 깨우는 초콜릿 음료,5000,"5,000원"
143d6714-302f-54c2-a809-300899acc40c,아이스초코,,부드러운 우유에 진한 초코소스가 어우러져 달콤하게 입맛을 깨우는 초콜릿 음료,5000,"5,000원"
143d6714-302f-54c2-a809-300899acc40c,(HOT)토피넛라떼,,,,
143d6714-302f-54c2-a809-300899acc40c,달콤 고소한 토피넛에 부드러운 우유가 더해진 라떼,,,5300,"5,300원"
143d6714-302f-54c2-a809-300899acc40c,(ICE)토피넛라떼,,,,
143d6714-302f-54c2-a809-300899acc40c,달콤 고소한 토피넛에 부드러운 우유가 더해진 라떼,,,5300,"5,300원"
143d6714-302f-54c2-a809-300899acc40c,펼쳐서 더보기,,,,
143d6714-302f-54c2-a809-300899acc40c,티,대표,,,
143d6714-302f-54c2-a809-300899acc40c,복숭아아이스티,대표,홍차의 깊은 맛과 풍부한 복숭아 향이 어우러진 달콤한 여름철 인기 음료,4500,"4,500원"
143d6714-302f-54c2-a809-300899acc40c,(HOT)사과유자차,,,,
143d6714-302f-54c2-a809-300899acc40c,애플 티의 향긋함과 유자청의 상큼함이 어우러진 과일 티,,,5000,"5,000원"
143d6714-302f-54c2-a809-300899acc40c,(ICE)사과유자차,,,,
143d6714-302f-54c2-a809-300899acc40c,애플 티의 향긋함과 유자청의 상큼함이 어우러진 과일 티,,,5000,"5,000원"
143d6714-302f-54c2-a809-300899acc40c,(HOT)허니자몽블랙티,,달콤한 꿀청에 재운 자몽에 홍차의 부드러움을 어우른 상큼한 과일티,5200,"5,200원"
143d6714-302f-54c2-a809-300899acc40c,(ICE)허니자몽블랙티,,달콤한 꿀청에 재운 자몽에 홍차의 부드러움을 어우른 상큼한 과일티,5200,"5,200원"
143d6714-302f-54c2-a809-300899acc40c,펼쳐서 더보기,,,,
143d6714-302f-54c2-a809-300899acc40c,디저트,,,,
143d6714-302f-54c2-a809-300899acc40c,핫 치킨&딥치즈 치아바타,,쫄깃 바삭한 치아바타에 통살 치킨텐더와 감칠맛 가득 매콤한 MGC 비법소스가 어우러진 따끈한 샌드위치,5600,"5,600원"
143d6714-302f-54c2-a809-300899acc40c,초코스모어쿠키,,초코칩이 콕콕 박힌 촉촉한 초코 쿠키에 달콤하게 구운 마시멜로우가 만나 더 진한 초코 맛 쿠키,4900,"4,900원"
143d6714-302f-54c2-a809-300899acc40c,크로크무슈,,부드러운 빵에 햄과 치즈를 넣어구운 고소한 프랑스식 샌드위치,5800,"5,800원"
143d6714-302f-54c2-a809-300899acc40c,버터버터소금빵,,고소한 프랑스산 프레지덩 버터를 듬뿍넣어 더욱 부드러워진 버터소금빵과 아메리카노를 함께 즐길 수 있는 브런치 메뉴,5200,"5,200원"
143d6714-302f-54c2-a809-300899acc40c,버터버터소금빵(쥬에그잼),,"고소한 프랑스산 프레지덩 버터를 듬뿍넣어 더 부드럽고 짭쪼롬하게 즐길 수 있는 버터소금빵과, 도톰한 과육이 느껴지는 이탈리아 전통 쥬에그잼",5800,"5,800원"
143d6714-302f-54c2-a809-300899acc40c,펼쳐서 더보기,,,,
b566eff0-0271-5829-bbd0-a8187b889397,플레이스,,,,
b566eff0-0271-5829-bbd0-a8187b889397,서비스 이용이 제한되었습니다.,,,,
b566eff0-0271-5829-bbd0-a8187b889397,과도한 접근 요청으로 서비스 이용이 제한되었습니다.,,,,
b566eff0-0271-5829-bbd0-a8187b889397,잠시 후 다시 시도해주세요.,,IP: 211.192.210.178(09/Mar/2026:14:37:51 +0900),,
b566eff0-0271-5829-bbd0-a8187b889397,이전화면,,,,
b566eff0-0271-5829-bbd0-a8187b889397,새로고침,,,,
0f853dfc-1755-50fa-87d0-f54975674165,아메리카노,,,,
0f853dfc-1755-50fa-87d0-f54975674165,HOT AMERICANO,,,1500,"1,500원"
efe05755-2321-5a00-bc10-af19bb7dfb32,이전 페이지,,,,
efe05755-2321-5a00-bc10-af19bb7dfb32,플레이스,,,,
efe05755-2321-5a00-bc10-af19bb7dfb32,페이지 닫기,,,,
efe05755-2321-5a00-bc10-af19bb7dfb32,서비스 이용이 제한되었습니다.,,,,
efe05755-2321-5a00-bc10-af19bb7dfb32,과도한 접근 요청으로 서비스 이용이 제한되었습니다.,,,,
efe05755-2321-5a00-bc10-af19bb7dfb32,잠시 후 다시 시도해주세요.,,IP: 211.192.210.178(2026.03.09 14:35:12),,
efe05755-2321-5a00-bc10-af19bb7dfb32,이전화면새로고침,,,,
10db61c2-837e-554c-8e74-a1f86aad61ed,플레이스,,,,
10db61c2-837e-554c-8e74-a1f86aad61ed,서비스 이용이 제한되었습니다.,,,,
10db61c2-837e-554c-8e74-a1f86aad61ed,과도한 접근 요청으로 서비스 이용이 제한되었습니다.,,,,
10db61c2-837e-554c-8e74-a1f86aad61ed,잠시 후 다시 시도해주세요.,,IP: 211.192.210.178(09/Mar/2026:14:35:04 +0900),,
10db61c2-837e-554c-8e74-a1f86aad61ed,이전화면,,,,
10db61c2-837e-554c-8e74-a1f86aad61ed,새로고침,,,,
f52c4eb3-0338-5851-a484-ce3d49c8d0d0,에스포레소,,,1500,"1,500원"
f52c4eb3-0338-5851-a484-ce3d49c8d0d0,아메리카노,,,1500,"1,500원"
f52c4eb3-0338-5851-a484-ce3d49c8d0d0,녹차라떼,,,3000,"3,000원"
f52c4eb3-0338-5851-a484-ce3d49c8d0d0,캐모마일/페퍼민트,,,3000,"3,000원"
f52c4eb3-0338-5851-a484-ce3d49c8d0d0,레몬/유자/생강차,,,3000,"3,000원"
3ae2aca5-d817-5b65-9adb-f5d6823c651b,배달우리 매장은 배달 주문이 가능합니다,,,,
3ae2aca5-d817-5b65-9adb-f5d6823c651b,대표메뉴,대표,,,
3ae2aca5-d817-5b65-9adb-f5d6823c651b,딸기 쥬스(M),대표,,4500,"4,500원"
3ae2aca5-d817-5b65-9adb-f5d6823c651b,딸기 쥬스(L),대표,,5400,"5,400원"
3ae2aca5-d817-5b65-9adb-f5d6823c651b,딸기 쥬스(XL),대표,,6500,"6,500원"
3ae2aca5-d817-5b65-9adb-f5d6823c651b,아이스 아메리카노(L),대표,,3500,"3,500원"
3ae2aca5-d817-5b65-9adb-f5d6823c651b,아이스 아메리카노(XL),대표,,4000,"4,000원"
3ae2aca5-d817-5b65-9adb-f5d6823c651b,펼쳐서 더보기,,,,
3ae2aca5-d817-5b65-9adb-f5d6823c651b,최신메뉴,,,,
3ae2aca5-d817-5b65-9adb-f5d6823c651b,먹자먹자집밥2(흰밥위에계란+두부김치찌개+김),,,8900,"8,900원"
3ae2aca5-d817-5b65-9adb-f5d6823c651b,건강주스(애플+양배추+케일)설탕시럽x(L),,,6000,"6,000원"
3ae2aca5-d817-5b65-9adb-f5d6823c651b,건강주스(애플+양배추+케일)설탕시럽x(XL),,,7800,"7,800원"
3ae2aca5-d817-5b65-9adb-f5d6823c651b,신선귤주스1+1파격세일(XL),,,6500,"6,500원"
3ae2aca5-d817-5b65-9adb-f5d6823c651b,미니라볶이,,,,
3ae2aca5-d817-5b65-9adb-f5d6823c651b,라면+컵떡볶이+비엔나,,,6900,"6,900원"
3ae2aca5-d817-5b65-9adb-f5d6823c651b,펼쳐서 더보기,,,,
3ae2aca5-d817-5b65-9adb-f5d6823c651b,오늘의메뉴,,,,
3ae2aca5-d817-5b65-9adb-f5d6823c651b,요즘귀한 수박주스 1+1 감사세일(오늘만)(L),,,7500,"7,500원"
3ae2aca5-d817-5b65-9adb-f5d6823c651b,요즘귀한 수박주스 1+1 감사세일(오늘만)(XL),,,8900,"8,900원"
3ae2aca5-d817-5b65-9adb-f5d6823c651b,바나나주스1+1폭탄세일(오늘만)(L),,,7200,"7,200원"
3ae2aca5-d817-5b65-9adb-f5d6823c651b,바나나주스1+1폭탄세일(오늘만)(XL),,,8500,"8,500원"
3ae2aca5-d817-5b65-9adb-f5d6823c651b,열무밥+국물오뎅,,,12500,"12,500원"
3ae2aca5-d817-5b65-9adb-f5d6823c651b,펼쳐서 더보기,,,,
3ae2aca5-d817-5b65-9adb-f5d6823c651b,세트메뉴,,,,
3ae2aca5-d817-5b65-9adb-f5d6823c651b,열무밥+간장계란밥,,,12700,"12,700원"
3ae2aca5-d817-5b65-9adb-f5d6823c651b,열무밥+계란찜,,,12500,"12,500원"
3ae2aca5-d817-5b65-9adb-f5d6823c651b,열무밥+국물오뎅,,,12500,"12,500원"
3ae2aca5-d817-5b65-9adb-f5d6823c651b,열무밥+간장계란밥,,,12700,"12,700원"
3ae2aca5-d817-5b65-9adb-f5d6823c651b,열무밥+국물오뎅,,,12500,"12,500원"
3ae2aca5-d817-5b65-9adb-f5d6823c651b,펼쳐서 더보기,,,,
3ae2aca5-d817-5b65-9adb-f5d6823c651b,모모모 신메뉴,,,,
3ae2aca5-d817-5b65-9adb-f5d6823c651b,열무밥(고추장+참기름)(1인분),,,7500,"7,500원"
3ae2aca5-d817-5b65-9adb-f5d6823c651b,간장계란밥(1인분),,,5700,"5,700원"
3ae2aca5-d817-5b65-9adb-f5d6823c651b,뜨끈한 국물오뎅,,,5700,"5,700원"
3ae2aca5-d817-5b65-9adb-f5d6823c651b,직접만든 달콤한 식혜(L),,,5400,"5,400원"
3ae2aca5-d817-5b65-9adb-f5d6823c651b,직접만든 달콤한 식혜(XL),,,6500,"6,500원"
3ae2aca5-d817-5b65-9adb-f5d6823c651b,펼쳐서 더보기,,,,
3ae2aca5-d817-5b65-9adb-f5d6823c651b,토스트,,,,
3ae2aca5-d817-5b65-9adb-f5d6823c651b,카야잼버터토스트(M),,,5000,"5,000원"
3ae2aca5-d817-5b65-9adb-f5d6823c651b,카야잼치즈토스트(M),,,4700,"4,700원"
3ae2aca5-d817-5b65-9adb-f5d6823c651b,카야잼토스트(M),,,4000,"4,000원"
3ae2aca5-d817-5b65-9adb-f5d6823c651b,애플잼토스트,,,4000,"4,000원"
3ae2aca5-d817-5b65-9adb-f5d6823c651b,애플잼버터토스트,,,5000,"5,000원"
3ae2aca5-d817-5b65-9adb-f5d6823c651b,펼쳐서 더보기,,,,
3ae2aca5-d817-5b65-9adb-f5d6823c651b,생과일주스,,,,
3ae2aca5-d817-5b65-9adb-f5d6823c651b,상큼수박주스(L),,,5400,"5,400원"
3ae2aca5-d817-5b65-9adb-f5d6823c651b,상큼수박주스(XL),,,6500,"6,500원"
3ae2aca5-d817-5b65-9adb-f5d6823c651b,상큼수박주스(M),,,4500,"4,500원"
3ae2aca5-d817-5b65-9adb-f5d6823c651b,신선 귤주스(M),,,4500,"4,500원"
3ae2aca5-d817-5b65-9adb-f5d6823c651b,신선 귤주스(L),,,5400,"5,400원"
3ae2aca5-d817-5b65-9adb-f5d6823c651b,펼쳐서 더보기,,,,
3ae2aca5-d817-5b65-9adb-f5d6823c651b,혼합생과일,,,,
3ae2aca5-d817-5b65-9adb-f5d6823c651b,딸기라떼(L),,,5400,"5,400원"
3ae2aca5-d817-5b65-9adb-f5d6823c651b,딸기라떼(XL),,,6500,"6,500원"
3ae2aca5-d817-5b65-9adb-f5d6823c651b,케일사과주스(L),,,5400,"5,400원"
3ae2aca5-d817-5b65-9adb-f5d6823c651b,케일사과주스(XL),,,6500,"6,500원"
3ae2aca5-d817-5b65-9adb-f5d6823c651b,케일바나나주스(L),,,5400,"5,400원"
3ae2aca5-d817-5b65-9adb-f5d6823c651b,펼쳐서 더보기,,,,
3ae2aca5-d817-5b65-9adb-f5d6823c651b,커피,대표,,,
3ae2aca5-d817-5b65-9adb-f5d6823c651b,아이스 아메리카노(L),대표,,3500,"3,500원"
3ae2aca5-d817-5b65-9adb-f5d6823c651b,아이스 아메리카노(XL),대표,,4000,"4,000원"
3ae2aca5-d817-5b65-9adb-f5d6823c651b,카페라떼(L),,,3900,"3,900원"
3ae2aca5-d817-5b65-9adb-f5d6823c651b,카페라떼(XL),,,5700,"5,700원"
3ae2aca5-d817-5b65-9adb-f5d6823c651b,카푸치노(L),,,3900,"3,900원"
3ae2aca5-d817-5b65-9adb-f5d6823c651b,펼쳐서 더보기,,,,
3ae2aca5-d817-5b65-9adb-f5d6823c651b,스페셜음료,,,,
3ae2aca5-d817-5b65-9adb-f5d6823c651b,초코라떼(L),,,5400,"5,400원"
3ae2aca5-d817-5b65-9adb-f5d6823c651b,초코라떼(XL),,,6500,"6,500원"
3ae2aca5-d817-5b65-9adb-f5d6823c651b,미숫가루(ICE)(L),,,5400,"5,400원"
3ae2aca5-d817-5b65-9adb-f5d6823c651b,미숫가루(ICE)(XL),,,6500,"6,500원"
3ae2aca5-d817-5b65-9adb-f5d6823c651b,복숭아아이스티(ICE)(L),,,5400,"5,400원"
3ae2aca5-d817-5b65-9adb-f5d6823c651b,펼쳐서 더보기,,,,
3ae2aca5-d817-5b65-9adb-f5d6823c651b,원산지,,,,
3ae2aca5-d817-5b65-9adb-f5d6823c651b,접기,,,,
3ae2aca5-d817-5b65-9adb-f5d6823c651b,"쌀:국내산. 배추,고춧가루, 콩,돼지고기:국내산",,,,
c4950de2-4e4a-55fe-b38e-f7764de6533d,딸기 애프터눈티 세트(2인),대표,,,
c4950de2-4e4a-55fe-b38e-f7764de6533d,이용 가능 시간 14:30 - 18:00,대표,,98000,"98,000원"
c4950de2-4e4a-55fe-b38e-f7764de6533d,몬드리안 케이크,대표,고급스러운 맛과 비쥬얼을 자랑하는 몬드리안의 페스티브 한정 델리 케이크를 만나보세요.,,
c4950de2-4e4a-55fe-b38e-f7764de6533d,"65,000~75,000원",대표,,,
c4950de2-4e4a-55fe-b38e-f7764de6533d,시그니처 에이드 & 아이스티 4종,대표,,,
c4950de2-4e4a-55fe-b38e-f7764de6533d,특색 있는 맛과 비주얼의 시그니처 음료 4종,대표,,13000,"13,000원"
c4950de2-4e4a-55fe-b38e-f7764de6533d,시그니처 커피 4종,,블라인드 스팟에서 자체 개발해 유니크한 시그니처 커피 4종,11000,"11,000원"
d7d3e322-680b-5ce2-bb81-1f7d1da2c5fe,이전 페이지,,,,
d7d3e322-680b-5ce2-bb81-1f7d1da2c5fe,문경새재도립공원,,,,
d7d3e322-680b-5ce2-bb81-1f7d1da2c5fe,페이지 닫기,,,,
d7d3e322-680b-5ce2-bb81-1f7d1da2c5fe,이미지 갯수,,,,
d7d3e322-680b-5ce2-bb81-1f7d1da2c5fe,999+,,,,
d7d3e322-680b-5ce2-bb81-1f7d1da2c5fe,문경새재도립공원도립공원,,,,
d7d3e322-680b-5ce2-bb81-1f7d1da2c5fe,알림받기,,,,
d7d3e322-680b-5ce2-bb81-1f7d1da2c5fe,별점,,,,
d7d3e322-680b-5ce2-bb81-1f7d1da2c5fe,"4.41방문자 리뷰 5,251블로그 리뷰 8,419",,,,
d7d3e322-680b-5ce2-bb81-1f7d1da2c5fe,출발,,,,
d7d3e322-680b-5ce2-bb81-1f7d1da2c5fe,도착,,,,
d7d3e322-680b-5ce2-bb81-1f7d1da2c5fe,저장,,,,
d7d3e322-680b-5ce2-bb81-1f7d1da2c5fe,거리뷰,,,,
d7d3e322-680b-5ce2-bb81-1f7d1da2c5fe,공유,,,,
d7d3e322-680b-5ce2-bb81-1f7d1da2c5fe,홈,,,,
d7d3e322-680b-5ce2-bb81-1f7d1da2c5fe,소식,,,,
d7d3e322-680b-5ce2-bb81-1f7d1da2c5fe,리뷰,사진,,,
d7d3e322-680b-5ce2-bb81-1f7d1da2c5fe,정보,사진,,,
d7d3e322-680b-5ce2-bb81-1f7d1da2c5fe,주소,사진,,,
d7d3e322-680b-5ce2-bb81-1f7d1da2c5fe,경북 문경시 문경읍 새재로 932,사진,,,
d7d3e322-680b-5ce2-bb81-1f7d1da2c5fe,찾아가는길,사진,◎서울 (1시간 40분 소요) 중부고속도로 → 호법분기점 → 영동고속도로 → 여주분기점 → 중부내륙고속도로 → 문경새재IC → 문경새재도립공원 ◎부산 · 대구 (대구 1시간 20분 소요) 경부고속도로 → 김천분기점 → 중부내륙고속도로 → 문경새재IC → 문경새재도립공원 ◎대...,,
d7d3e322-680b-5ce2-bb81-1f7d1da2c5fe,내용 더보기,사진,,,
d7d3e322-680b-5ce2-bb81-1f7d1da2c5fe,전화번호,사진,,,
d7d3e322-680b-5ce2-bb81-1f7d1da2c5fe,0507-1321-0709,사진,,,
d7d3e322-680b-5ce2-bb81-1f7d1da2c5fe,안내,사진,,,
d7d3e322-680b-5ce2-bb81-1f7d1da2c5fe,복사,사진,,,
d7d3e322-680b-5ce2-bb81-1f7d1da2c5fe,홈페이지,사진,https://www.gbmg.go.kr/tour/contents.do?mId=0101010100,,
d7d3e322-680b-5ce2-bb81-1f7d1da2c5fe,편의,사진,,,
d7d3e322-680b-5ce2-bb81-1f7d1da2c5fe,"남/녀 화장실 구분, 주차",사진,,,
d7d3e322-680b-5ce2-bb81-1f7d1da2c5fe,정보,사진,,,
d7d3e322-680b-5ce2-bb81-1f7d1da2c5fe,더보기,사진,,,
d7d3e322-680b-5ce2-bb81-1f7d1da2c5fe,클립,사진,,,
d7d3e322-680b-5ce2-bb81-1f7d1da2c5fe,더보기,사진,,,
d7d3e322-680b-5ce2-bb81-1f7d1da2c5fe,클립 올리고,사진,,,
d7d3e322-680b-5ce2-bb81-1f7d1da2c5fe,네이버페이,사진,,,
d7d3e322-680b-5ce2-bb81-1f7d1da2c5fe,포인트 적립하기,사진,,,
d7d3e322-680b-5ce2-bb81-1f7d1da2c5fe,방문자 사진·영상,사진,,,
d7d3e322-680b-5ce2-bb81-1f7d1da2c5fe,동영상,사진,,,
d7d3e322-680b-5ce2-bb81-1f7d1da2c5fe,동영상,사진,,,
d7d3e322-680b-5ce2-bb81-1f7d1da2c5fe,동영상,사진,,,
d7d3e322-680b-5ce2-bb81-1f7d1da2c5fe,방문자 사진·영상,사진,,,
d7d3e322-680b-5ce2-bb81-1f7d1da2c5fe,더보기,사진,,,
d7d3e322-680b-5ce2-bb81-1f7d1da2c5fe,"방문자 리뷰5,251",사진,,,
d7d3e322-680b-5ce2-bb81-1f7d1da2c5fe,"""산책로가 잘 되어있어요""",사진,,,
d7d3e322-680b-5ce2-bb81-1f7d1da2c5fe,이 키워드를 선택한 인원,사진,,1558,1558
d7d3e322-680b-5ce2-bb81-1f7d1da2c5fe,"""볼거리가 많아요""",,,,
d7d3e322-680b-5ce2-bb81-1f7d1da2c5fe,이 키워드를 선택한 인원,,,1085,1085
d7d3e322-680b-5ce2-bb81-1f7d1da2c5fe,"""주차하기 편해요""",,,,
d7d3e322-680b-5ce2-bb81-1f7d1da2c5fe,이 키워드를 선택한 인원,,,849,849
d7d3e322-680b-5ce2-bb81-1f7d1da2c5fe,"""뷰가 좋아요""",,,,
d7d3e322-680b-5ce2-bb81-1f7d1da2c5fe,이 키워드를 선택한 인원,,,735,735
d7d3e322-680b-5ce2-bb81-1f7d1da2c5fe,"""사진이 잘 나와요""",,,,
d7d3e322-680b-5ce2-bb81-1f7d1da2c5fe,이 키워드를 선택한 인원,,,642,642
d7d3e322-680b-5ce2-bb81-1f7d1da2c5fe,어니언베이귤,,,,
d7d3e322-680b-5ce2-bb81-1f7d1da2c5fe,2.283번째 방문,,대한민국 가장 걷고싶은길 1위 문경새재길 👍👍🏃‍♀️‍➡️🏃‍♀️‍➡️🏃‍♀️‍➡️🏃‍♀️‍➡️. 2관문 휴게소에서 두부김치 막걸리 팔아요~3관문 휴게소에도 있음~ ^^ ##3/1일 부터 2관문 까지 코끼리 열차 운행 시작합니다~,,
d7d3e322-680b-5ce2-bb81-1f7d1da2c5fe,산책로가 잘 되어있어요+3,,,,
d7d3e322-680b-5ce2-bb81-1f7d1da2c5fe,개의 리뷰가 더 있습니다,,,,
d7d3e322-680b-5ce2-bb81-1f7d1da2c5fe,펼쳐보기,,,,
d7d3e322-680b-5ce2-bb81-1f7d1da2c5fe,이미지 수,,,20,20
d7d3e322-680b-5ce2-bb81-1f7d1da2c5fe,실버스톤과루피맘,,,,
d7d3e322-680b-5ce2-bb81-1f7d1da2c5fe,3.81번째 방문,,​문경 가볼만한곳 문경새재도립공원에 다녀왔습니다. 조선시대 영남대로의 중심이었던 이곳은 울창한 숲길과 고풍스러운 관문들이 어우러져 걷는 내내 감탄이 절로 나오는곳입니다. ​제1관문인 주흘관부터 이어지는 황톳길은 맨발로 걷기에도 정말 잘 되어 있어 건강해지는 기분이었습니다. 길 옆으로 흐르는 맑은 계곡물 소리와 새소리 덕분에 제대로 숲캉스를 즐길 수 있었습니다. 중간에 있는 오픈세트장은 마치 사극 속으로 들어온 듯한 특별한 재미를 더해줍니다. 길이 평탄하고 경사가 완만해서 남녀노소 누구나 부담 없이 산책하며 인생샷 남기기에 최적인 장소입니다. ​문경 여행 코스나 가족 나들이 장소를 찾으신다면 방문해 보세요. 자연과 역사가 숨 쉬는 문경의 랜드마크로 추천합니다!,,
d7d3e322-680b-5ce2-bb81-1f7d1da2c5fe,볼거리가 많아요+4,,,,
d7d3e322-680b-5ce2-bb81-1f7d1da2c5fe,개의 리뷰가 더 있습니다,,,,
d7d3e322-680b-5ce2-bb81-1f7d1da2c5fe,펼쳐보기,,,,
d7d3e322-680b-5ce2-bb81-1f7d1da2c5fe,까만안경1,,,,
d7d3e322-680b-5ce2-bb81-1f7d1da2c5fe,1.253번째 방문,,문경새재 걷기 너무 좋은곳이라 날씨도 추운겨울이지만 또 차끌고 와봤음 일욜이라 사람들 좀 있었고 경치도좋고 옆에 계곡에 물도 진짜 맑고 2관문가서 약수터 물맛도 보고하니 진짜 힐링되는듯 밑에입구 2주차장에 주차하고 2관문까지 왕복하면 1시간 30분정도 걸리고 3관문까지 왕복하면 3시간정도 걸리니 가시는분들 참고하세요 걷는길이 별로 힘들지도않고 나무냄새도좋고 볼거리도 많으니 꼭 가보세요 진짜 너무 좋은곳 주차비 안받는게 신기한곳🤩🤩,,
d7d3e322-680b-5ce2-bb81-1f7d1da2c5fe,볼거리가 많아요+4,,,,
d7d3e322-680b-5ce2-bb81-1f7d1da2c5fe,개의 리뷰가 더 있습니다,,,,
d7d3e322-680b-5ce2-bb81-1f7d1da2c5fe,펼쳐보기,,,,
d7d3e322-680b-5ce2-bb81-1f7d1da2c5fe,방문자 리뷰,,,,
d7d3e322-680b-5ce2-bb81-1f7d1da2c5fe,더보기,,,,
d7d3e322-680b-5ce2-bb81-1f7d1da2c5fe,"블로그 리뷰8,419",,,,
d7d3e322-680b-5ce2-bb81-1f7d1da2c5fe,블루데이,,,,
d7d3e322-680b-5ce2-bb81-1f7d1da2c5fe,여행의 즐거움!!!,,"⏰️ 여행일자는 2026년 2월 25일이다. 문경 당일치기 여행으로 문경새재 오픈세트장, 봉명산 출렁다리, 폐역인 가은역까지 연계한 여행이었다. 문경새재 오픈 세트장. 여행 전날 서울을 비롯하여 경기도 지역에 눈이 내린다는 예보가 있었지만 일부 지역만 빼고는 눈이 내리지 않았다. 최근 들어 개봉한 영화 '왕과 사는 남자'라는 영화가 개봉되어 인기를 얻고 있는데, 문경새재에 세트장이 있다 하여 찾아보았다. 주차시설. 문경새재 도립공원 입구에 제1주차장부터 제4주차장까지 있는데, 제1주차장이 입구에서 제일 가깝다. 이용료는 무료. 주차장에서 내리니 주차장 뒤편으로 위치한 산은 새하얀 모습을 하고 있어 처음부터 탄성을 지르게 만들었다. 문경새재 입구로 향하는 길에도 많은 눈이 쌓여있는 모습이 보이는데 '아~~! 올 겨울의 마지막 눈 구경인가 보다.' 하는 맘으로 눈길을 걷자니 발밑으로 ""뽀드득"" 하는 눈 밟는 소리가 기분을 좋게 만들어 주었다. 선비의 상을 지나 좀 더 안으로 들어가다 보면 #옛길박물관 이 보이는데 무슨 공사를 진행하는지 조금은 어수선한 분위기이지만 뒤편의 설산과 어울려 멋진 풍경을 보여주었다. 걸으며 쥬변의 풍경을 감상하느라 발걸음이 늦어진다. 누군가가 길가에 귀여운 눈사람을 만들어 놓은 모습도 보이고, 미로공원으로 건너갈 수 있는 징검다리에도 눈이 쌓여있어 정겨움을 준다. 멀리 바라보니 설경이 멋지다. 문경새재 제1관문 앞에 다다르니 이곳이 #문경새재과거길 이었음을 알려주는 커다란 바위가 자리하고 있고, 맞은편으로는 일곱 난쟁이와 백설 공주의 조형물이 보인다. 문경새재 제1관문인 주흘관을 지난다. 날이 따뜻해지면서 눈이 녹아 처마 밑으로 물이 떨어져 피해 가야 했다. 주흘관을 지나 얼마 안 돼 #문경새재오픈세트장 입구에 도착했다. 입구에는 #왕과 사는 남자를 비롯하여 많은 영화와 드라마가 촬영되었는지 보여준다. 문경새재 오픈세트장 운영시간은 09:00 ~ 18:00(11월부터 익년 2월까지는 17:00) 입장요금은 성인 기준으로 2,000원. 입구를 지나니 다리를 만나고 이를 건너 우측으로 돌아서니 <용사교> 광화문을 재현해 놓았는데 이곳은 나오면서 돌아보기로 하고 일반 고택의 세트장부터 돌아봤다. #소원연못 광화문 맞은편에 커다란 저택 안으로 들어가 보니 작은 연못 위로 다리가 놓인 모습이 보인다. 다리 가운데 인물을 세우고 마치 소원을 비는 자세로 사진을 담으면 좋을 것 같다. 처마끝의 낙수. 담장의 아지랑이? 날이 따뜻해지면서 담장에 쌓인 눈이 녹으며...",,
d7d3e322-680b-5ce2-bb81-1f7d1da2c5fe,3.15.일,,,,
d7d3e322-680b-5ce2-bb81-1f7d1da2c5fe,2026년 3월 15일 일요일,,,,
d7d3e322-680b-5ce2-bb81-1f7d1da2c5fe,이미지 수,,,83,83
d7d3e322-680b-5ce2-bb81-1f7d1da2c5fe,두공주와,,,,
d7d3e322-680b-5ce2-bb81-1f7d1da2c5fe,두공주와 더불어 행복해지는 공간,,"문경새재도립공원에서는 하루가 즐겁습니다 새재옛길 트레킹을 중심으로 먹거리, 볼거리 등 즐길거리가 집약되었습니다. 금강산도 식후경이라 맛있는 한 끼로 시작합니다. 수도권 집에서 출발하여 2시간 30분 남짓 문경새재 도립공원에 도착합니다. 당일치기 일정도 가능하고 주말 이틀간 1박 2일 나들이는 여유로워지네요. 그러한 여행의 출발지는 문경새재도립공원입니다. 1년에 3~4번 찾을 만큼 계절마다 달라지는 수려한 풍경 등 즐길 거리가 많습니다. 문경새재 도립공원 초입으로는 먹거리 식당가가 형성 하루를 조금 늦게 시작한 나들이 이른 점심으로 시작합니다. 주차장 초입에서 옛길박물관에 이르는 구간, 문경시농특산물직판장 등 식당가가 이어집니다. 르무통체험공간 르무통 카페도 있습니다. 새재옛길을 걷기 전 또는 걸은 후 맛있는 한 끼를 즐기기에 적당합니다. 하지만 방문 당시 도로 보수로 인해 조금은 부산스러웠습니다. 봄이 오기 전 재정비가 진행되는 듯 보였습니다. 백년가게 & 문경시 으뜸음식점 새재할매집 어디로 갈까? 고민하던 찰나 백년가게 문구에 들어갑니다. 대통령의 맛집 새재 할매집이었습니다. 여행을 하다 보면 그냥 지나칠 수 없는 간판이 있습니다. 식당의 경우, 착한가격업소, 백넌가게 등이며, 갈색의 문화유산 알림판 등입니다. 새재할매집은 SINCE 1973 백년가게가 안내됩니다. 백년가게란 30년 이상 명맥을 유지하면서 오래도록 고객의 꾸준한 사랑을 받아온 점포 가운데 중소벤처기업부로부터 우수성과 성장 가능성을 인증받은 점포입니다. 1973년 문경새재 1관문은 주흘관 안쪽 새재산장으로 시작된 새재할매집은 문경새재 관광지 개발정책으로 현재의 자리를 이주하여 50년을 이어오고 있었습니다. 새재할매집의 또 다른 명칭이 있었으니 대통령의 맛집입니다. 윤보선 대통령이 찾았었네요. 직접 담근 고추장과 된장으로 간을 한 고추장 약돌돼지 석쇠구이 전문점으로 고추장 양념 석쇠구이와 더덕구이가 주메뉴입니다. 두 가지 모두 맛보고 싶었으나 2인 이상 주문이 기본으로 석쇠구이만 주문합니다. 넓은 홀에는 이른 점심임에도 손님이 많네요. 기본 6찬, 상추쌈이 먼저 나오고 조금 있으니 바로 구워진 석쇠 구이도 차려집니다. 삼겹살 고추장 구이입니다. 먹기 좋게 잘라서는 한입에 쏘옥, 아는 맛이 무섭다 하지요. 한국인들이 가장 좋아하는 메뉴는 양념이 잘 배여서는 적당한 단맛과 깊은 맛이 좋았습니다. 고기와 밑반찬까지 깨끗하게 비웠습니다. 잡채를 비롯하여 기본 찬은 모두...",,
d7d3e322-680b-5ce2-bb81-1f7d1da2c5fe,3.11.수,,,,
d7d3e322-680b-5ce2-bb81-1f7d1da2c5fe,2026년 3월 11일 수요일,,,,
d7d3e322-680b-5ce2-bb81-1f7d1da2c5fe,이미지 수,,,25,25
d7d3e322-680b-5ce2-bb81-1f7d1da2c5fe,리리사랑,,,,
d7d3e322-680b-5ce2-bb81-1f7d1da2c5fe,"완벽한 엄마보다, 다시 안아주는 엄마가 더 중요하다",,,,
d7d3e322-680b-5ce2-bb81-1f7d1da2c5fe,"[문경]문경새재,진일미(중식당)",,"문경새재 뜻 새재(鳥嶺): ‘새도 날아서 넘기 힘든 고개’라는 뜻으로, 높고 험준한 고개를 가리키는 말로 설명됩니다 경상북도 문경시에 있는 대표적인 옛길로, 조선시대 과거 보러 가던 선비들이 넘던 고갯길이에요. 자연 풍경이 아름답고 성곽·관문이 잘 보존돼 있어 가족 나들이 코스로 인기 많아요. 볼거리 주흘관·조곡관·조령관: 옛 관문 3곳 (포토스팟) 드라마·영화 촬영 세트장 완만한 황톳길 산책로 (유모차 가능 구간 있음) ♀️ 코스 1관문(주흘관) → 2관문(조곡관): 왕복 약 6~7km 아이와 걷기 무난한 코스 저희도 2관문까지 갔다가 돌아왔어요^^ 이용 팁 주차장 넓은 편 (성수기엔 혼잡) 편한 운동화 필수, 여름엔 모자,물 필수준비 올라가는길 볼거리가 있어요 산세가 너무 멋있어요 날씨도 좋고 2구간까지 도란도란 얘기하면서 걷기 너무 좋았습니다~ 문경 진일미는 경북 문경시에 있는 중식(중국집) 맛집으로, 방송에도 나온 곳입니다. 무엇보다 지역 특산물을 이용한 음식이라 더 좋았어요~ 위치 경북 문경시 매봉2길 23-6 전화: 0507-1400-9799 ⏰ 영업시간 화~일: 11:00 ~ 22:00 브레이크타임: 15:00 ~ 17:00 월요일 정기휴무 대표 메뉴 족살해물짬뽕 (시그니처) 족살간짜장 족살해물순두부짬뽕 약돌등심 탕수육 유니짜장 / 볶음밥 등 ⭐ 특징 메뉴는 대표메뉴들로 시켜봤어요 지역 특산물을 이용한 요리라 특색있고 기본은 하는집 같아요 문경 새재근처니 한번 들러보시는것도 좋을듯요~^^ 유니짜장면+족살해물짬뽕 7천원/1만1천원 약돌 등심탕수육 1만7천원",,
d7d3e322-680b-5ce2-bb81-1f7d1da2c5fe,3.11.수,,,,
d7d3e322-680b-5ce2-bb81-1f7d1da2c5fe,2026년 3월 11일 수요일,,,,
d7d3e322-680b-5ce2-bb81-1f7d1da2c5fe,이미지 수,,,14,14
d7d3e322-680b-5ce2-bb81-1f7d1da2c5fe,블로그 리뷰,,,,
d7d3e322-680b-5ce2-bb81-1f7d1da2c5fe,더보기,,,,
d7d3e322-680b-5ce2-bb81-1f7d1da2c5fe,로딩중,,,,
d7d3e322-680b-5ce2-bb81-1f7d1da2c5fe,알고 계신 정보와 다른 정보가 있나요?,,,,
d7d3e322-680b-5ce2-bb81-1f7d1da2c5fe,사진으로 간단하게 제보해 주세요.,,,,
d7d3e322-680b-5ce2-bb81-1f7d1da2c5fe,정보 수정 제안하기,,,,
8ac23c78-ee90-5163-aefc-f09f6bf3970e,이전 페이지,,,,
8ac23c78-ee90-5163-aefc-f09f6bf3970e,벤처아리랑,,,,
8ac23c78-ee90-5163-aefc-f09f6bf3970e,페이지 닫기,,,,
8ac23c78-ee90-5163-aefc-f09f6bf3970e,거리뷰,,,,
8ac23c78-ee90-5163-aefc-f09f6bf3970e,"벤처아리랑공연,연극시설",,,,
8ac23c78-ee90-5163-aefc-f09f6bf3970e,알림받기,,,,
8ac23c78-ee90-5163-aefc-f09f6bf3970e,블로그 리뷰 1,,,,
8ac23c78-ee90-5163-aefc-f09f6bf3970e,출발,,,,
8ac23c78-ee90-5163-aefc-f09f6bf3970e,도착,,,,
8ac23c78-ee90-5163-aefc-f09f6bf3970e,저장,,,,
8ac23c78-ee90-5163-aefc-f09f6bf3970e,거리뷰,,,,
8ac23c78-ee90-5163-aefc-f09f6bf3970e,공유,,,,
8ac23c78-ee90-5163-aefc-f09f6bf3970e,홈,,,,
8ac23c78-ee90-5163-aefc-f09f6bf3970e,리뷰,사진,,,
8ac23c78-ee90-5163-aefc-f09f6bf3970e,주소,사진,,,
8ac23c78-ee90-5163-aefc-f09f6bf3970e,서울 종로구 창덕궁1길 31,사진,,,
8ac23c78-ee90-5163-aefc-f09f6bf3970e,3안국역 3번 출구에서 336m,사진,,,
8ac23c78-ee90-5163-aefc-f09f6bf3970e,미터,사진,,,
8ac23c78-ee90-5163-aefc-f09f6bf3970e,영업시간 정보 수정,사진,,,
8ac23c78-ee90-5163-aefc-f09f6bf3970e,영업시간 수정 제안하기,사진,,,
8ac23c78-ee90-5163-aefc-f09f6bf3970e,추가,사진,,,
8ac23c78-ee90-5163-aefc-f09f6bf3970e,전화번호,사진,,,
8ac23c78-ee90-5163-aefc-f09f6bf3970e,전화번호 보기,사진,,,
8ac23c78-ee90-5163-aefc-f09f6bf3970e,안내,사진,,,
8ac23c78-ee90-5163-aefc-f09f6bf3970e,홈페이지,사진,,,
8ac23c78-ee90-5163-aefc-f09f6bf3970e,http://arirang.pro/,사진,,,
8ac23c78-ee90-5163-aefc-f09f6bf3970e,블로그,사진,,,
8ac23c78-ee90-5163-aefc-f09f6bf3970e,방문자 리뷰,사진,,,
8ac23c78-ee90-5163-aefc-f09f6bf3970e,방문 키워드 통계 그래프 예시입니다.,사진,,,
8ac23c78-ee90-5163-aefc-f09f6bf3970e,현재 0명 참여,사진,,,
8ac23c78-ee90-5163-aefc-f09f6bf3970e,10명 이상 참여하면,사진,,,
8ac23c78-ee90-5163-aefc-f09f6bf3970e,방문 키워드 통계가 공개됩니다!,사진,,,
8ac23c78-ee90-5163-aefc-f09f6bf3970e,아직 등록된 리뷰가 없습니다.,사진,,,
8ac23c78-ee90-5163-aefc-f09f6bf3970e,첫 리뷰를 작성해보세요!,사진,,,
8ac23c78-ee90-5163-aefc-f09f6bf3970e,블로그 리뷰1,사진,,,
8ac23c78-ee90-5163-aefc-f09f6bf3970e,팔일이삼플라워,사진,,,
8ac23c78-ee90-5163-aefc-f09f6bf3970e,☎ 080-8123-8123,사진,,,
8ac23c78-ee90-5163-aefc-f09f6bf3970e,벤처아리랑꽃배달 계동화환 오만구천원 특급무료배송,사진,"벤처아리랑꽃배달 계동화환 오만구천원 특급무료배송 오늘도 친절한 베스트플라워 소개올립니다. 벤처아리랑꽃배달 주문해주시면 3시간 이내로 배송을 도와드립니다. 당일배송은 벤처아리랑꽃배달 오전 9시부터 오후 7시까지입니다. 접수는 24시간 벤처아리랑꽃배달 가능하며 당일 접수 시간이 넘어가면 다음날 오전에 배송됩니다. 벤처아리랑꽃배달로 퀄리티 좋은 화환을 합리적인 가격에 구매해보세요. 축하화환도 벤처아리랑꽃배달이 되는 베스트플라워입니다. 근조화환도 벤처아리랑꽃배달이 되는 베스트플라워입니다. 근조화환은 국내산 대국을 사용하여 만들고, 축하화환은 계절소재와 그린소재로 가격대비 좋은 퀄리티로 제작합니다.",,
8ac23c78-ee90-5163-aefc-f09f6bf3970e,18.3.22.목,사진,,,
8ac23c78-ee90-5163-aefc-f09f6bf3970e,2018년 3월 22일 목요일,사진,,,
8ac23c78-ee90-5163-aefc-f09f6bf3970e,이미지 수,사진,,3,3
8ac23c78-ee90-5163-aefc-f09f6bf3970e,로딩중,,,,
8ac23c78-ee90-5163-aefc-f09f6bf3970e,알고 계신 정보와 다른 정보가 있나요?,,,,
8ac23c78-ee90-5163-aefc-f09f6bf3970e,사진으로 간단하게 제보해 주세요.,,,,
8ac23c78-ee90-5163-aefc-f09f6bf3970e,정보 수정 제안하기,,,,
8071c461-720b-5abf-ba9f-851b4d873e27,브리즈 아메리카노,대표,,,
8071c461-720b-5abf-ba9f-851b4d873e27,부드러운 풍미를 가진 브리즈 시그니쳐 메뉴,대표,,2500,"2,500원"
8071c461-720b-5abf-ba9f-851b4d873e27,토피넛라떼,대표,,,
8071c461-720b-5abf-ba9f-851b4d873e27,달달하고 고소한 토피넛의 매력을 사계절 즐겨보세요,대표,,4800,"4,800원"
8071c461-720b-5abf-ba9f-851b4d873e27,카페라떼,,,,
8071c461-720b-5abf-ba9f-851b4d873e27,부드럽게 넘어가는 브리즈 추천메뉴입니다.,,,3000,"3,000원"
8071c461-720b-5abf-ba9f-851b4d873e27,로얄밀크티,,,,
8071c461-720b-5abf-ba9f-851b4d873e27,영국 왕실의 향을 느낄 수 있는 정통 로얄밀크티,,,3800,"3,800원"
8071c461-720b-5abf-ba9f-851b4d873e27,민트초콜릿,,,,
8071c461-720b-5abf-ba9f-851b4d873e27,민초단 소환!,,,4800,"4,800원"
8071c461-720b-5abf-ba9f-851b4d873e27,생과일쥬스,,,,
8071c461-720b-5abf-ba9f-851b4d873e27,"딸기바나나,유자요거트,바나나,키위,토마토",,,4500,"4,500원"
8071c461-720b-5abf-ba9f-851b4d873e27,과일에이드,,,,
8071c461-720b-5abf-ba9f-851b4d873e27,"블루레몬,핑크레몬,오렌지,자몽,청포도",,,,
8071c461-720b-5abf-ba9f-851b4d873e27,변동,,,,
8071c461-720b-5abf-ba9f-851b4d873e27,premium tea,,"과일티-루비 자몽티, 앨리스 레몬티 허브티-캐모마일, 페퍼민트 홍차",,
8071c461-720b-5abf-ba9f-851b4d873e27,변동,,,,
57d3c3f0-f704-5f53-9515-a396554c66e5,이전 페이지,,,,
57d3c3f0-f704-5f53-9515-a396554c66e5,미스티,,,,
57d3c3f0-f704-5f53-9515-a396554c66e5,페이지 닫기,,,,
57d3c3f0-f704-5f53-9515-a396554c66e5,미스티전자담배,,,,
57d3c3f0-f704-5f53-9515-a396554c66e5,알림받기,,,,
57d3c3f0-f704-5f53-9515-a396554c66e5,방문자 리뷰 3,,,,
57d3c3f0-f704-5f53-9515-a396554c66e5,출발,,,,
57d3c3f0-f704-5f53-9515-a396554c66e5,도착,,,,
57d3c3f0-f704-5f53-9515-a396554c66e5,저장,,,,
57d3c3f0-f704-5f53-9515-a396554c66e5,거리뷰,,,,
57d3c3f0-f704-5f53-9515-a396554c66e5,공유,,,,
57d3c3f0-f704-5f53-9515-a396554c66e5,홈,,,,
57d3c3f0-f704-5f53-9515-a396554c66e5,소식,,,,
57d3c3f0-f704-5f53-9515-a396554c66e5,리뷰,사진,,,
57d3c3f0-f704-5f53-9515-a396554c66e5,정보,사진,,,
57d3c3f0-f704-5f53-9515-a396554c66e5,주소,사진,,,
57d3c3f0-f704-5f53-9515-a396554c66e5,서울 도봉구 도봉로110라길 70-11 미스티,사진,,,
57d3c3f0-f704-5f53-9515-a396554c66e5,4쌍문역 2번 출구에서 730m,사진,,,
57d3c3f0-f704-5f53-9515-a396554c66e5,미터,사진,,,
57d3c3f0-f704-5f53-9515-a396554c66e5,영업시간,사진,,,
57d3c3f0-f704-5f53-9515-a396554c66e5,영업 중,사진,,,
57d3c3f0-f704-5f53-9515-a396554c66e5,18:30에 영업 종료,사진,,,
57d3c3f0-f704-5f53-9515-a396554c66e5,18시 30분에 영업 종료,사진,,,
57d3c3f0-f704-5f53-9515-a396554c66e5,펼쳐보기,사진,,,
57d3c3f0-f704-5f53-9515-a396554c66e5,홈페이지,사진,,,
57d3c3f0-f704-5f53-9515-a396554c66e5,https://mistycompany.com/,사진,,,
57d3c3f0-f704-5f53-9515-a396554c66e5,편의,사진,"단체 이용 가능, 주차, 포장, 배달, 예약, 무선 인터넷, 반려동물 동반, 남/녀 화장실 구분",,
57d3c3f0-f704-5f53-9515-a396554c66e5,정보,사진,,,
57d3c3f0-f704-5f53-9515-a396554c66e5,더보기,사진,,,
57d3c3f0-f704-5f53-9515-a396554c66e5,방문자 사진·영상,사진,,,
57d3c3f0-f704-5f53-9515-a396554c66e5,방문자 리뷰3,사진,,,
57d3c3f0-f704-5f53-9515-a396554c66e5,방이동물주먹,사진,,,
57d3c3f0-f704-5f53-9515-a396554c66e5,23.8.291번째 방문영수증,사진,지나가다가 와야지 하다가 온 곳 술좋아하고 안주 조금씩 많이 맛보기 딱좋음 사실 아직 안먹어봤는데 동행이 존맛이라고 해서 존맛이라고 적습니다 일단 평일에 오면 사람 없다는 가정하에 좋늠 테이블은 4인 테이블 열개정도 그리고 창가 테이블 비오는날 좋은것 같다 그리고 마침표,,
57d3c3f0-f704-5f53-9515-a396554c66e5,ㅇㅈㅎ49,사진,,,
57d3c3f0-f704-5f53-9515-a396554c66e5,23.5.221번째 방문결제내역,사진,,,
57d3c3f0-f704-5f53-9515-a396554c66e5,좋아요,사진,,,
57d3c3f0-f704-5f53-9515-a396554c66e5,비타민씨81,사진,,,
57d3c3f0-f704-5f53-9515-a396554c66e5,23.3.261번째 방문결제내역,사진,,,
57d3c3f0-f704-5f53-9515-a396554c66e5,좋아요,사진,,,
57d3c3f0-f704-5f53-9515-a396554c66e5,알고 계신 정보와 다른 정보가 있나요?,사진,,,
57d3c3f0-f704-5f53-9515-a396554c66e5,사진으로 간단하게 제보해 주세요.,사진,,,
57d3c3f0-f704-5f53-9515-a396554c66e5,정보 수정 제안하기,사진,,,
832966f9-6b2d-5264-96f0-6361530bcc76,이전 페이지,,,,
832966f9-6b2d-5264-96f0-6361530bcc76,바닐라스카이,,,,
832966f9-6b2d-5264-96f0-6361530bcc76,페이지 닫기,,,,
832966f9-6b2d-5264-96f0-6361530bcc76,이미지 갯수,,,,
832966f9-6b2d-5264-96f0-6361530bcc76,+12,,,,
832966f9-6b2d-5264-96f0-6361530bcc76,"바닐라스카이카페,디저트",,,,
832966f9-6b2d-5264-96f0-6361530bcc76,방문자 리뷰 27블로그 리뷰 2,,,,
832966f9-6b2d-5264-96f0-6361530bcc76,출발,,,,
832966f9-6b2d-5264-96f0-6361530bcc76,도착,,,,
832966f9-6b2d-5264-96f0-6361530bcc76,저장,,,,
832966f9-6b2d-5264-96f0-6361530bcc76,거리뷰,,,,
832966f9-6b2d-5264-96f0-6361530bcc76,공유,,,,
832966f9-6b2d-5264-96f0-6361530bcc76,홈,,,,
832966f9-6b2d-5264-96f0-6361530bcc76,리뷰,사진,,,
832966f9-6b2d-5264-96f0-6361530bcc76,주소,사진,,,
832966f9-6b2d-5264-96f0-6361530bcc76,서울 종로구 종로 258 대학천상가 1층 C-27호,사진,,,
832966f9-6b2d-5264-96f0-6361530bcc76,14동대문역 9번 출구에서 265m,사진,,,
832966f9-6b2d-5264-96f0-6361530bcc76,미터,사진,,,
832966f9-6b2d-5264-96f0-6361530bcc76,영업시간 정보 수정,사진,,,
832966f9-6b2d-5264-96f0-6361530bcc76,영업시간 수정 제안하기,사진,,,
832966f9-6b2d-5264-96f0-6361530bcc76,추가,사진,,,
832966f9-6b2d-5264-96f0-6361530bcc76,TV방송정보,사진,,,
832966f9-6b2d-5264-96f0-6361530bcc76,"전현무계획 7회, 24.03.29.",사진,,,
832966f9-6b2d-5264-96f0-6361530bcc76,2024년 3월 29일,사진,,,
832966f9-6b2d-5264-96f0-6361530bcc76,살박/얼박사,사진,,,
832966f9-6b2d-5264-96f0-6361530bcc76,"사장님, 플레이스를",사진,,,
832966f9-6b2d-5264-96f0-6361530bcc76,무료로 직접 관리하세요!,사진,,,
832966f9-6b2d-5264-96f0-6361530bcc76,권한 받기,사진,,,
832966f9-6b2d-5264-96f0-6361530bcc76,방문자 사진·영상,사진,,,
832966f9-6b2d-5264-96f0-6361530bcc76,방문자 리뷰27,사진,,,
832966f9-6b2d-5264-96f0-6361530bcc76,"""커피가 맛있어요""",사진,,,
832966f9-6b2d-5264-96f0-6361530bcc76,이 키워드를 선택한 인원,사진,,10,10
832966f9-6b2d-5264-96f0-6361530bcc76,"""음료가 맛있어요""",,,,
832966f9-6b2d-5264-96f0-6361530bcc76,이 키워드를 선택한 인원,,,7,7
832966f9-6b2d-5264-96f0-6361530bcc76,"""친절해요""",,,,
832966f9-6b2d-5264-96f0-6361530bcc76,이 키워드를 선택한 인원,,,5,5
832966f9-6b2d-5264-96f0-6361530bcc76,"""좌석이 편해요""",,,,
832966f9-6b2d-5264-96f0-6361530bcc76,이 키워드를 선택한 인원,,,2,2
832966f9-6b2d-5264-96f0-6361530bcc76,"""가성비가 좋아요""",,,,
832966f9-6b2d-5264-96f0-6361530bcc76,이 키워드를 선택한 인원,,,2,2
832966f9-6b2d-5264-96f0-6361530bcc76,양배추dear맘,,,,
832966f9-6b2d-5264-96f0-6361530bcc76,1.71번째 방문영수증,,오랜만에 찾아가서 마셔봅니다 여전히 사장님 친절하시고 정겨우세요. 감사합니다^^,,
832966f9-6b2d-5264-96f0-6361530bcc76,커피가 맛있어요+1,,,,
832966f9-6b2d-5264-96f0-6361530bcc76,개의 리뷰가 더 있습니다,,,,
832966f9-6b2d-5264-96f0-6361530bcc76,펼쳐보기,,,,
832966f9-6b2d-5264-96f0-6361530bcc76,oReAo,,,,
832966f9-6b2d-5264-96f0-6361530bcc76,25.10.111번째 방문영수증,,조금 기다렸어요 메뉴 만들기 빠른것부터 만들고 해주시네요;;;,,
832966f9-6b2d-5264-96f0-6361530bcc76,음료가 맛있어요,,,,
832966f9-6b2d-5264-96f0-6361530bcc76,xy****,,,,
832966f9-6b2d-5264-96f0-6361530bcc76,24.5.311번째 방문영수증,,,,
832966f9-6b2d-5264-96f0-6361530bcc76,"수박주스, 딸기주스 다 맛있고 친절해요",,,,
832966f9-6b2d-5264-96f0-6361530bcc76,음료가 맛있어요,,,,
832966f9-6b2d-5264-96f0-6361530bcc76,방문자 리뷰,,,,
832966f9-6b2d-5264-96f0-6361530bcc76,더보기,,,,
832966f9-6b2d-5264-96f0-6361530bcc76,블로그 리뷰2,,,,
832966f9-6b2d-5264-96f0-6361530bcc76,호호,,,,
832966f9-6b2d-5264-96f0-6361530bcc76,어디에나 있고 아무데도 없는,,#동대문살박 #동대문박사 #동대문카페 #동대문이색음료 #동대문음료 #동대문핫바 #동대문수제핫바 #동대문길거리음식 #동대문맛집 #동대문한끼 #동대문종합시장간식 #동대문종합시장길거리음식 #동대문종합시장맛집 #길거리음식 #간단히한끼 #한끼대용 #식사대용 #시장간식 #동대문종합시장먹거리골목 #동대문간식골목 #동대문포장마차 #시장먹거리 #전현무계획 #종로신진시장 #대학천책도매상가 #동대문닭한마리골목먹거리 #신진시장카페 #신진시장음료 #신진시장간식 #시장카페 #핫바맛집 #더드림왕수제핫바 #동대문닭한마리골목간식 #동대문종합시장음료 #동대문마실거리 #동대문먹거리 #동대문간식 동대문 (박사 / 살박) 이색 메뉴 카페 [바닐라스카이] 핫바는 여기가 짱이다 [더드림왕수제핫바] 1호선 4호선 동대문역 9번 출구에서 207m 추억의 야채빵 이야기를 쓰다보니 바로 옆집 지난 여름 동대문 살박집과 수제핫바집이 생각나 밀린 포스팅을 해봅니다 ㅎㅎ 추억의 야채빵을 가고 싶으시면 위 지도를 참고하세요^^ 두 군데 모두 바로 옆집 옆집 입니다. 전현무계획에서 나온 살박 카페!! 박사 얼박 등은 먹어봤지만 살박은 처음이라 나도 살박으로~ 살박을 사서 옆집 핫바집으로 이동 ㅋㅋ 이땐 평일 낮이라 휑해보이지만 지난 토요일 방문시 사람이 너무 많아 구매 실패 ㅜㅠ 문어핫바에 살박한잔 분명 기억하건데 세상 부러울게 없는 맛이였습니다. 꽁짜 커피까지 지난주 토욜은 실패했지만 조만간 다시한번 이 믹스꽁짜커피에 어묵한입 도전!! 아 동대문은 너무 먹을게 많사옵니다.,,
832966f9-6b2d-5264-96f0-6361530bcc76,25.1.27.월,,,,
832966f9-6b2d-5264-96f0-6361530bcc76,2025년 1월 27일 월요일,,,,
832966f9-6b2d-5264-96f0-6361530bcc76,이미지 수,,,6,6
832966f9-6b2d-5264-96f0-6361530bcc76,여행하는 그림쟁이,,,,
832966f9-6b2d-5264-96f0-6361530bcc76,여행하는 그림쟁이,,,,
832966f9-6b2d-5264-96f0-6361530bcc76,전현무계획의 그 음료! MZ음료 살박 후기,,"길을 걷다 갑자기 나타났다! 전현무계획의 그 집을 발견했습니다. 카페도 아니요 좌판도 아니니 음료수 파는 집이라고 해야할까나요? 위치는 신진시장이라지만 오히려 동대문 종합시장이 훨씬 가깝습니다. 현무님이 전혀 무계획으로 주문했던 살박을 저도 따라 시켰지요. MZ라면 살박이지.. 라고 하던데요. MZ아니라 전혀 모르겠음. TV에서 넘넘 시원하고 맛있게, 두 잔이나 드시길레 맛이 정말 궁금했어요. 살구+박카스 믹스 음료입니다. 현무 오라버니처럼 쭈욱~~~ 들이키면... 악??? ㅋㅋㅋㅋ 아뉘~~~~~이건? 희한하고 불량스러운 맛입니다. 자양강장제 살구맛 버전이구만요. ㅋㅋ MZ는 이런 맛 좋아하늬?? 전현무님께 낚였네~~ 박카스 먹어서 힘은 난다야!! #살박이천원 #한번이면족해 #신진시장 #전현무계획 #낚였다 #곽튜브도좋아 #바닐라스카이 #전현무 #곽튜브 #곽준빈",,
832966f9-6b2d-5264-96f0-6361530bcc76,24.5.16.목,,,,
832966f9-6b2d-5264-96f0-6361530bcc76,2024년 5월 16일 목요일,,,,
832966f9-6b2d-5264-96f0-6361530bcc76,이미지 수,,,5,5
832966f9-6b2d-5264-96f0-6361530bcc76,TV · 매거진1,,,,
832966f9-6b2d-5264-96f0-6361530bcc76,동영상,,,,
832966f9-6b2d-5264-96f0-6361530bcc76,04:21,,,,
832966f9-6b2d-5264-96f0-6361530bcc76,4분 21초,,[MZ 레벨 테스트] '살박'을 아십니까? MBN 240329 방송,,
832966f9-6b2d-5264-96f0-6361530bcc76,전현무계획 7회,,,,
832966f9-6b2d-5264-96f0-6361530bcc76,로딩중,,,,
832966f9-6b2d-5264-96f0-6361530bcc76,알고 계신 정보와 다른 정보가 있나요?,,,,
832966f9-6b2d-5264-96f0-6361530bcc76,사진으로 간단하게 제보해 주세요.,,,,
832966f9-6b2d-5264-96f0-6361530bcc76,정보 수정 제안하기,,,,
832966f9-6b2d-5264-96f0-6361530bcc76,관련 링크2,,,,
832966f9-6b2d-5264-96f0-6361530bcc76,다이닝코드에서 보기,,,,
832966f9-6b2d-5264-96f0-6361530bcc76,식신에서 보기,,,,
bf13a4e2-e497-5c20-8f23-06f8a4e8b92e,시그니처 방배파르페,대표,"시그니처 방배커비 베이스의 고급진 파르페, 에스프레소 샷 추가로 격조 높은 맛",10500,"10,500원"
bf13a4e2-e497-5c20-8f23-06f8a4e8b92e,딸기파르페,대표,,,
bf13a4e2-e497-5c20-8f23-06f8a4e8b92e,신선한 생딸기와 수제딸기시럽이 듬뿍! 새콤 달콤 파르페,대표,,8500,"8,500원"
bf13a4e2-e497-5c20-8f23-06f8a4e8b92e,초코파르페,대표,,,
bf13a4e2-e497-5c20-8f23-06f8a4e8b92e,초코 아이스크림과 초코시럽이 듬뿍,대표,,8500,"8,500원"
bf13a4e2-e497-5c20-8f23-06f8a4e8b92e,미팅룸 대관,대표,"시간당 5000원 대형모니터, 별도냉난방, 프린트 예약: 스페이스클라우드, 네이버, 전화",5000,"5,000원"
bf13a4e2-e497-5c20-8f23-06f8a4e8b92e,하이볼,대표,,,
bf13a4e2-e497-5c20-8f23-06f8a4e8b92e,"산토리, 짐빔 오리지널",대표,,9000,"9,000원"
bf13a4e2-e497-5c20-8f23-06f8a4e8b92e,국산수제 생맥주,대표,,,
bf13a4e2-e497-5c20-8f23-06f8a4e8b92e,핸드앤몰트 최고의 수제맥주,대표,,5500,"5,500원"
bf13a4e2-e497-5c20-8f23-06f8a4e8b92e,방배커피,대표,시그니처 커피로 달콤한 우유베이스에 에스프레소를 넣어 수제크림을 올린 커피,6000,"6,000원"
bf13a4e2-e497-5c20-8f23-06f8a4e8b92e,햄애그토스트,,"신선한 햄과 애그와 딸기잼으로 건강한 한끼, 커피와 함께 세트로 드시면 더 맛있어요",4000,"4,000원"
bf13a4e2-e497-5c20-8f23-06f8a4e8b92e,방배토스트,,"바삭한 토스트와 3가지 맛 잼, 커피세트로 드시면 간단한 한끼완료",3500,"3,500원"
bf13a4e2-e497-5c20-8f23-06f8a4e8b92e,요커트스무디,,"건강하고 상쾌한 맛의 요거트스무디 플레인,딸리,망고,블루베리 4가지 맛",6700,"6,700원"
bf13a4e2-e497-5c20-8f23-06f8a4e8b92e,아포가토,,,,
bf13a4e2-e497-5c20-8f23-06f8a4e8b92e,아이스크림과 에스프레소의 환상의 조화,,,6000,"6,000원"
bf13a4e2-e497-5c20-8f23-06f8a4e8b92e,프린트,,"장당 흑백 300, 컬러 500, a4,a3 무선 프린트설정, 출력물 제공을 위해 직원문의",500,500원
bf13a4e2-e497-5c20-8f23-06f8a4e8b92e,2층 전체 대관,,"모니터, 남녀 별도화장실, 쾌적한흡연실,프린트 음료 주류 외 음식반입가능(대관시),애완동반",50000,"50,000원"
bf13a4e2-e497-5c20-8f23-06f8a4e8b92e,에스프레소,,,4000,"4,000원"
bf13a4e2-e497-5c20-8f23-06f8a4e8b92e,아메리카노,,,4300,"4,300원"
55c852cf-87af-558c-a603-52942cbe70cc,아메리카노,,,3500,"3,500원"
55c852cf-87af-558c-a603-52942cbe70cc,에스프레소,,,3500,"3,500원"
55c852cf-87af-558c-a603-52942cbe70cc,카푸치노,,,4000,"4,000원"
55c852cf-87af-558c-a603-52942cbe70cc,카페모카,,,4500,"4,500원"
55c852cf-87af-558c-a603-52942cbe70cc,녹차라떼,,,4000,"4,000원"
ca873c1a-c6b8-5ff6-829a-d585eb6359d9,소금빵,,,3900,"3,900원"
7b0e6b13-d221-5feb-9f1d-eb4ae35275dc,이전 페이지,,,,
7b0e6b13-d221-5feb-9f1d-eb4ae35275dc,보티,,,,
7b0e6b13-d221-5feb-9f1d-eb4ae35275dc,페이지 닫기,,,,
7b0e6b13-d221-5feb-9f1d-eb4ae35275dc,보티소프트웨어개발,,,,
7b0e6b13-d221-5feb-9f1d-eb4ae35275dc,알림받기,,,,
7b0e6b13-d221-5feb-9f1d-eb4ae35275dc,출발,,,,
7b0e6b13-d221-5feb-9f1d-eb4ae35275dc,도착,,,,
7b0e6b13-d221-5feb-9f1d-eb4ae35275dc,저장,,,,
7b0e6b13-d221-5feb-9f1d-eb4ae35275dc,거리뷰,,,,
7b0e6b13-d221-5feb-9f1d-eb4ae35275dc,공유,,,,
7b0e6b13-d221-5feb-9f1d-eb4ae35275dc,홈,,,,
7b0e6b13-d221-5feb-9f1d-eb4ae35275dc,리뷰,사진,,,
7b0e6b13-d221-5feb-9f1d-eb4ae35275dc,배송 메뉴,사진,,,
7b0e6b13-d221-5feb-9f1d-eb4ae35275dc,정보,사진,,,
7b0e6b13-d221-5feb-9f1d-eb4ae35275dc,주소,사진,,,
7b0e6b13-d221-5feb-9f1d-eb4ae35275dc,세종 집현중앙7로 6 B동 607호,사진,,,
7b0e6b13-d221-5feb-9f1d-eb4ae35275dc,영업시간 정보 수정,사진,,,
7b0e6b13-d221-5feb-9f1d-eb4ae35275dc,영업시간 수정 제안하기,사진,,,
7b0e6b13-d221-5feb-9f1d-eb4ae35275dc,추가,사진,,,
7b0e6b13-d221-5feb-9f1d-eb4ae35275dc,전화번호,사진,,,
7b0e6b13-d221-5feb-9f1d-eb4ae35275dc,044-415-1931복사,사진,,,
7b0e6b13-d221-5feb-9f1d-eb4ae35275dc,홈페이지,사진,,,
7b0e6b13-d221-5feb-9f1d-eb4ae35275dc,http://www.votylab.com,사진,,,
7b0e6b13-d221-5feb-9f1d-eb4ae35275dc,방문자 리뷰,사진,,,
7b0e6b13-d221-5feb-9f1d-eb4ae35275dc,방문 키워드 통계 그래프 예시입니다.,사진,,,
7b0e6b13-d221-5feb-9f1d-eb4ae35275dc,현재 0명 참여,사진,,,
7b0e6b13-d221-5feb-9f1d-eb4ae35275dc,10명 이상 참여하면,사진,,,
7b0e6b13-d221-5feb-9f1d-eb4ae35275dc,방문 키워드 통계가 공개됩니다!,사진,,,
7b0e6b13-d221-5feb-9f1d-eb4ae35275dc,아직 등록된 리뷰가 없습니다.,사진,,,
7b0e6b13-d221-5feb-9f1d-eb4ae35275dc,첫 리뷰를 작성해보세요!,사진,,,
7b0e6b13-d221-5feb-9f1d-eb4ae35275dc,배송 메뉴,사진,,,
7b0e6b13-d221-5feb-9f1d-eb4ae35275dc,최신순,사진,,,
7b0e6b13-d221-5feb-9f1d-eb4ae35275dc,인기순,사진,보티 ONE-SEN COM 1Ch 모니터링 디지털센서 디스플레이 데이터로거,275000,"275,000원"
7b0e6b13-d221-5feb-9f1d-eb4ae35275dc,네이버페이,,,,
7b0e6b13-d221-5feb-9f1d-eb4ae35275dc,배송비,,,,
7b0e6b13-d221-5feb-9f1d-eb4ae35275dc,무료,,,,
7b0e6b13-d221-5feb-9f1d-eb4ae35275dc,VOTY,,보티 자원순환 IoT 저울 재활용 환경 교육 분리수거 디지털 공공기관 자원순환가게,2750000,"2,750,000원"
7b0e6b13-d221-5feb-9f1d-eb4ae35275dc,네이버페이,,,,
7b0e6b13-d221-5feb-9f1d-eb4ae35275dc,배송비,,,,
7b0e6b13-d221-5feb-9f1d-eb4ae35275dc,무료,,,,
7b0e6b13-d221-5feb-9f1d-eb4ae35275dc,VOTY,,보티 ONE-SEN AIO 1Ch 모니터링 아날로그센서 디스플레이 데이터로거,275000,"275,000원"
7b0e6b13-d221-5feb-9f1d-eb4ae35275dc,네이버페이,,,,
7b0e6b13-d221-5feb-9f1d-eb4ae35275dc,배송비,,,,
7b0e6b13-d221-5feb-9f1d-eb4ae35275dc,무료,,,,
7b0e6b13-d221-5feb-9f1d-eb4ae35275dc,VOTY,,보티 ONE-RTU DIO 8Ch 모니터링 데이터로거 온도 습도 센서 datalogger,770000,"770,000원"
7b0e6b13-d221-5feb-9f1d-eb4ae35275dc,네이버페이,,,,
7b0e6b13-d221-5feb-9f1d-eb4ae35275dc,배송비,,,,
7b0e6b13-d221-5feb-9f1d-eb4ae35275dc,무료,,,,
7b0e6b13-d221-5feb-9f1d-eb4ae35275dc,VOTY,,,,
7b0e6b13-d221-5feb-9f1d-eb4ae35275dc,배송 메뉴,,,,
7b0e6b13-d221-5feb-9f1d-eb4ae35275dc,더보기,,,,
7b0e6b13-d221-5feb-9f1d-eb4ae35275dc,네이버는 상품 판매 당사자가 아닙니다.,,,,
7b0e6b13-d221-5feb-9f1d-eb4ae35275dc,안내,,,,
7b0e6b13-d221-5feb-9f1d-eb4ae35275dc,로딩중,,,,
7b0e6b13-d221-5feb-9f1d-eb4ae35275dc,알고 계신 정보와 다른 정보가 있나요?,,,,
7b0e6b13-d221-5feb-9f1d-eb4ae35275dc,사진으로 간단하게 제보해 주세요.,,,,
7b0e6b13-d221-5feb-9f1d-eb4ae35275dc,정보 수정 제안하기,,,,
7f8e589f-c4fb-5757-8dd3-218870b4402b,이전 페이지,,,,
7f8e589f-c4fb-5757-8dd3-218870b4402b,부천시오정노인복지관꿈볶는카페,,,,
7f8e589f-c4fb-5757-8dd3-218870b4402b,페이지 닫기,,,,
7f8e589f-c4fb-5757-8dd3-218870b4402b,이미지 갯수,,,,
7f8e589f-c4fb-5757-8dd3-218870b4402b,+69,,,,
7f8e589f-c4fb-5757-8dd3-218870b4402b,"부천시오정노인복지관꿈볶는카페카페,디저트",,,,
7f8e589f-c4fb-5757-8dd3-218870b4402b,방문자 리뷰 694블로그 리뷰 1,,,,
7f8e589f-c4fb-5757-8dd3-218870b4402b,투샷 가득 빅카페라떼 3천원의 행복,,,,
7f8e589f-c4fb-5757-8dd3-218870b4402b,출발,,,,
7f8e589f-c4fb-5757-8dd3-218870b4402b,도착,,,,
7f8e589f-c4fb-5757-8dd3-218870b4402b,저장,,,,
7f8e589f-c4fb-5757-8dd3-218870b4402b,거리뷰,,,,
7f8e589f-c4fb-5757-8dd3-218870b4402b,공유,,,,
7f8e589f-c4fb-5757-8dd3-218870b4402b,홈,,,,
7f8e589f-c4fb-5757-8dd3-218870b4402b,메뉴,,,,
7f8e589f-c4fb-5757-8dd3-218870b4402b,리뷰,사진,,,
7f8e589f-c4fb-5757-8dd3-218870b4402b,쌍화차,사진,,1000,"1,000원"
7f8e589f-c4fb-5757-8dd3-218870b4402b,생강차,,,1000,"1,000원"
7f8e589f-c4fb-5757-8dd3-218870b4402b,허브티,,,2000,"2,000원"
7f8e589f-c4fb-5757-8dd3-218870b4402b,토스트,,,3000,"3,000원"
7f8e589f-c4fb-5757-8dd3-218870b4402b,스무디,,,3000,"3,000원"
7f8e589f-c4fb-5757-8dd3-218870b4402b,아이스티,,,1500,"1,500원"
7f8e589f-c4fb-5757-8dd3-218870b4402b,에이드,,,2500,"2,500원"
7f8e589f-c4fb-5757-8dd3-218870b4402b,패션후르츠에이드,,,3500,"3,500원"
7f8e589f-c4fb-5757-8dd3-218870b4402b,토피넛라떼,,,2500,"2,500원"
7f8e589f-c4fb-5757-8dd3-218870b4402b,아메리카노,,,1500,"1,500원"
7f8e589f-c4fb-5757-8dd3-218870b4402b,카페라떼,,,2000,"2,000원"
7f8e589f-c4fb-5757-8dd3-218870b4402b,카페모카,,,2500,"2,500원"
7f8e589f-c4fb-5757-8dd3-218870b4402b,바닐라라떼,,,2500,"2,500원"
7f8e589f-c4fb-5757-8dd3-218870b4402b,카라멜마끼아또,,,2500,"2,500원"
7f8e589f-c4fb-5757-8dd3-218870b4402b,초코라떼,,,2500,"2,500원"
199c6966-2b9d-594d-897d-93f8c864bb01,북어라떼,대표,,,
199c6966-2b9d-594d-897d-93f8c864bb01,진짜 북어가 들어간 시그니처 라떼🐟,대표,,6500,"6,500원"
199c6966-2b9d-594d-897d-93f8c864bb01,소금빵,대표,이즈니 AOP버터 + 고급 게랑드 소금으로 만든 수제 소금빵,3800,"3,800원"
199c6966-2b9d-594d-897d-93f8c864bb01,유기농 제주 호지차 라떼,대표,,6500,"6,500원"
199c6966-2b9d-594d-897d-93f8c864bb01,블루 그릭 소금빵,,"수제 그릭 요거트, 스피루리나, 그래놀라, 바나나, 꿀이 들어간 건강한 한끼 식사",8900,"8,900원"
199c6966-2b9d-594d-897d-93f8c864bb01,유기농 제주 말차 라떼,,,6500,"6,500원"
199c6966-2b9d-594d-897d-93f8c864bb01,아메리카노,,,4700,"4,700원"
199c6966-2b9d-594d-897d-93f8c864bb01,액막이 북어 초콜릿,,,3300,"3,300원"
91221f1f-4c9e-5ee1-9040-e7a8e38296a6,에그타르트,대표,스콘 반죽으로 만든 파이지에 고소하고 담백한 필링이 듬뿍 들어간 브라운팩토리의 대표 타르트,3800,"3,800원"
91221f1f-4c9e-5ee1-9040-e7a8e38296a6,까눌레,대표,,,
91221f1f-4c9e-5ee1-9040-e7a8e38296a6,겉바속촉!!! 입안에서 맴도는 바닐라의 여운~,대표,,3000,"3,000원"
91221f1f-4c9e-5ee1-9040-e7a8e38296a6,소금빵,대표,,3200,"3,200원"
91221f1f-4c9e-5ee1-9040-e7a8e38296a6,클래식 휘낭시에,대표,,2800,"2,800원"
91221f1f-4c9e-5ee1-9040-e7a8e38296a6,앙버터소금빵,,,3800,"3,800원"
91221f1f-4c9e-5ee1-9040-e7a8e38296a6,레몬파운드(미니),,,4300,"4,300원"
91221f1f-4c9e-5ee1-9040-e7a8e38296a6,레몬파운드,,,,
91221f1f-4c9e-5ee1-9040-e7a8e38296a6,상큼한 레몬파운드 선물용 으로도 좋습니다^^,,,12000,"12,000원"
91221f1f-4c9e-5ee1-9040-e7a8e38296a6,초코쉬폰,,,,
91221f1f-4c9e-5ee1-9040-e7a8e38296a6,(임시중단),,,5200,"5,200원"
91221f1f-4c9e-5ee1-9040-e7a8e38296a6,뉴욕치즈타르트,,,3800,"3,800원"
91221f1f-4c9e-5ee1-9040-e7a8e38296a6,팥밤타르트,,,4300,"4,300원"
91221f1f-4c9e-5ee1-9040-e7a8e38296a6,블루베리아몬드 타르트,,,4300,"4,300원"
91221f1f-4c9e-5ee1-9040-e7a8e38296a6,호두타르트,,,4300,"4,300원"
91221f1f-4c9e-5ee1-9040-e7a8e38296a6,곰돌이 마들렌,,,2800,"2,800원"
91221f1f-4c9e-5ee1-9040-e7a8e38296a6,빅토리아스콘,,,4800,"4,800원"
91221f1f-4c9e-5ee1-9040-e7a8e38296a6,레몬얼그레이스콘,,고급스러운 풍미의 얼그레이크림과 상큼한 레몬글라사주의 조화,4900,"4,900원"
aa9b5705-b905-5e70-b530-5f5fa732c727,온센 다마고 시저 샐러드,,엔초비와 파르마지아노의 깊은 맛 시저드레싱에 온센다마고를 터뜨려 드세요,22000,"22,000원"
aa9b5705-b905-5e70-b530-5f5fa732c727,루꼴라 프로슈토 피자,,,39000,"39,000원"
aa9b5705-b905-5e70-b530-5f5fa732c727,트러플오일 풍기피자,,,40000,"40,000원"
aa9b5705-b905-5e70-b530-5f5fa732c727,감바스와 빵,,,22000,"22,000원"
aa9b5705-b905-5e70-b530-5f5fa732c727,구운통감자 에멘탈 피자,,,35000,"35,000원"
aa9b5705-b905-5e70-b530-5f5fa732c727,참치와 계란반숙 피자,,,34000,"34,000원"
aa9b5705-b905-5e70-b530-5f5fa732c727,더블치즈피자,,,28000,"28,000원"
aa9b5705-b905-5e70-b530-5f5fa732c727,더블치즈페퍼로니피자,,,35000,"35,000원"
aa9b5705-b905-5e70-b530-5f5fa732c727,비스마르크피자,,,35000,"35,000원"
aa9b5705-b905-5e70-b530-5f5fa732c727,고르곤졸라피자,,,33000,"33,000원"
aa9b5705-b905-5e70-b530-5f5fa732c727,마르게리따 피자,,,28000,"28,000원"
aa9b5705-b905-5e70-b530-5f5fa732c727,등심 스테이크,,,48000,"48,000원"
aa9b5705-b905-5e70-b530-5f5fa732c727,채끝 스테이크,,,70000,"70,000원"
aa9b5705-b905-5e70-b530-5f5fa732c727,폴렌타 닭가슴살구이,,,35000,"35,000원"
aa9b5705-b905-5e70-b530-5f5fa732c727,라구 파스타,,,23000,"23,000원"
968f3c6f-98d8-53f6-ae5e-3c1472de7960,플레이스,,,,
968f3c6f-98d8-53f6-ae5e-3c1472de7960,서비스 이용이 제한되었습니다.,,,,
968f3c6f-98d8-53f6-ae5e-3c1472de7960,과도한 접근 요청으로 서비스 이용이 제한되었습니다.,,,,
968f3c6f-98d8-53f6-ae5e-3c1472de7960,잠시 후 다시 시도해주세요.,,IP: 211.192.210.178(09/Mar/2026:14:32:39 +0900),,
968f3c6f-98d8-53f6-ae5e-3c1472de7960,이전화면,,,,
968f3c6f-98d8-53f6-ae5e-3c1472de7960,새로고침,,,,
835192de-a1f0-5a1a-ad98-1aadd50a33c4,플레이스,,,,
835192de-a1f0-5a1a-ad98-1aadd50a33c4,서비스 이용이 제한되었습니다.,,,,
835192de-a1f0-5a1a-ad98-1aadd50a33c4,과도한 접근 요청으로 서비스 이용이 제한되었습니다.,,,,
835192de-a1f0-5a1a-ad98-1aadd50a33c4,잠시 후 다시 시도해주세요.,,IP: 211.192.210.178(09/Mar/2026:14:37:09 +0900),,
835192de-a1f0-5a1a-ad98-1aadd50a33c4,이전화면,,,,
835192de-a1f0-5a1a-ad98-1aadd50a33c4,새로고침,,,,
60ac4dca-a8f1-5257-a731-ff78bea839f5,앗!메리카노(HOT),,,1500,"1,500원"
60ac4dca-a8f1-5257-a731-ff78bea839f5,앗!메리카노(ICED),,,2000,"2,000원"
60ac4dca-a8f1-5257-a731-ff78bea839f5,원조커피(HOT),,,2000,"2,000원"
60ac4dca-a8f1-5257-a731-ff78bea839f5,원조커피(ICED),,,2500,"2,500원"
60ac4dca-a8f1-5257-a731-ff78bea839f5,크리미모카라떼,,,3800,"3,800원"
9d1eb55a-71d0-5a7a-bb1b-93578a425eac,쿠키,,,8000,"8,000원"
9d1eb55a-71d0-5a7a-bb1b-93578a425eac,조각케이크,,,8000,"8,000원"
9d1eb55a-71d0-5a7a-bb1b-93578a425eac,아메리카노,,,8000,"8,000원"
9d1eb55a-71d0-5a7a-bb1b-93578a425eac,카페라떼,,,9000,"9,000원"
9d1eb55a-71d0-5a7a-bb1b-93578a425eac,에스프레소,,,8000,"8,000원"
9d1eb55a-71d0-5a7a-bb1b-93578a425eac,레몬에이드,,,10000,"10,000원"
9d1eb55a-71d0-5a7a-bb1b-93578a425eac,캐모마일,,,9000,"9,000원"
9d1eb55a-71d0-5a7a-bb1b-93578a425eac,클라우드 맥주,,,9000,"9,000원"
9d1eb55a-71d0-5a7a-bb1b-93578a425eac,호가든 맥주,,,10000,"10,000원"
9d1eb55a-71d0-5a7a-bb1b-93578a425eac,케이크,,,8000,"8,000원"
9d1eb55a-71d0-5a7a-bb1b-93578a425eac,카푸치노,,,9000,"9,000원"
9d1eb55a-71d0-5a7a-bb1b-93578a425eac,바닐라라떼,,,9000,"9,000원"
9d1eb55a-71d0-5a7a-bb1b-93578a425eac,아몬드브리스커피,,,9000,"9,000원"
9d1eb55a-71d0-5a7a-bb1b-93578a425eac,카라멜라떼,,,9000,"9,000원"
9d1eb55a-71d0-5a7a-bb1b-93578a425eac,로얄밀크티,,,9000,"9,000원"
ede6ebab-0df0-56a5-8836-f4ef02f5457a,플레이스,,,,
ede6ebab-0df0-56a5-8836-f4ef02f5457a,서비스 이용이 제한되었습니다.,,,,
ede6ebab-0df0-56a5-8836-f4ef02f5457a,과도한 접근 요청으로 서비스 이용이 제한되었습니다.,,,,
ede6ebab-0df0-56a5-8836-f4ef02f5457a,잠시 후 다시 시도해주세요.,,IP: 211.192.210.178(09/Mar/2026:14:36:19 +0900),,
ede6ebab-0df0-56a5-8836-f4ef02f5457a,이전화면,,,,
ede6ebab-0df0-56a5-8836-f4ef02f5457a,새로고침,,,,
75e8ef86-9940-50d9-9f7d-957317401975,비스킷슈,대표,쿠키로 이루어진 겉면 바닐라빈 슈크림이 꽉꽉꽉꽉 채워진 속 한 입 베어물면 겉바속촉을 진정으로 느낄 수 있는 맛 살짝 얼린 상태로 드시면 또다른 매력을 느낄 수 있습니다.,4600,"4,600원"
75e8ef86-9940-50d9-9f7d-957317401975,공명라떼 (Only ice),대표,,,
75e8ef86-9940-50d9-9f7d-957317401975,Gongmyoung latte,대표,,6500,"6,500원"
75e8ef86-9940-50d9-9f7d-957317401975,오리지널 크루아상,,,4500,"4,500원"
75e8ef86-9940-50d9-9f7d-957317401975,아몬드 크림 크루아상,,,7500,"7,500원"
75e8ef86-9940-50d9-9f7d-957317401975,초코 크림 크루아상,,,7800,"7,800원"
75e8ef86-9940-50d9-9f7d-957317401975,말차 크림 크루아상,,,7800,"7,800원"
75e8ef86-9940-50d9-9f7d-957317401975,뺑 오 스위스,,,5800,"5,800원"
75e8ef86-9940-50d9-9f7d-957317401975,뺑 오 쇼콜라,,,5500,"5,500원"
75e8ef86-9940-50d9-9f7d-957317401975,고메버터 소금빵,,,3400,"3,400원"
75e8ef86-9940-50d9-9f7d-957317401975,모카 소금빵,,,3700,"3,700원"
75e8ef86-9940-50d9-9f7d-957317401975,우유크림 소금빵,,,4500,"4,500원"
75e8ef86-9940-50d9-9f7d-957317401975,소보로 소금빵,,,4200,"4,200원"
75e8ef86-9940-50d9-9f7d-957317401975,허니갈릭 소금빵,,,3700,"3,700원"
75e8ef86-9940-50d9-9f7d-957317401975,명란마요 소금빵,,,4800,"4,800원"
75e8ef86-9940-50d9-9f7d-957317401975,모찌 소금빵,,,4500,"4,500원"
eff2c499-f6f1-5cf6-b682-5507e8c2f216,이전 페이지,,,,
eff2c499-f6f1-5cf6-b682-5507e8c2f216,플레이스,,,,
eff2c499-f6f1-5cf6-b682-5507e8c2f216,페이지 닫기,,,,
eff2c499-f6f1-5cf6-b682-5507e8c2f216,서비스 이용이 제한되었습니다.,,,,
eff2c499-f6f1-5cf6-b682-5507e8c2f216,과도한 접근 요청으로 서비스 이용이 제한되었습니다.,,,,
eff2c499-f6f1-5cf6-b682-5507e8c2f216,잠시 후 다시 시도해주세요.,,IP: 211.192.210.178(2026.03.09 14:30:51),,
eff2c499-f6f1-5cf6-b682-5507e8c2f216,이전화면새로고침,,,,
e1dca41d-6ff6-54aa-bda8-0195bd894868,연어 뺑뒤프,대표,"마리네이드한 훈제 연어, 딜마요소스를 곁들인 뺑뒤프 (14시까지 주문가능)",22000,"22,000원"
e1dca41d-6ff6-54aa-bda8-0195bd894868,베이컨 뺑뒤프,대표,"베이컨, 시금치, 홀렌다이즈 소스가 들어간 뺑뒤프 (14시까지 주문가능)",22000,"22,000원"
e1dca41d-6ff6-54aa-bda8-0195bd894868,버섯 크림 뺑뒤프,대표,"버섯크림, 페코리노치즈, 바게트, 양송이 슬라이스가 들어간 뺑뒤프 (14시까지 주문가능)",20000,"20,000원"
e1dca41d-6ff6-54aa-bda8-0195bd894868,초코 세르콘,대표,프랑스산 발로나 초콜릿을 사용하여 쇼콜라 본연의 깊고 진한 맛이 표현된 클래식한 케이크 콘,9500,"9,500원"
e1dca41d-6ff6-54aa-bda8-0195bd894868,레몬 세르콘,대표,크림을 먹는 듯한 식감으로 꾸덕꾸덕한 레어치즈 무스와 상큼한 레몬커드가 조화로운 케이크 콘,9500,"9,500원"
e1dca41d-6ff6-54aa-bda8-0195bd894868,미나리 골뱅이 파스타,대표,"미나리와 골뱅이, 버터 빵가루를 곁들인 오일 파스타 (14시까지 주문 가능)",25000,"25,000원"
e1dca41d-6ff6-54aa-bda8-0195bd894868,카페크렘,대표,,,
e1dca41d-6ff6-54aa-bda8-0195bd894868,라떼에 세르클 시그니처 크림이 올라간 달달한 커피음료,대표,,7200,"7,200원"
e1dca41d-6ff6-54aa-bda8-0195bd894868,어니언스프,,오랫동안 볶은 양파의 진한 맛과 향을 내는 스프 위에 바게트와 치즈를 듬뿍 얹은 메뉴,11000,"11,000원"
e1dca41d-6ff6-54aa-bda8-0195bd894868,세르클 샐러드,,"제철 채소,새우,사과,토마토 등을 와인비네거 드레싱과 곁들인 샐러드",21000,"21,000원"
e1dca41d-6ff6-54aa-bda8-0195bd894868,뽐므 드 테르,,버터의 풍미가 좋은 감자와 훈연소시지를 진한 그레이비와 즐기는 메뉴(14시까지 주문 가능),18000,"18,000원"
e1dca41d-6ff6-54aa-bda8-0195bd894868,화이트 라구 파스타,,"한우 라구 소스에 대파와 페코리노 치즈, 노른자를 곁들인 파스타 (14시까지 주문가능)",28000,"28,000원"
e1dca41d-6ff6-54aa-bda8-0195bd894868,크렘브륄레,,바닐라빈이 듬뿍 들어간 커스터드 크림 위에 바삭하게 캬라멜라이징한 프랑스 클래식 디저트,9000,"9,000원"
e1dca41d-6ff6-54aa-bda8-0195bd894868,제로슈가 아이스티,,홍차와 복숭아의 향과 맛은 살리고 당은 줄여 건강하게 마실 수 있는 제로슈가 아이스티,6500,"6,500원"
e1dca41d-6ff6-54aa-bda8-0195bd894868,망고패션에이드,,망고와 패션후르츠의 트로피컬한 단맛이 좋은 스파클링 에이드,7500,"7,500원"
e1dca41d-6ff6-54aa-bda8-0195bd894868,청포도라임에이드,,"라임의 상큼하고 청량함, 청포도의 단맛이 좋은 스파클링 에이드",7500,"7,500원"
f5eab51c-6dad-5e3d-bc99-e486651995a5,ICE 아.샷.추,대표,,,
f5eab51c-6dad-5e3d-bc99-e486651995a5,손커피가 제안하는 달콤 쌉싸름한 황금비율 아샷추,대표,,2800,"2,800원"
f5eab51c-6dad-5e3d-bc99-e486651995a5,ICE/HOT 카페라떼,대표,크리미한 우유에 에스프레소의 진한 풍미가 더해진 고소한 카페라떼,3000,"3,000원"
f5eab51c-6dad-5e3d-bc99-e486651995a5,ICE/HOT 아메리카노,대표,직화 로스팅한 10일 이내의 원두로 내린 신선한 아메리카노,2300,"2,300원"
f5eab51c-6dad-5e3d-bc99-e486651995a5,ICE/HOT 디카페인 아메리카노,,직화 로스팅한 10일 이내의 원두로 내린 디카페인 아메리카노,2600,"2,600원"
50d43001-c543-5cf2-b1d2-03badc84d20e,굴뚝빵,대표,겉은 바삭 속은 촉촉~ 고소한 버터와 행긋한 시나몬 두가지 맛이 있습니다.,8000,"8,000원"
50d43001-c543-5cf2-b1d2-03badc84d20e,아메리카노,대표,진하고 부드러운 블랜딩원두와 곰돌이 얼음은 수다방의 시그니처가 되었습니다~,3800,"3,800원"
50d43001-c543-5cf2-b1d2-03badc84d20e,카페라떼,대표,,,
50d43001-c543-5cf2-b1d2-03badc84d20e,블랜딩한 특별한 우유 카페라떼 맛집입니다.,대표,,4500,"4,500원"
50d43001-c543-5cf2-b1d2-03badc84d20e,과일 에이드,대표,수제 청으로 만든 과일의 맛을 직접 느낄 수 있는 음료입니다.,,
50d43001-c543-5cf2-b1d2-03badc84d20e,변동,대표,,,
9e7991f9-709d-525b-8cd0-6b2f72ce7cc8,이전 페이지,,,,
9e7991f9-709d-525b-8cd0-6b2f72ce7cc8,수래연,,,,
9e7991f9-709d-525b-8cd0-6b2f72ce7cc8,페이지 닫기,,,,
9e7991f9-709d-525b-8cd0-6b2f72ce7cc8,이미지 갯수,,,,
9e7991f9-709d-525b-8cd0-6b2f72ce7cc8,+522,,,,
9e7991f9-709d-525b-8cd0-6b2f72ce7cc8,수래연한식,,,,
9e7991f9-709d-525b-8cd0-6b2f72ce7cc8,방문자 리뷰 834블로그 리뷰 2,,,,
9e7991f9-709d-525b-8cd0-6b2f72ce7cc8,추억 속 그 맛 함박스테이크의 진수,,,,
9e7991f9-709d-525b-8cd0-6b2f72ce7cc8,출발,,,,
9e7991f9-709d-525b-8cd0-6b2f72ce7cc8,도착,,,,
9e7991f9-709d-525b-8cd0-6b2f72ce7cc8,저장,,,,
9e7991f9-709d-525b-8cd0-6b2f72ce7cc8,거리뷰,,,,
9e7991f9-709d-525b-8cd0-6b2f72ce7cc8,공유,,,,
9e7991f9-709d-525b-8cd0-6b2f72ce7cc8,홈,,,,
9e7991f9-709d-525b-8cd0-6b2f72ce7cc8,리뷰,사진,,,
9e7991f9-709d-525b-8cd0-6b2f72ce7cc8,주소,사진,,,
9e7991f9-709d-525b-8cd0-6b2f72ce7cc8,서울 종로구 세종대로 152,사진,,,
9e7991f9-709d-525b-8cd0-6b2f72ce7cc8,5광화문역 5번 출구에서 17m,사진,,,
9e7991f9-709d-525b-8cd0-6b2f72ce7cc8,미터,사진,,,
9e7991f9-709d-525b-8cd0-6b2f72ce7cc8,영업시간 정보 수정,사진,,,
9e7991f9-709d-525b-8cd0-6b2f72ce7cc8,영업시간 수정 제안하기,사진,,,
9e7991f9-709d-525b-8cd0-6b2f72ce7cc8,추가,사진,,,
9e7991f9-709d-525b-8cd0-6b2f72ce7cc8,"사장님, 플레이스를",사진,,,
9e7991f9-709d-525b-8cd0-6b2f72ce7cc8,무료로 직접 관리하세요!,사진,,,
9e7991f9-709d-525b-8cd0-6b2f72ce7cc8,권한 받기,사진,,,
9e7991f9-709d-525b-8cd0-6b2f72ce7cc8,방문자 사진·영상,사진,,,
9e7991f9-709d-525b-8cd0-6b2f72ce7cc8,동영상,사진,,,
9e7991f9-709d-525b-8cd0-6b2f72ce7cc8,동영상,사진,,,
9e7991f9-709d-525b-8cd0-6b2f72ce7cc8,동영상,사진,,,
9e7991f9-709d-525b-8cd0-6b2f72ce7cc8,방문자 사진·영상,사진,,,
9e7991f9-709d-525b-8cd0-6b2f72ce7cc8,더보기,사진,,,
9e7991f9-709d-525b-8cd0-6b2f72ce7cc8,방문자 리뷰834,사진,,,
9e7991f9-709d-525b-8cd0-6b2f72ce7cc8,"""음식이 맛있어요""",사진,,,
9e7991f9-709d-525b-8cd0-6b2f72ce7cc8,이 키워드를 선택한 인원,사진,,588,588
9e7991f9-709d-525b-8cd0-6b2f72ce7cc8,"""매장이 넓어요""",,,,
9e7991f9-709d-525b-8cd0-6b2f72ce7cc8,이 키워드를 선택한 인원,,,137,137
9e7991f9-709d-525b-8cd0-6b2f72ce7cc8,"""특별한 메뉴가 있어요""",,,,
9e7991f9-709d-525b-8cd0-6b2f72ce7cc8,이 키워드를 선택한 인원,,,135,135
9e7991f9-709d-525b-8cd0-6b2f72ce7cc8,"""인테리어가 멋져요""",,,,
9e7991f9-709d-525b-8cd0-6b2f72ce7cc8,이 키워드를 선택한 인원,,,130,130
9e7991f9-709d-525b-8cd0-6b2f72ce7cc8,"""친절해요""",,,,
9e7991f9-709d-525b-8cd0-6b2f72ce7cc8,이 키워드를 선택한 인원,,,119,119
9e7991f9-709d-525b-8cd0-6b2f72ce7cc8,칼라마님,,,,
9e7991f9-709d-525b-8cd0-6b2f72ce7cc8,2.141번째 방문영수증,,,,
9e7991f9-709d-525b-8cd0-6b2f72ce7cc8,맛나고 분위기있고~~,,,,
9e7991f9-709d-525b-8cd0-6b2f72ce7cc8,매장이 넓어요,,,,
9e7991f9-709d-525b-8cd0-6b2f72ce7cc8,딸부자8365,,,,
9e7991f9-709d-525b-8cd0-6b2f72ce7cc8,25.12.261번째 방문영수증,,함박스테이크 먹고 라떼 먹었는데.. 둘다 너무 만족스러웠네요..다음에는 와플 꼭 먹어봐야겠어요..,,
9e7991f9-709d-525b-8cd0-6b2f72ce7cc8,음식이 맛있어요+4,,,,
9e7991f9-709d-525b-8cd0-6b2f72ce7cc8,개의 리뷰가 더 있습니다,,,,
9e7991f9-709d-525b-8cd0-6b2f72ce7cc8,펼쳐보기,,,,
9e7991f9-709d-525b-8cd0-6b2f72ce7cc8,tas****,,,,
9e7991f9-709d-525b-8cd0-6b2f72ce7cc8,25.12.302번째 방문영수증,,,,
9e7991f9-709d-525b-8cd0-6b2f72ce7cc8,웨이팅 넘 길어요,,,,
9e7991f9-709d-525b-8cd0-6b2f72ce7cc8,화장실이 깨끗해요,,,,
9e7991f9-709d-525b-8cd0-6b2f72ce7cc8,방문자 리뷰,,,,
9e7991f9-709d-525b-8cd0-6b2f72ce7cc8,더보기,,,,
9e7991f9-709d-525b-8cd0-6b2f72ce7cc8,블로그 리뷰2,,,,
9e7991f9-709d-525b-8cd0-6b2f72ce7cc8,Mukdobby,,,,
9e7991f9-709d-525b-8cd0-6b2f72ce7cc8,먹도비,,"함박 스테이크 & 와플 맛집 @muk.dobby 안녕하세요 먹도비입니다. 회사 동료분들과 들린 갬성 맛집 소개드립니다. 시작할게요 1. 가게 기본 정보 서울 종로구 세종대로 152 일민미술관 1층 수래연/카페이마 고풍스러운 일민미술관 내에 위치한 브런치와 함박스테이크 전문점입니다. 깔끔한 메뉴 구성과 채광이 좋은 내부가 인상적이며, 특히 직장인들 사이에서 점심 장소로 인기가 많습니다 카페이마와 수래연은 광화문 일민미술관에 위치한 각각 다른 공간이라고 하는데, 사실상 브런치와 함박스테이크를 전문으로 하는 레스토랑이며, 음료와 디저트를 제공하는 카페를 같은 공간에서 판매하고 있어 같은 곳이라 생각하시면 될거 같아유 영업시간: 매일 11:00 AM - 18:30 PM 주차정보 일민미술관 주차장 이용 가능 (1시간 무료) 2. 매장 분위기 및 특징 내부는 탁 트인 창문으로 자연광이 가득한 공간에서 여유로운 식사를 즐길 수 있습니다. 모던한 인테리어와 조용한 분위기로 데이트나 미술관 방문 후 들르기 좋으며, 테이블 간격이 넓어 쾌적한 식사 환경을 제공합니다. 뭔가 미술관 내부에 있어서 벙벙한 식당 간격 때문에 식사할때는 좋구, 웨이팅 할때는 좀 불편합니다. 12시쯤 가서 10분 정도 웨이팅 했네요 3. 메뉴 및 추천 음식 대표 메뉴 및 가격 •클래식 함박스테이크 (₩16,500) 부드러운 함박과 데미글라스 소스가 조화를 이루며, 흑미밥과 샐러드가 곁들여집니다. •토마토 치즈 함박 (₩17,500) 상큼한 토마토 소스와 녹아내린 치즈가 더해져 더욱 풍부한 맛을 제공합니다. •네 가지 베리 와플 (₩16,500) 딸기와 블루베리 등 다양한 베리와 하겐다즈 아이스크림이 올라간 인기 디저트입니다. 카페이마/수래연 메뉴판 추천 메뉴 및 이유: 가격은 좀 있는편인데 양도 좀 있어서 크게 가성비 떨어진다고 생각되진 않았습니다. 개인적으로 클래식과 칠리 함박중에 고민하신다면 저는 토마토 칠리 함박에 한표 입니다. 살짝 매콤한 맛이 함박 느끼함을 잡아주더라구요 ❤️ 그리고 이 와플 이놈은 아주 존맛탱 요물입니다. 꼭 드셔보시길 추천 드려요 4. 총평 및 추천 포인트 여기는 고급스러운 메뉴와 미술관 특유의 차분한 분위기가 매력적인 공간입니다. 특히 함박스테이크와 와플 조합은 든든한 식사와 디저트를 함께 즐길 수 있어 만족도가 높습니다. 광화문 일대에서 여유로운 시간을 보내고 싶을 때 추천하는 맛집입니다. 5.추가 정보 및 팁 예약 불가: 점심시간에는 대기가 발생할 수 있으니 서두르는 것을 추천합니다....",,
9e7991f9-709d-525b-8cd0-6b2f72ce7cc8,24.10.23.수,,,,
9e7991f9-709d-525b-8cd0-6b2f72ce7cc8,2024년 10월 23일 수요일,,,,
9e7991f9-709d-525b-8cd0-6b2f72ce7cc8,이미지 수,,,9,9
9e7991f9-709d-525b-8cd0-6b2f72ce7cc8,스팸지기,,,,
9e7991f9-709d-525b-8cd0-6b2f72ce7cc8,무적스팸,,,,
9e7991f9-709d-525b-8cd0-6b2f72ce7cc8,광화문맛집 카페이마 카레 점심,,,,
9e7991f9-709d-525b-8cd0-6b2f72ce7cc8,#광화문맛집 #카페이마 #카레 #점심,,,,
9e7991f9-709d-525b-8cd0-6b2f72ce7cc8,21.11.7.일,,,,
9e7991f9-709d-525b-8cd0-6b2f72ce7cc8,2021년 11월 7일 일요일,,,,
9e7991f9-709d-525b-8cd0-6b2f72ce7cc8,로딩중,,,,
9e7991f9-709d-525b-8cd0-6b2f72ce7cc8,알고 계신 정보와 다른 정보가 있나요?,,,,
9e7991f9-709d-525b-8cd0-6b2f72ce7cc8,사진으로 간단하게 제보해 주세요.,,,,
9e7991f9-709d-525b-8cd0-6b2f72ce7cc8,정보 수정 제안하기,,,,
9e7991f9-709d-525b-8cd0-6b2f72ce7cc8,관련 링크2,,,,
9e7991f9-709d-525b-8cd0-6b2f72ce7cc8,다이닝코드에서 보기,,,,
9e7991f9-709d-525b-8cd0-6b2f72ce7cc8,식신에서 보기,,,,
5842a2f7-58b4-50d3-b0e3-4f85ff5fba92,플레이스,,,,
5842a2f7-58b4-50d3-b0e3-4f85ff5fba92,서비스 이용이 제한되었습니다.,,,,
5842a2f7-58b4-50d3-b0e3-4f85ff5fba92,과도한 접근 요청으로 서비스 이용이 제한되었습니다.,,,,
5842a2f7-58b4-50d3-b0e3-4f85ff5fba92,잠시 후 다시 시도해주세요.,,IP: 211.192.210.178(09/Mar/2026:14:32:05 +0900),,
5842a2f7-58b4-50d3-b0e3-4f85ff5fba92,이전화면,,,,
5842a2f7-58b4-50d3-b0e3-4f85ff5fba92,새로고침,,,,
34eefd1e-ddb4-52de-86c6-fdf908865690,카페 아메리카노,,,,
34eefd1e-ddb4-52de-86c6-fdf908865690,강렬한 에스프레소 샷에 뜨거운 물의 조화,,,4700,"4,700원"
34eefd1e-ddb4-52de-86c6-fdf908865690,카페 라떼,,,,
34eefd1e-ddb4-52de-86c6-fdf908865690,에스프레소 샷과 따뜻한 우유와 거품으로 마무리된 음료.,,,5200,"5,200원"
34eefd1e-ddb4-52de-86c6-fdf908865690,스타벅스 돌체 라떼,,깊은 에스프레소와 깔끔한 무지방 우유가 어우러진 달콤한 음료.,6100,"6,100원"
34eefd1e-ddb4-52de-86c6-fdf908865690,카라멜 마키아또,,"바닐라 시럽과 우유, 그리고 그 위에 얹어진 에스프레소 샷과 달콤한 카라멜 드리즐의 조화",6100,"6,100원"
34eefd1e-ddb4-52de-86c6-fdf908865690,카푸치노,,,,
34eefd1e-ddb4-52de-86c6-fdf908865690,벨벳같은 우유 거품과 에스프레소 샷의 절묘한 조화!,,,5200,"5,200원"
34eefd1e-ddb4-52de-86c6-fdf908865690,카페 모카,,,,
34eefd1e-ddb4-52de-86c6-fdf908865690,모카시럽과 스팀밀크에 휘핑크림이 토핑된 에스프레소.,,,5700,"5,700원"
34eefd1e-ddb4-52de-86c6-fdf908865690,화이트 초콜릿 모카,,,,
34eefd1e-ddb4-52de-86c6-fdf908865690,화이트 초콜릿과 스팀밀크가 첨가된 에스프레소 음료.,,,6100,"6,100원"
34eefd1e-ddb4-52de-86c6-fdf908865690,콜드 브루,,스타벅스 바리스타의 정성으로 탄생한 콜드 브루! 콜드 브루 전용 원두를 차가운 물로 14시간 동안 추출하여 한정된 양만 제공됩니다. 깊은 풍미의 새로운 커피 경험,5100,"5,100원"
34eefd1e-ddb4-52de-86c6-fdf908865690,자몽 허니 블랙 티,,새콤달콤한 자몽과 꿀이 깊고 그윽한 풍미의 스타벅스 티바나의 블랙 티와 만났습니다. 화려한 색감과 톡 쏘는 상큼함이 더해진 스타벅스의 새로운 티 음료입니다.,5900,"5,900원"
34eefd1e-ddb4-52de-86c6-fdf908865690,아이스 자몽 허니 블랙 티,,새콤달콤한 자몽과 꿀이 깊고 그윽한 풍미의 스타벅스 티바나의 블랙 티와 만났습니다. 화려한 색감과 톡 쏘는 상큼함이 더해진 스타벅스의 새로운 티 음료입니다.,5900,"5,900원"
34eefd1e-ddb4-52de-86c6-fdf908865690,망고 바나나 블렌디드,,인기 음료인 망고 패션후르츠 블렌디드에 신선한 바나나 1개가 통째로 들어간 달콤한 프라푸치노,6600,"6,600원"
34eefd1e-ddb4-52de-86c6-fdf908865690,에스프레소 프라푸치노,,"에스프레소의 강렬함과 약간의 단맛을 시원하게 즐기는 프라푸치노 라이트 프라푸치노용 시럽 선택 가능-Tall 사이즈 기준, 25% 이상 줄어든 저당으로 즐기세요",5700,"5,700원"
34eefd1e-ddb4-52de-86c6-fdf908865690,자바 칩 프라푸치노,,"커피 프라푸치노에 초콜릿, 초콜릿 칩이 첨가된 아이스 블렌드로 달콤 아삭한 음료. 라이트 프라푸치노용 시럽 선택 가능-Tall 사이즈 기준, 저당으로 즐기세요",6500,"6,500원"
f40d4646-3278-5c8f-b2ec-a27cb86d4146,이전 페이지,,,,
f40d4646-3278-5c8f-b2ec-a27cb86d4146,플레이스,,,,
f40d4646-3278-5c8f-b2ec-a27cb86d4146,페이지 닫기,,,,
f40d4646-3278-5c8f-b2ec-a27cb86d4146,서비스 이용이 제한되었습니다.,,,,
f40d4646-3278-5c8f-b2ec-a27cb86d4146,과도한 접근 요청으로 서비스 이용이 제한되었습니다.,,,,
f40d4646-3278-5c8f-b2ec-a27cb86d4146,잠시 후 다시 시도해주세요.,,IP: 211.192.210.178(2026.03.09 14:32:15),,
f40d4646-3278-5c8f-b2ec-a27cb86d4146,이전화면새로고침,,,,
e6b21093-3f51-5887-a86f-316591f90f9e,플레이스,,,,
e6b21093-3f51-5887-a86f-316591f90f9e,서비스 이용이 제한되었습니다.,,,,
e6b21093-3f51-5887-a86f-316591f90f9e,과도한 접근 요청으로 서비스 이용이 제한되었습니다.,,,,
e6b21093-3f51-5887-a86f-316591f90f9e,잠시 후 다시 시도해주세요.,,IP: 211.192.210.178(09/Mar/2026:14:35:38 +0900),,
e6b21093-3f51-5887-a86f-316591f90f9e,이전화면,,,,
e6b21093-3f51-5887-a86f-316591f90f9e,새로고침,,,,
f04092b2-4bfe-5fb0-b404-1894adb89edf,이전 페이지,,,,
f04092b2-4bfe-5fb0-b404-1894adb89edf,플레이스,,,,
f04092b2-4bfe-5fb0-b404-1894adb89edf,페이지 닫기,,,,
f04092b2-4bfe-5fb0-b404-1894adb89edf,서비스 이용이 제한되었습니다.,,,,
f04092b2-4bfe-5fb0-b404-1894adb89edf,과도한 접근 요청으로 서비스 이용이 제한되었습니다.,,,,
f04092b2-4bfe-5fb0-b404-1894adb89edf,잠시 후 다시 시도해주세요.,,IP: 211.192.210.178(2026.03.09 14:36:52),,
f04092b2-4bfe-5fb0-b404-1894adb89edf,이전화면새로고침,,,,
907f3faa-9304-5ec4-94fe-854d5ca5dd0c,카페 아메리카노,,,,
907f3faa-9304-5ec4-94fe-854d5ca5dd0c,강렬한 에스프레소 샷에 뜨거운 물의 조화,,,4700,"4,700원"
907f3faa-9304-5ec4-94fe-854d5ca5dd0c,카페 라떼,,,,
907f3faa-9304-5ec4-94fe-854d5ca5dd0c,에스프레소 샷과 따뜻한 우유와 거품으로 마무리된 음료.,,,5200,"5,200원"
907f3faa-9304-5ec4-94fe-854d5ca5dd0c,스타벅스 돌체 라떼,,깊은 에스프레소와 깔끔한 무지방 우유가 어우러진 달콤한 음료.,6100,"6,100원"
907f3faa-9304-5ec4-94fe-854d5ca5dd0c,카라멜 마키아또,,"바닐라 시럽과 우유, 그리고 그 위에 얹어진 에스프레소 샷과 달콤한 카라멜 드리즐의 조화",6100,"6,100원"
907f3faa-9304-5ec4-94fe-854d5ca5dd0c,카푸치노,,,,
907f3faa-9304-5ec4-94fe-854d5ca5dd0c,벨벳같은 우유 거품과 에스프레소 샷의 절묘한 조화!,,,5200,"5,200원"
907f3faa-9304-5ec4-94fe-854d5ca5dd0c,카페 모카,,,,
907f3faa-9304-5ec4-94fe-854d5ca5dd0c,모카시럽과 스팀밀크에 휘핑크림이 토핑된 에스프레소.,,,5700,"5,700원"
907f3faa-9304-5ec4-94fe-854d5ca5dd0c,화이트 초콜릿 모카,,,,
907f3faa-9304-5ec4-94fe-854d5ca5dd0c,화이트 초콜릿과 스팀밀크가 첨가된 에스프레소 음료.,,,6100,"6,100원"
907f3faa-9304-5ec4-94fe-854d5ca5dd0c,콜드 브루,,스타벅스 바리스타의 정성으로 탄생한 콜드 브루! 콜드 브루 전용 원두를 차가운 물로 14시간 동안 추출하여 한정된 양만 제공됩니다. 깊은 풍미의 새로운 커피 경험,5100,"5,100원"
907f3faa-9304-5ec4-94fe-854d5ca5dd0c,자몽 허니 블랙 티,,새콤달콤한 자몽과 꿀이 깊고 그윽한 풍미의 스타벅스 티바나의 블랙 티와 만났습니다. 화려한 색감과 톡 쏘는 상큼함이 더해진 스타벅스의 새로운 티 음료입니다.,5900,"5,900원"
907f3faa-9304-5ec4-94fe-854d5ca5dd0c,아이스 자몽 허니 블랙 티,,새콤달콤한 자몽과 꿀이 깊고 그윽한 풍미의 스타벅스 티바나의 블랙 티와 만났습니다. 화려한 색감과 톡 쏘는 상큼함이 더해진 스타벅스의 새로운 티 음료입니다.,5900,"5,900원"
907f3faa-9304-5ec4-94fe-854d5ca5dd0c,망고 바나나 블렌디드,,인기 음료인 망고 패션후르츠 블렌디드에 신선한 바나나 1개가 통째로 들어간 달콤한 프라푸치노,6600,"6,600원"
907f3faa-9304-5ec4-94fe-854d5ca5dd0c,에스프레소 프라푸치노,,"에스프레소의 강렬함과 약간의 단맛을 시원하게 즐기는 프라푸치노 라이트 프라푸치노용 시럽 선택 가능-Tall 사이즈 기준, 25% 이상 줄어든 저당으로 즐기세요",5700,"5,700원"
907f3faa-9304-5ec4-94fe-854d5ca5dd0c,자바 칩 프라푸치노,,"커피 프라푸치노에 초콜릿, 초콜릿 칩이 첨가된 아이스 블렌드로 달콤 아삭한 음료. 라이트 프라푸치노용 시럽 선택 가능-Tall 사이즈 기준, 저당으로 즐기세요",6500,"6,500원"
36e67565-ddaf-5074-993e-d5d469dd4973,카페 아메리카노,,,,
36e67565-ddaf-5074-993e-d5d469dd4973,강렬한 에스프레소 샷에 뜨거운 물의 조화,,,4700,"4,700원"
36e67565-ddaf-5074-993e-d5d469dd4973,카페 라떼,,,,
36e67565-ddaf-5074-993e-d5d469dd4973,에스프레소 샷과 따뜻한 우유와 거품으로 마무리된 음료.,,,5200,"5,200원"
36e67565-ddaf-5074-993e-d5d469dd4973,스타벅스 돌체 라떼,,깊은 에스프레소와 깔끔한 무지방 우유가 어우러진 달콤한 음료.,6100,"6,100원"
36e67565-ddaf-5074-993e-d5d469dd4973,카라멜 마키아또,,"바닐라 시럽과 우유, 그리고 그 위에 얹어진 에스프레소 샷과 달콤한 카라멜 드리즐의 조화",6100,"6,100원"
36e67565-ddaf-5074-993e-d5d469dd4973,카푸치노,,,,
36e67565-ddaf-5074-993e-d5d469dd4973,벨벳같은 우유 거품과 에스프레소 샷의 절묘한 조화!,,,5200,"5,200원"
36e67565-ddaf-5074-993e-d5d469dd4973,카페 모카,,,,
36e67565-ddaf-5074-993e-d5d469dd4973,모카시럽과 스팀밀크에 휘핑크림이 토핑된 에스프레소.,,,5700,"5,700원"
36e67565-ddaf-5074-993e-d5d469dd4973,화이트 초콜릿 모카,,,,
36e67565-ddaf-5074-993e-d5d469dd4973,화이트 초콜릿과 스팀밀크가 첨가된 에스프레소 음료.,,,6100,"6,100원"
36e67565-ddaf-5074-993e-d5d469dd4973,콜드 브루,,스타벅스 바리스타의 정성으로 탄생한 콜드 브루! 콜드 브루 전용 원두를 차가운 물로 14시간 동안 추출하여 한정된 양만 제공됩니다. 깊은 풍미의 새로운 커피 경험,5100,"5,100원"
36e67565-ddaf-5074-993e-d5d469dd4973,자몽 허니 블랙 티,,새콤달콤한 자몽과 꿀이 깊고 그윽한 풍미의 스타벅스 티바나의 블랙 티와 만났습니다. 화려한 색감과 톡 쏘는 상큼함이 더해진 스타벅스의 새로운 티 음료입니다.,5900,"5,900원"
36e67565-ddaf-5074-993e-d5d469dd4973,아이스 자몽 허니 블랙 티,,새콤달콤한 자몽과 꿀이 깊고 그윽한 풍미의 스타벅스 티바나의 블랙 티와 만났습니다. 화려한 색감과 톡 쏘는 상큼함이 더해진 스타벅스의 새로운 티 음료입니다.,5900,"5,900원"
36e67565-ddaf-5074-993e-d5d469dd4973,망고 바나나 블렌디드,,인기 음료인 망고 패션후르츠 블렌디드에 신선한 바나나 1개가 통째로 들어간 달콤한 프라푸치노,6600,"6,600원"
36e67565-ddaf-5074-993e-d5d469dd4973,에스프레소 프라푸치노,,"에스프레소의 강렬함과 약간의 단맛을 시원하게 즐기는 프라푸치노 라이트 프라푸치노용 시럽 선택 가능-Tall 사이즈 기준, 25% 이상 줄어든 저당으로 즐기세요",5700,"5,700원"
36e67565-ddaf-5074-993e-d5d469dd4973,자바 칩 프라푸치노,,"커피 프라푸치노에 초콜릿, 초콜릿 칩이 첨가된 아이스 블렌드로 달콤 아삭한 음료. 라이트 프라푸치노용 시럽 선택 가능-Tall 사이즈 기준, 저당으로 즐기세요",6500,"6,500원"
1e569d41-0989-54b3-9ab4-5eaf4b041ebe,카페 아메리카노,,,,
1e569d41-0989-54b3-9ab4-5eaf4b041ebe,강렬한 에스프레소 샷에 뜨거운 물의 조화,,,4700,"4,700원"
1e569d41-0989-54b3-9ab4-5eaf4b041ebe,카페 라떼,,,,
1e569d41-0989-54b3-9ab4-5eaf4b041ebe,에스프레소 샷과 따뜻한 우유와 거품으로 마무리된 음료.,,,5200,"5,200원"
1e569d41-0989-54b3-9ab4-5eaf4b041ebe,스타벅스 돌체 라떼,,깊은 에스프레소와 깔끔한 무지방 우유가 어우러진 달콤한 음료.,6100,"6,100원"
1e569d41-0989-54b3-9ab4-5eaf4b041ebe,카라멜 마키아또,,"바닐라 시럽과 우유, 그리고 그 위에 얹어진 에스프레소 샷과 달콤한 카라멜 드리즐의 조화",6100,"6,100원"
1e569d41-0989-54b3-9ab4-5eaf4b041ebe,카푸치노,,,,
1e569d41-0989-54b3-9ab4-5eaf4b041ebe,벨벳같은 우유 거품과 에스프레소 샷의 절묘한 조화!,,,5200,"5,200원"
1e569d41-0989-54b3-9ab4-5eaf4b041ebe,카페 모카,,,,
1e569d41-0989-54b3-9ab4-5eaf4b041ebe,모카시럽과 스팀밀크에 휘핑크림이 토핑된 에스프레소.,,,5700,"5,700원"
1e569d41-0989-54b3-9ab4-5eaf4b041ebe,화이트 초콜릿 모카,,,,
1e569d41-0989-54b3-9ab4-5eaf4b041ebe,화이트 초콜릿과 스팀밀크가 첨가된 에스프레소 음료.,,,6100,"6,100원"
1e569d41-0989-54b3-9ab4-5eaf4b041ebe,콜드 브루,,스타벅스 바리스타의 정성으로 탄생한 콜드 브루! 콜드 브루 전용 원두를 차가운 물로 14시간 동안 추출하여 한정된 양만 제공됩니다. 깊은 풍미의 새로운 커피 경험,5100,"5,100원"
1e569d41-0989-54b3-9ab4-5eaf4b041ebe,자몽 허니 블랙 티,,새콤달콤한 자몽과 꿀이 깊고 그윽한 풍미의 스타벅스 티바나의 블랙 티와 만났습니다. 화려한 색감과 톡 쏘는 상큼함이 더해진 스타벅스의 새로운 티 음료입니다.,5900,"5,900원"
1e569d41-0989-54b3-9ab4-5eaf4b041ebe,아이스 자몽 허니 블랙 티,,새콤달콤한 자몽과 꿀이 깊고 그윽한 풍미의 스타벅스 티바나의 블랙 티와 만났습니다. 화려한 색감과 톡 쏘는 상큼함이 더해진 스타벅스의 새로운 티 음료입니다.,5900,"5,900원"
1e569d41-0989-54b3-9ab4-5eaf4b041ebe,망고 바나나 블렌디드,,인기 음료인 망고 패션후르츠 블렌디드에 신선한 바나나 1개가 통째로 들어간 달콤한 프라푸치노,6600,"6,600원"
1e569d41-0989-54b3-9ab4-5eaf4b041ebe,에스프레소 프라푸치노,,"에스프레소의 강렬함과 약간의 단맛을 시원하게 즐기는 프라푸치노 라이트 프라푸치노용 시럽 선택 가능-Tall 사이즈 기준, 25% 이상 줄어든 저당으로 즐기세요",5700,"5,700원"
1e569d41-0989-54b3-9ab4-5eaf4b041ebe,자바 칩 프라푸치노,,"커피 프라푸치노에 초콜릿, 초콜릿 칩이 첨가된 아이스 블렌드로 달콤 아삭한 음료. 라이트 프라푸치노용 시럽 선택 가능-Tall 사이즈 기준, 저당으로 즐기세요",6500,"6,500원"
42fdbb62-78c6-5678-9cf2-32512d5ab228,이전 페이지,,,,
42fdbb62-78c6-5678-9cf2-32512d5ab228,studio eat,,,,
42fdbb62-78c6-5678-9cf2-32512d5ab228,페이지 닫기,,,,
42fdbb62-78c6-5678-9cf2-32512d5ab228,studio eat요리교육,,,,
42fdbb62-78c6-5678-9cf2-32512d5ab228,알림받기,,,,
42fdbb62-78c6-5678-9cf2-32512d5ab228,별점,,,,
42fdbb62-78c6-5678-9cf2-32512d5ab228,3.79방문자 리뷰 12블로그 리뷰 3,,,,
42fdbb62-78c6-5678-9cf2-32512d5ab228,출발,,,,
42fdbb62-78c6-5678-9cf2-32512d5ab228,도착,,,,
42fdbb62-78c6-5678-9cf2-32512d5ab228,저장,,,,
42fdbb62-78c6-5678-9cf2-32512d5ab228,거리뷰,,,,
42fdbb62-78c6-5678-9cf2-32512d5ab228,공유,,,,
42fdbb62-78c6-5678-9cf2-32512d5ab228,홈,,,,
42fdbb62-78c6-5678-9cf2-32512d5ab228,소식,,,,
42fdbb62-78c6-5678-9cf2-32512d5ab228,리뷰,사진,,,
42fdbb62-78c6-5678-9cf2-32512d5ab228,정보,사진,,,
42fdbb62-78c6-5678-9cf2-32512d5ab228,주소,사진,,,
42fdbb62-78c6-5678-9cf2-32512d5ab228,서울 종로구 효자로7길 22-14,사진,,,
42fdbb62-78c6-5678-9cf2-32512d5ab228,3경복궁역 3번 출구에서 385m,사진,,,
42fdbb62-78c6-5678-9cf2-32512d5ab228,미터,사진,,,
42fdbb62-78c6-5678-9cf2-32512d5ab228,찾아가는길,사진,지하철 이용시 3호선 경복궁역 방향 3번 출구 방향으로 나온 후 직진. 통의동 단팥 끼고 우측 골목 방향 자가용이용시 근처 유료 주차장 이용 . 유로구로메(끄레아 주차장) 택시 이용시 아트사이드 갤러리 ...,,
42fdbb62-78c6-5678-9cf2-32512d5ab228,내용 더보기,사진,,,
42fdbb62-78c6-5678-9cf2-32512d5ab228,영업시간,사진,,,
42fdbb62-78c6-5678-9cf2-32512d5ab228,운영 종료,사진,,,
42fdbb62-78c6-5678-9cf2-32512d5ab228,10:00에 운영 시작,사진,,,
42fdbb62-78c6-5678-9cf2-32512d5ab228,10시 0분에 운영 시작,사진,,,
42fdbb62-78c6-5678-9cf2-32512d5ab228,펼쳐보기,사진,,,
42fdbb62-78c6-5678-9cf2-32512d5ab228,전화번호,사진,,,
42fdbb62-78c6-5678-9cf2-32512d5ab228,02-322-7810복사,사진,,,
42fdbb62-78c6-5678-9cf2-32512d5ab228,홈페이지,사진,https://blog.naver.com/studioeat,,
42fdbb62-78c6-5678-9cf2-32512d5ab228,인스타그램,사진,,,
42fdbb62-78c6-5678-9cf2-32512d5ab228,클립,사진,,,
42fdbb62-78c6-5678-9cf2-32512d5ab228,클립 올리고,사진,,,
42fdbb62-78c6-5678-9cf2-32512d5ab228,네이버페이,사진,,,
42fdbb62-78c6-5678-9cf2-32512d5ab228,포인트 적립하기,사진,,,
42fdbb62-78c6-5678-9cf2-32512d5ab228,방문자 리뷰12,사진,,,
42fdbb62-78c6-5678-9cf2-32512d5ab228,min****,사진,,,
42fdbb62-78c6-5678-9cf2-32512d5ab228,21.3.41번째 방문영수증,사진,,,
42fdbb62-78c6-5678-9cf2-32512d5ab228,스튜디어,사진,,,
42fdbb62-78c6-5678-9cf2-32512d5ab228,방문자 리뷰,사진,,,
42fdbb62-78c6-5678-9cf2-32512d5ab228,더보기,사진,,,
42fdbb62-78c6-5678-9cf2-32512d5ab228,블로그 리뷰3,사진,,,
42fdbb62-78c6-5678-9cf2-32512d5ab228,매일기쁨,사진,,,
42fdbb62-78c6-5678-9cf2-32512d5ab228,숨은 그림 찾기,사진,스튜디온 잇은 좋아하는 서촌의 쿠클이다. 작년 수업 사진을 보다보니 선생님이 알려주신 방법대로 매실주를 담글 철이 곧이네. 수업 시간이 탱글탱글 알찬 곳이다. 알차게 배우고 수강생분 중 한 분이 가져온 포천 막걸리도 감사하게 맛보았다. 참 이쁜 동네에 위치한 스튜디오 잇 집에 오면 바로 복습이 즐거웠다. 잘 배운 요리는 응용하기도 좋다. 요리도 등너머로 보는 것보다 제대로 배워두니 두고두고 좋은 것. 서촌 쿠클 스튜디오잇의 계절별식 수업도 알차지만 그 밖의 프로그램도 좋아서 정말 정말 추천하는 쿠킹 클래스. 요즘 이 곳도 마감이 거의 빛의 속도네.,,
42fdbb62-78c6-5678-9cf2-32512d5ab228,23.4.10.월,사진,,,
42fdbb62-78c6-5678-9cf2-32512d5ab228,2023년 4월 10일 월요일,사진,,,
42fdbb62-78c6-5678-9cf2-32512d5ab228,이미지 수,사진,,24,24
42fdbb62-78c6-5678-9cf2-32512d5ab228,Musigny 뮤지니,,,,
42fdbb62-78c6-5678-9cf2-32512d5ab228,Musigny 뮤지니,,,,
42fdbb62-78c6-5678-9cf2-32512d5ab228,쿠킹클래스 - 스튜디오잇,,"좀처럼 올 일 없는 멋진 동네 통의동 고즈넉한 골목골목을 지나 바람결에 대나무숲 살랑거리는 소리를 들으며 걷다보면 너무나 멋진 곳들을 하나씩 구경하는 재미가 쏠쏠해서 기분이 좋아집니다. 그렇게 마주한 #스튜디오잇 초행길이라 조금 일찍 도착했어요. 쿠킹클래스 시작시간은 11시 일찍 도착해서 괜히 번거롭게 해드리는건 아닐까 생각했는데 따뜻하게 맞아주신 선생님 커피를 대접해주셨는데, 세상에 왜이렇게 맛있죠? 네스프레소 머신으로 내려주신 커피였는데 ㅋㅋ 역시 요리를 잘하면 커피도 맛있게 내릴 수 있나봅니다. 정성이 느껴졌어요. 정성은 감동을 줘요. 뭐든 정성스럽게 해야지. 멋진 공간 화려하지 않아도 소박하면서도 정성이 가득한 이 공간 서까래가 참 멋지죠 이런 공간에서 음식을 만들고 맛보고 너무나 행복했어요 공간이 주는 힘일까요 깍뚝썰기 된 재료들만 봐도 기분이 좋았어요 야채를 볶는 요리에서는 미리 야채에 소금을 미리 뿌려주면 좋아요 수분을 미리 빼줘서 질척이지 않거든요 제가 콩 요리를 진짜 좋아하는데 희안하게 완두콩은 별로 안좋아하거든요 근데 그 특유의 비릿한 콩냄새가 하나도 없었어요 우리 선생님만의 레시피로 오 이거 맛있어요 오렌지쨈 Alain milliat Orange Blonde 스크램블에그에 리코타치즈 넣어서 드셔보셨나요? 와아 이거 정말 맛있었어요 사워도우에 올리브유에 절인 마늘 발라주고 리코타치즈스크램블에그와 라따뚜이 곁들여서 먹어주면 정말 훌륭한 브런치 이 엔초비드레싱은 만들어두고 두고두고 먹고싶었어요 아 정말 맛있었다 꼬릿, 감칠맛 폭발 퀴노아샐러드 연어스테이크와 오렌지소스 맛있고 건강하고 예쁜 한상 정성스럽게 요리하는 행복한 시간 @스튜디오잇 https://naver.me/xlWbXQqj",,
42fdbb62-78c6-5678-9cf2-32512d5ab228,23.5.19.금,,,,
42fdbb62-78c6-5678-9cf2-32512d5ab228,2023년 5월 19일 금요일,,,,
42fdbb62-78c6-5678-9cf2-32512d5ab228,이미지 수,,,30,30
42fdbb62-78c6-5678-9cf2-32512d5ab228,요즘사라,,,,
42fdbb62-78c6-5678-9cf2-32512d5ab228,사라랜드를 꿈꾸며,,,,
42fdbb62-78c6-5678-9cf2-32512d5ab228,블체챌#03 서촌의 클래스 꽃 studio.eat,,"어제의 일정의0순위 요리시연수업 여기 레시피맛집이었다 어느식당보다 음식솜씨가 최고였다 문어와 무화과가 다했다ㅠ 귀한시간이었고 또갈게요^^ 쌤이 많이요리해봐야 그것이 내레시피가되다고 하셨다 와~ 문어손질,문어삶기 지금껏처음보고 지금껏잘못익혀먹었었다는걸 다시 깨달았다 이날의 문어시식은 입에서 살살녹는느낌 아시나요!?ㅜ 진심 잊혀지지않아~ 해물이용한 빠에야 사먹어는봤지만 시연으로보니 와우~ 본인이 선호하는 올리브유 아낌없이 입혀주라며^^ 스테이크맛있게 마리네이드하고 굽기정도도 깨알같이 알려주시는 센스^^",,
42fdbb62-78c6-5678-9cf2-32512d5ab228,23.8.11.금,,,,
42fdbb62-78c6-5678-9cf2-32512d5ab228,2023년 8월 11일 금요일,,,,
42fdbb62-78c6-5678-9cf2-32512d5ab228,이미지 수,,,5,5
42fdbb62-78c6-5678-9cf2-32512d5ab228,로딩중,,,,
42fdbb62-78c6-5678-9cf2-32512d5ab228,알고 계신 정보와 다른 정보가 있나요?,,,,
42fdbb62-78c6-5678-9cf2-32512d5ab228,사진으로 간단하게 제보해 주세요.,,,,
42fdbb62-78c6-5678-9cf2-32512d5ab228,정보 수정 제안하기,,,,
791c03a0-d37c-5133-b2e2-0bb72ba72a0e,치아바타 잠봉뵈르 샌드위치,,노들 시그니처 메뉴.. 치아바타에 소금집잠봉햄 트러플드레싱 오미자청 루꼴라의 절묘한 조합,15000,"15,000원"
791c03a0-d37c-5133-b2e2-0bb72ba72a0e,버섯 잣크림 파스타,,은은한 고소함이 가득한 잣크림 소스와 각종 버섯으로 맛을 낸 크림 파스타,18000,"18,000원"
791c03a0-d37c-5133-b2e2-0bb72ba72a0e,떡갈비 능이 크림 파스타,,능이버섯의 깊은 향이 어우러진 크림소스에 육즙 가득한 떡갈비를 더한 달콤고소한 파스타,21000,"21,000원"
791c03a0-d37c-5133-b2e2-0bb72ba72a0e,해물 토마토 파스타,,"오징어, 새우, 관자 등 각종 해물과 토마토 베이스 파스타",19000,"19,000원"
791c03a0-d37c-5133-b2e2-0bb72ba72a0e,떡갈비 능이버섯 간장 파스타,,육즙 가득한 떡갈비와 향이 깊은 능이버섯 간장소스가 어우러진 달콤하고 짭조름한 파스타,20000,"20,000원"
791c03a0-d37c-5133-b2e2-0bb72ba72a0e,새우 알리오올리오,,,18000,"18,000원"
791c03a0-d37c-5133-b2e2-0bb72ba72a0e,노들 플레터,,"올리브치즈치아바타, 단호박퓨레, 베이컨, 버섯, 그린 샐러드",17000,"17,000원"
791c03a0-d37c-5133-b2e2-0bb72ba72a0e,떡볶이 (투움바/매운맛),,,,
791c03a0-d37c-5133-b2e2-0bb72ba72a0e,"14,000~15,000원",,,,
791c03a0-d37c-5133-b2e2-0bb72ba72a0e,두바이 쫀득 쿠키 (55g),,hot해 hot해~ 피스타치오 함량이 높아 촉촉하고 쫀득한 두쫀쿠,6800,"6,800원"
791c03a0-d37c-5133-b2e2-0bb72ba72a0e,디저트 / 빵 & 케이크,,,,
791c03a0-d37c-5133-b2e2-0bb72ba72a0e,"3,500~8,000원",,,,
791c03a0-d37c-5133-b2e2-0bb72ba72a0e,아메리카노,,,7000,"7,000원"
791c03a0-d37c-5133-b2e2-0bb72ba72a0e,카페라떼,,,8000,"8,000원"
791c03a0-d37c-5133-b2e2-0bb72ba72a0e,아인슈페너,,,8000,"8,000원"
791c03a0-d37c-5133-b2e2-0bb72ba72a0e,쑥크림라떼,,,9000,"9,000원"
791c03a0-d37c-5133-b2e2-0bb72ba72a0e,인절미크림라떼,,,9000,"9,000원"
8695e912-a94d-5f61-b429-a92dfbd1c3e3,아메리카노,,,2000,"2,000원"
fd257f78-7462-50e3-b765-badc89ddc14a,빨미까레,대표,고소한 버터풍미와 진하고 달콤한 초콜릿 풍미가 인상깊은 시그니처 메뉴,5500,"5,500원"
fd257f78-7462-50e3-b765-badc89ddc14a,더티초코,대표,뺑오쇼콜라에 프랑스 진한 초콜렛으로 코팅하여 카카오 파우더로 마무리한 시그니쳐 메뉴,5800,"5,800원"
4657bc89-a34a-5103-adf7-a54d74edf9e7,이전 페이지,,,,
4657bc89-a34a-5103-adf7-a54d74edf9e7,어반스테이,,,,
4657bc89-a34a-5103-adf7-a54d74edf9e7,페이지 닫기,,,,
4657bc89-a34a-5103-adf7-a54d74edf9e7,거리뷰,,,,
4657bc89-a34a-5103-adf7-a54d74edf9e7,"어반스테이카페,디저트",,,,
4657bc89-a34a-5103-adf7-a54d74edf9e7,방문자 리뷰 669블로그 리뷰 20,,,,
4657bc89-a34a-5103-adf7-a54d74edf9e7,다양한 메뉴로 선택의 즐거움,,,,
4657bc89-a34a-5103-adf7-a54d74edf9e7,출발,,,,
4657bc89-a34a-5103-adf7-a54d74edf9e7,도착,,,,
4657bc89-a34a-5103-adf7-a54d74edf9e7,저장,,,,
4657bc89-a34a-5103-adf7-a54d74edf9e7,거리뷰,,,,
4657bc89-a34a-5103-adf7-a54d74edf9e7,공유,,,,
4657bc89-a34a-5103-adf7-a54d74edf9e7,홈,,,,
4657bc89-a34a-5103-adf7-a54d74edf9e7,메뉴,,,,
4657bc89-a34a-5103-adf7-a54d74edf9e7,리뷰,사진,,,
4657bc89-a34a-5103-adf7-a54d74edf9e7,에스프레소,사진,,1500,"1,500원"
4657bc89-a34a-5103-adf7-a54d74edf9e7,아메리카노(엘사바도르),,,1500,"1,500원"
4657bc89-a34a-5103-adf7-a54d74edf9e7,아메리카노(허니코케),,,2500,"2,500원"
4657bc89-a34a-5103-adf7-a54d74edf9e7,카페라떼,,,3200,"3,200원"
4657bc89-a34a-5103-adf7-a54d74edf9e7,카푸치노,,,3200,"3,200원"
039ffc1b-4b5b-5721-80e0-34e4d0e7af13,플레이스,,,,
039ffc1b-4b5b-5721-80e0-34e4d0e7af13,서비스 이용이 제한되었습니다.,,,,
039ffc1b-4b5b-5721-80e0-34e4d0e7af13,과도한 접근 요청으로 서비스 이용이 제한되었습니다.,,,,
039ffc1b-4b5b-5721-80e0-34e4d0e7af13,잠시 후 다시 시도해주세요.,,IP: 211.192.210.178(09/Mar/2026:14:37:15 +0900),,
039ffc1b-4b5b-5721-80e0-34e4d0e7af13,이전화면,,,,
039ffc1b-4b5b-5721-80e0-34e4d0e7af13,새로고침,,,,
ca68d57d-b048-506d-ad78-4dc98e67eef7,플레이스,,,,
ca68d57d-b048-506d-ad78-4dc98e67eef7,서비스 이용이 제한되었습니다.,,,,
ca68d57d-b048-506d-ad78-4dc98e67eef7,과도한 접근 요청으로 서비스 이용이 제한되었습니다.,,,,
ca68d57d-b048-506d-ad78-4dc98e67eef7,잠시 후 다시 시도해주세요.,,IP: 211.192.210.178(09/Mar/2026:14:35:45 +0900),,
ca68d57d-b048-506d-ad78-4dc98e67eef7,이전화면,,,,
ca68d57d-b048-506d-ad78-4dc98e67eef7,새로고침,,,,
d8e6d5ea-1fc4-5168-88ce-ff1bfa67d246,오트 변경,,,,
d8e6d5ea-1fc4-5168-88ce-ff1bfa67d246,우유를 오트로 변경 1000원 추가,,,1000,"1,000원"
d8e6d5ea-1fc4-5168-88ce-ff1bfa67d246,디카페인,,,,
d8e6d5ea-1fc4-5168-88ce-ff1bfa67d246,디카페인 500원 추가,,,500,500원
d8e6d5ea-1fc4-5168-88ce-ff1bfa67d246,아메리카노,,,4700,"4,700원"
d8e6d5ea-1fc4-5168-88ce-ff1bfa67d246,카페라떼,,,5600,"5,600원"
d8e6d5ea-1fc4-5168-88ce-ff1bfa67d246,바닐라라떼,,,5800,"5,800원"
d8e6d5ea-1fc4-5168-88ce-ff1bfa67d246,카페모카,,,6000,"6,000원"
d8e6d5ea-1fc4-5168-88ce-ff1bfa67d246,카라멜마끼아또,,,6000,"6,000원"
d8e6d5ea-1fc4-5168-88ce-ff1bfa67d246,사이폰,,,8000,"8,000원"
d8e6d5ea-1fc4-5168-88ce-ff1bfa67d246,더치아메리카노,,,4800,"4,800원"
d8e6d5ea-1fc4-5168-88ce-ff1bfa67d246,더치라떼,,,5700,"5,700원"
d8e6d5ea-1fc4-5168-88ce-ff1bfa67d246,에스프레소,,,4200,"4,200원"
d8e6d5ea-1fc4-5168-88ce-ff1bfa67d246,아포가토,,,6000,"6,000원"
d8e6d5ea-1fc4-5168-88ce-ff1bfa67d246,카페사이공,,,6000,"6,000원"
d8e6d5ea-1fc4-5168-88ce-ff1bfa67d246,초코라떼,,,6500,"6,500원"
d8e6d5ea-1fc4-5168-88ce-ff1bfa67d246,말차라떼,,,6500,"6,500원"
f9f32bb7-02eb-509f-a358-baf156ce3c86,컷,,,18000,"18,000원"
f9f32bb7-02eb-509f-a358-baf156ce3c86,쥬니어 커트,,,15000,"15,000원"
f9f32bb7-02eb-509f-a358-baf156ce3c86,베이직펌,,,50000,"50,000원"
f9f32bb7-02eb-509f-a358-baf156ce3c86,매직,,,,
f9f32bb7-02eb-509f-a358-baf156ce3c86,"100,000~150,000원",,,,
f9f32bb7-02eb-509f-a358-baf156ce3c86,클리닉,,,,
f9f32bb7-02eb-509f-a358-baf156ce3c86,"50,000~150,000원",,,,
5473b121-6d8f-53d1-a583-95a023a93452,바스크 치즈 케이크,대표,진한 끼리 크림치즈와 동물성 생크림으로 만든 바스크 치즈 케이크.,5500,"5,500원"
5473b121-6d8f-53d1-a583-95a023a93452,휘낭시에,대표,"매장에서 직접 반죽하고 정성껏 구워내 겉은 바삭, 속은 촉촉한 풍미 가득한 휘낭시에!",2500,"2,500원"
5473b121-6d8f-53d1-a583-95a023a93452,영역라떼,대표,진한 커피와 부드러운 엑설런트 아이스크림이 어우러진 특별한 라떼,6500,"6,500원"
5473b121-6d8f-53d1-a583-95a023a93452,영역 크림티,대표,루이보스와 아몬드를 비정제 설탕을 사용하여 액상으로 추출한 베이스 위에 크림이 올라간 음료,7000,"7,000원"
5473b121-6d8f-53d1-a583-95a023a93452,핸드드립커피,대표,다양한 로스터리의 스폐셜티 등급 원두들을 소개해드립니다.,,
5473b121-6d8f-53d1-a583-95a023a93452,변동,대표,,,
5473b121-6d8f-53d1-a583-95a023a93452,아메리카노,대표,,5000,"5,000원"
5473b121-6d8f-53d1-a583-95a023a93452,카페라떼,,,6000,"6,000원"
5473b121-6d8f-53d1-a583-95a023a93452,수제 바닐라빈 라떼,,직접 만든 수제 바닐라 시럽이 더해져 풍미 깊고 부드러운 달콤함이 가득한 라떼!,6500,"6,500원"
53fd9da2-861f-5cf9-8251-e116f4a42ff8,방어사시미,대표,,,
53fd9da2-861f-5cf9-8251-e116f4a42ff8,계절메뉴(11월~2월),대표,,47000,"47,000원"
53fd9da2-861f-5cf9-8251-e116f4a42ff8,광어+연어 사시미,대표,,43000,"43,000원"
53fd9da2-861f-5cf9-8251-e116f4a42ff8,치킨가라아게,대표,,23000,"23,000원"
53fd9da2-861f-5cf9-8251-e116f4a42ff8,차돌박이떡볶이,대표,,27000,"27,000원"
53fd9da2-861f-5cf9-8251-e116f4a42ff8,도미+광어+연어 사시미,대표,,59000,"59,000원"
53fd9da2-861f-5cf9-8251-e116f4a42ff8,해물떡볶이,대표,,25000,"25,000원"
53fd9da2-861f-5cf9-8251-e116f4a42ff8,명란크림파스타,대표,,24000,"24,000원"
53fd9da2-861f-5cf9-8251-e116f4a42ff8,차돌박이숙주볶음,대표,,25000,"25,000원"
53fd9da2-861f-5cf9-8251-e116f4a42ff8,얼큰해물짬뽕,대표,,28000,"28,000원"
53fd9da2-861f-5cf9-8251-e116f4a42ff8,오징어다리튀김,대표,,23000,"23,000원"
53fd9da2-861f-5cf9-8251-e116f4a42ff8,김치해물오뎅나베,대표,,28000,"28,000원"
53fd9da2-861f-5cf9-8251-e116f4a42ff8,뚝배기오뎅나베,대표,,26000,"26,000원"
53fd9da2-861f-5cf9-8251-e116f4a42ff8,메로구이,대표,,30000,"30,000원"
53fd9da2-861f-5cf9-8251-e116f4a42ff8,모찌리도후,대표,,,
53fd9da2-861f-5cf9-8251-e116f4a42ff8,전통방식으로 만든 모찌리도후 입니다,대표,,13000,"13,000원"
53fd9da2-861f-5cf9-8251-e116f4a42ff8,명란치즈계란말이,대표,숙성시켜 만든 특별한 계란물을 이용해 체다치즈와 명란을 넣은 일본식 계란말이입니다,20000,"20,000원"
ca21bac1-7b54-5d97-b22b-97fa3b8faf36,⭐우니스 에그타르트⭐,대표,우니스의 존재이유.. 말모..❤️ 파이지 반죽부터 100%수제 시그니처 에그타르트입니다:),3200,"3,200원"
ca21bac1-7b54-5d97-b22b-97fa3b8faf36,🥰[시즌] 러브데이 쿠키❤️,대표,,,
ca21bac1-7b54-5d97-b22b-97fa3b8faf36,매장에 다양하게 구비되어 있습니다 :),대표,,,
ca21bac1-7b54-5d97-b22b-97fa3b8faf36,변동,대표,,,
ca21bac1-7b54-5d97-b22b-97fa3b8faf36,❤️답례세트 10종 종합❤️,대표,"답례세트 10종 외 다른 원하시는 구성이 있으시면, 커스텀 제작 가능하십니다. :)",4000,"4,000원"
ca21bac1-7b54-5d97-b22b-97fa3b8faf36,⭐BEST고메버터쿠키⭐,대표,1000원~2500원까지 용량별 가격이 상이합니다. 2개입세트 맞춤구성 가능합니다:),1000,"1,000원"
ca21bac1-7b54-5d97-b22b-97fa3b8faf36,⭐우니스 버터링쿠키⭐,대표,"답례 구성품으로도, 단품으로도 우니스 인기상품 고메버터링쿠키입니다! :)",4500,"4,500원"
ca21bac1-7b54-5d97-b22b-97fa3b8faf36,✔️답례세트①-A,대표,[10개이상 주문가능/라벨서비스무료] 머스코바도쫀득키쿠1종+버터링쿠키+한입쏙쿠키3종,4000,"4,000원"
ca21bac1-7b54-5d97-b22b-97fa3b8faf36,✔️답례세트①-B,대표,[10개이상 주문가능/라벨서비스무료] 행사 베스트 답례입니다 :) 휘낭시에+한입쏙쿠키3종,4000,"4,000원"
ca21bac1-7b54-5d97-b22b-97fa3b8faf36,✔️답례세트①-C,대표,[10개이상 주문가능/라벨서비스무료] 머스코바도쫀득키쿠2종+버터링쿠키+버터쿠키(기본),4000,"4,000원"
ca21bac1-7b54-5d97-b22b-97fa3b8faf36,✔️답례세트①-D,대표,[10개이상 주문가능/라벨서비스무료] 곰돌이마들렌+한입쏙쿠키3종,4000,"4,000원"
ca21bac1-7b54-5d97-b22b-97fa3b8faf36,✔️답례세트②,대표,"[라벨서비스무료] 회사, 유치원 베스트 답례입니다 :) 곰돌이마들렌(미코팅)+버터쿠키3개",,
ca21bac1-7b54-5d97-b22b-97fa3b8faf36,변동,대표,,,
ca21bac1-7b54-5d97-b22b-97fa3b8faf36,✔️답례세트③,대표,"[라벨서비스무료] 기업, 어린이집 베스트 답례제품입니다 :) 에그타르트+버터쿠키2개",,
ca21bac1-7b54-5d97-b22b-97fa3b8faf36,변동,대표,,,
ca21bac1-7b54-5d97-b22b-97fa3b8faf36,✔️답례세트④,대표,[라벨서비스무료] 간식선물 베스트 답례입니다 :) 에그타르트+버터바1/2(or곰돌이마들렌),,
ca21bac1-7b54-5d97-b22b-97fa3b8faf36,변동,대표,,,
ca21bac1-7b54-5d97-b22b-97fa3b8faf36,✔️답례세트⑤,대표,[라벨서비스무료] 각종 행사 최다 베스트 답례세트입니다 :) 우니스 베스트 미니쿠키 3종,,
ca21bac1-7b54-5d97-b22b-97fa3b8faf36,변동,대표,,,
ca21bac1-7b54-5d97-b22b-97fa3b8faf36,✔️답례세트⑥,대표,[라벨서비스무료] 회서선물 베스트 답례세트입니다:) 레몬마들렌+미니쿠키2종+샤브레2개,,
ca21bac1-7b54-5d97-b22b-97fa3b8faf36,변동,대표,,,
ca21bac1-7b54-5d97-b22b-97fa3b8faf36,✔️답례세트⑦,대표,[라벨서비스무료] 각종 행사 베스트 답례세트입니다 :) 휘낭시에2개+한입쏙3종,,
ca21bac1-7b54-5d97-b22b-97fa3b8faf36,변동,대표,,,
5e91fe09-f503-5cb7-b8d5-eeae6b411906,올리브 치아바타 샌드위치,대표,"올리브 향이 톡톡, 올리브 치아바타 샌드위치 신선한 야채와 햄치즈로 든든한 한끼",8900,"8,900원"
5e91fe09-f503-5cb7-b8d5-eeae6b411906,감자 치아바타 샌드위치,대표,,8900,"8,900원"
5e91fe09-f503-5cb7-b8d5-eeae6b411906,바게트 샌드위치,,,6500,"6,500원"
5e91fe09-f503-5cb7-b8d5-eeae6b411906,무화과깜빠뉴&앙밤깜빠뉴,,,6200,"6,200원"
5e91fe09-f503-5cb7-b8d5-eeae6b411906,앙버터,,,4000,"4,000원"
5e91fe09-f503-5cb7-b8d5-eeae6b411906,바게트,,,3200,"3,200원"
5e91fe09-f503-5cb7-b8d5-eeae6b411906,감자&먹물&바질 치아바타,,,4200,"4,200원"
5e91fe09-f503-5cb7-b8d5-eeae6b411906,소금버터번,,,3200,"3,200원"
5e91fe09-f503-5cb7-b8d5-eeae6b411906,2025 윤송 슈톨렌,,,,
5e91fe09-f503-5cb7-b8d5-eeae6b411906,변동,,,,
23133070-a1fd-5055-b1ed-56f19d550657,핸드드립,,,,
23133070-a1fd-5055-b1ed-56f19d550657,변동,,,,
23133070-a1fd-5055-b1ed-56f19d550657,티라미수 + 아메리카노,,,11500,"11,500원"
23133070-a1fd-5055-b1ed-56f19d550657,아메리카노,,,4500,"4,500원"
23133070-a1fd-5055-b1ed-56f19d550657,카페라떼,,,5500,"5,500원"
23133070-a1fd-5055-b1ed-56f19d550657,카페모카,,,6500,"6,500원"
23133070-a1fd-5055-b1ed-56f19d550657,아인슈패너,,,6500,"6,500원"
23133070-a1fd-5055-b1ed-56f19d550657,블루베리 요거트 스무디,,,6500,"6,500원"
23133070-a1fd-5055-b1ed-56f19d550657,프렌치토스트브런치,,,16000,"16,000원"
23133070-a1fd-5055-b1ed-56f19d550657,스크램블에그브런치,,,16000,"16,000원"
3b1581e1-7e7a-54d6-827b-1d90afa598b0,카페 아메리카노,,,3200,"3,200원"
3b1581e1-7e7a-54d6-827b-1d90afa598b0,카페 라떼,,,4200,"4,200원"
3b1581e1-7e7a-54d6-827b-1d90afa598b0,토피 넛 라떼,,,4200,"4,200원"
3b1581e1-7e7a-54d6-827b-1d90afa598b0,바닐라 라떼,,,4500,"4,500원"
3418724d-f528-5d57-baba-f7cf54f6478a,플레이스,,,,
3418724d-f528-5d57-baba-f7cf54f6478a,서비스 이용이 제한되었습니다.,,,,
3418724d-f528-5d57-baba-f7cf54f6478a,과도한 접근 요청으로 서비스 이용이 제한되었습니다.,,,,
3418724d-f528-5d57-baba-f7cf54f6478a,잠시 후 다시 시도해주세요.,,IP: 211.192.210.178(09/Mar/2026:14:35:35 +0900),,
3418724d-f528-5d57-baba-f7cf54f6478a,이전화면,,,,
3418724d-f528-5d57-baba-f7cf54f6478a,새로고침,,,,
773028d4-39a5-5c5c-9d5d-e677152347ef,카페 아메리카노,,,3200,"3,200원"
773028d4-39a5-5c5c-9d5d-e677152347ef,카페 라떼,,,4200,"4,200원"
773028d4-39a5-5c5c-9d5d-e677152347ef,토피 넛 라떼,,,4200,"4,200원"
773028d4-39a5-5c5c-9d5d-e677152347ef,바닐라 라떼,,,4500,"4,500원"
3ecdab7d-b7a7-55c5-bbf1-e72cff91eb63,카페 아메리카노,,,3200,"3,200원"
3ecdab7d-b7a7-55c5-bbf1-e72cff91eb63,카페 라떼,,,4200,"4,200원"
3ecdab7d-b7a7-55c5-bbf1-e72cff91eb63,토피 넛 라떼,,,4200,"4,200원"
3ecdab7d-b7a7-55c5-bbf1-e72cff91eb63,바닐라 라떼,,,4500,"4,500원"
d3d93a42-c4cc-5876-bed9-72f6ad2d2c0e,배달우리 매장은 배달 주문이 가능합니다,,,,
d3d93a42-c4cc-5876-bed9-72f6ad2d2c0e,대표메뉴,대표,,,
d3d93a42-c4cc-5876-bed9-72f6ad2d2c0e,ICED 아메리카노,대표,"더 커지고 더 깊어졌다. 구운 견과류의 고소한 향미와 다크초콜렛의 Bitter sweet 깊고 깔끔한 애프터테이스트가 특징인 이디야의 대표 음료/고카페인함유(어린이,임산부,카페인 민감자는 섭취에 주의해주시기 바랍니다)",3200,"3,200원"
d3d93a42-c4cc-5876-bed9-72f6ad2d2c0e,허니 카라멜 브레드,대표,은은한 시나몬과 진한 카라멜 코팅이 된 허니브레드에 휘핑크림을 더해 한결 부드러워진 맛의 허니브레드,6100,"6,100원"
d3d93a42-c4cc-5876-bed9-72f6ad2d2c0e,ICED 바닐라 라떼,대표,"부드러운 라떼에 은은한 바닐라 향이 더해져 더욱 달콤하게 즐길 수 있는 음료/고카페인함유(어린이,임산부,카페인 민감자는 섭취에 주의해주시기 바랍니다)",4800,"4,800원"
d3d93a42-c4cc-5876-bed9-72f6ad2d2c0e,딸기 듬뿍 라떼,대표,(Only ICED)달콤한 딸기의 식감과 상큼함을 듬뿍 담은 딸기 라떼,4800,"4,800원"
d3d93a42-c4cc-5876-bed9-72f6ad2d2c0e,아망추(복숭아),대표,(Only ICED)홍차의 깊은 맛과 풍부한 복숭아 향이 어우러진 아이스티에 달콤한 망고가 올라가 더욱 달콤하게 즐길 수 있는 음료,4500,"4,500원"
d3d93a42-c4cc-5876-bed9-72f6ad2d2c0e,신제품,,,,
d3d93a42-c4cc-5876-bed9-72f6ad2d2c0e,HOT 거문도쑥 라떼,,거문도의 해풍을 맞고 자란 봄 제철 쑥을 활용하여 쌉쌀한 맛과 달콤한 플로팅크림의 조화를 담은 음료,4800,"4,800원"
d3d93a42-c4cc-5876-bed9-72f6ad2d2c0e,ICED 거문도쑥 라떼,,거문도의 해풍을 맞고 자란 봄 제철 쑥을 활용하여 쌉쌀한 맛과 달콤한 플로팅크림의 조화를 담은 음료,4800,"4,800원"
d3d93a42-c4cc-5876-bed9-72f6ad2d2c0e,ICED 저당 문경오미자 에이드,,문경 오미자를 활용하여 봄에 어울리는 화사한 색감과 청량감을 담은 저당 에이드/대체당(에리스리톨 등)은 개인의 체질에 따라 과다 섭취 시 복통 및 설사 등을 유발할 수 있습니다.,5000,"5,000원"
d3d93a42-c4cc-5876-bed9-72f6ad2d2c0e,HOT 저당 하동매실 그린티,,하동 매실의 상큼한 풍미를 살리고 저당으로 깔끔함을 더한 리프레싱 티 음료/대체당(에리스리톨 등)은 개인의 체질에 따라 과다 섭취 시 복통 및 설사 등을 유발할 수 있습니다.,3800,"3,800원"
d3d93a42-c4cc-5876-bed9-72f6ad2d2c0e,ICED 저당 하동매실 그린티,,하동 매실의 상큼한 풍미를 살리고 저당으로 깔끔함을 더한 리프레싱 티 음료/대체당(에리스리톨 등)은 개인의 체질에 따라 과다 섭취 시 복통 및 설사 등을 유발할 수 있습니다.,3800,"3,800원"
d3d93a42-c4cc-5876-bed9-72f6ad2d2c0e,커피,,,,
d3d93a42-c4cc-5876-bed9-72f6ad2d2c0e,HOT 아메리카노,,"더 커지고 더 깊어졌다. 구운 견과류의 고소한 향미와 다크초콜렛의 Bitter sweet 깊고 깔끔한 애프터테이스트가 특징인 이디야의 대표 음료/고카페인함유(어린이,임산부,카페인 민감자는 섭취에 주의해주시기 바랍니다)",3200,"3,200원"
d3d93a42-c4cc-5876-bed9-72f6ad2d2c0e,ICED 아메리카노,대표,"더 커지고 더 깊어졌다. 구운 견과류의 고소한 향미와 다크초콜렛의 Bitter sweet 깊고 깔끔한 애프터테이스트가 특징인 이디야의 대표 음료/고카페인함유(어린이,임산부,카페인 민감자는 섭취에 주의해주시기 바랍니다)",3200,"3,200원"
d3d93a42-c4cc-5876-bed9-72f6ad2d2c0e,HOT 시그니처 라떼,,"생크림이 함유되어 부드럽고 풍부한 시그니처밀크와 진하고 고소한 에스프레소가 조화를 이뤄 깊고 고소한 맛을 선사하는 라떼/고카페인함유(어린이,임산부,카페인 민감자는 섭취에 주의해주시기 바랍니다)",5000,"5,000원"
d3d93a42-c4cc-5876-bed9-72f6ad2d2c0e,ICED 시그니처 라떼,,"생크림이 함유되어 부드럽고 풍부한 시그니처밀크와 진하고 고소한 에스프레소가 조화를 이뤄 깊고 고소한 맛을 선사하는 라떼/고카페인함유(어린이,임산부,카페인 민감자는 섭취에 주의해주시기 바랍니다)",5000,"5,000원"
d3d93a42-c4cc-5876-bed9-72f6ad2d2c0e,HOT 헤이즐넛 아메리카노,,"헤이즐넛 파우더를 더해 부드럽고 고소한 너트향의 풍성한 여운을 더한 아메리카노/고카페인함유(어린이,임산부,카페인 민감자는 섭취에 주의해주시기 바랍니다)",4200,"4,200원"
d3d93a42-c4cc-5876-bed9-72f6ad2d2c0e,펼쳐서 더보기,,,,
d3d93a42-c4cc-5876-bed9-72f6ad2d2c0e,디카페인,,,,
d3d93a42-c4cc-5876-bed9-72f6ad2d2c0e,디카페인 HOT 아메리카노,,풍부한 향미와 진한 단맛을 중심으로 긴 여운의 밸런스가 좋은 디카페인 아메리카노,3700,"3,700원"
d3d93a42-c4cc-5876-bed9-72f6ad2d2c0e,디카페인 ICED 아메리카노,,풍부한 향미와 진한 단맛을 중심으로 긴 여운의 밸런스가 좋은 디카페인 아메리카노,3700,"3,700원"
d3d93a42-c4cc-5876-bed9-72f6ad2d2c0e,디카페인 HOT 헤이즐넛 아메리카노,,헤이즐넛 파우더를 더해 부드럽고 고소한 너트향의 풍성한 여운을 더한 디카페인 아메리카노,4700,"4,700원"
d3d93a42-c4cc-5876-bed9-72f6ad2d2c0e,디카페인 ICED 헤이즐넛 아메리카노,,헤이즐넛 파우더를 더해 부드럽고 고소한 너트향의 풍성한 여운을 더한 디카페인 아메리카노,4700,"4,700원"
d3d93a42-c4cc-5876-bed9-72f6ad2d2c0e,디카페인 꿀화이트 아메리카노,,"(Only ICED)향긋한 사양 벌꿀과 부드럽고 풍부한 시그니처 밀크, 디카페인 에스프레소의 완벽한 조화를 느낄 수 있는 음료",4700,"4,700원"
d3d93a42-c4cc-5876-bed9-72f6ad2d2c0e,펼쳐서 더보기,,,,
d3d93a42-c4cc-5876-bed9-72f6ad2d2c0e,아이스티,,,,
d3d93a42-c4cc-5876-bed9-72f6ad2d2c0e,아샷추 복숭아,,"(Only ICED)홍차의 깊은 맛과 풍부한 복숭아 향이 어우러진 아이스티에 이디야 에스프레소가 어우러진 음료/고카페인함유(어린이,임산부,카페인 민감자는 섭취에 주의해주시기 바랍니다)",4000,"4,000원"
d3d93a42-c4cc-5876-bed9-72f6ad2d2c0e,제로슈가 아샷추 복숭아,,"(Only ICED)홍차의 깊은 맛과 풍부한 복숭아 향이 어우러진 제로 슈가 아이스티에 이디야 에스프레소가 어우러진 음료/대체당(에리스리톨 등)은 개인의 체질에 따라 과다 섭취 시 복통 및 설사 등을 유발할 수 있습니다. (어린이,임산부,카페인 민감자는 섭취에 주의해주시기 바랍니다)",4000,"4,000원"
d3d93a42-c4cc-5876-bed9-72f6ad2d2c0e,아망추(복숭아),대표,(Only ICED)홍차의 깊은 맛과 풍부한 복숭아 향이 어우러진 아이스티에 달콤한 망고가 올라가 더욱 달콤하게 즐길 수 있는 음료,4500,"4,500원"
d3d93a42-c4cc-5876-bed9-72f6ad2d2c0e,복숭아 아이스티,,(Only ICED)홍차의 깊은 맛과 풍부한 복숭아 향이 어우러진 달콤한 여름철 인기 음료,3500,"3,500원"
d3d93a42-c4cc-5876-bed9-72f6ad2d2c0e,제로슈가 아이스티 복숭아,,(Only ICED)홍차의 깊은 맛과 풍부한 복숭아 향이 어우러진 아이스티를 제로 슈가로 즐길 수 있는 음료//대체당(에리스리톨 등)은 개인의 체질에 따라 과다 섭취 시 복통 및 설사 등을 유발할 수 있습니다.,3500,"3,500원"
d3d93a42-c4cc-5876-bed9-72f6ad2d2c0e,펼쳐서 더보기,,,,
d3d93a42-c4cc-5876-bed9-72f6ad2d2c0e,베이커리,,,,
d3d93a42-c4cc-5876-bed9-72f6ad2d2c0e,저당 제육 단백브리또,,매콤 달콤한 저당 제육 소스로 건강하게 즐길 수 있는 브리또,5200,"5,200원"
d3d93a42-c4cc-5876-bed9-72f6ad2d2c0e,저당 찜닭 단백브리또,,매콤하고 감칠맛이 특징인 저당 찜닭 소스로 건강하게 즐길 수 있는 브리또,5200,"5,200원"
d3d93a42-c4cc-5876-bed9-72f6ad2d2c0e,스위트칠리 킬바사 핫도그,,"육즙이 살아있는 킬바사 소시지에 렐리쉬, 스위트칠리 소스가 토핑되어 달콤하면서도 매콤한 맛의 핫도그",4800,"4,800원"
d3d93a42-c4cc-5876-bed9-72f6ad2d2c0e,콘마요 킬바사 핫도그,,육즙이 살아있는 킬바사 소시지에 고소한 콘마요가 토핑되어 조화로운 맛이 인상적인 핫도그,4800,"4,800원"
d3d93a42-c4cc-5876-bed9-72f6ad2d2c0e,대파베이컨 크림치즈 베이글,,치즈가 토핑된 베이글에 대파에 베이컨이 들어간 크림치즈를 발라서 부드럽고 깔끔한 맛으로 음료와 잘 어울리는 제품,5300,"5,300원"
d3d93a42-c4cc-5876-bed9-72f6ad2d2c0e,펼쳐서 더보기,,,,
d3d93a42-c4cc-5876-bed9-72f6ad2d2c0e,디저트&기타,,,,
d3d93a42-c4cc-5876-bed9-72f6ad2d2c0e,딸기쏙쏙 모찌떡,,딸기의 달콤한 풍미를 살리고 쫀득한 떡 식감과 오독오독한 화이트 초콜릿 코팅이 어우러져 씹는 재미가 있는 제품,3100,"3,100원"
d3d93a42-c4cc-5876-bed9-72f6ad2d2c0e,딸기크림치즈 쫀득빵,,쫀득한 빵 속에 상큼한 딸기 크림치즈 필링이 가득 차갑게 먹을수록 쫀득한 식감이 더욱 살아나는 제품,4400,"4,400원"
d3d93a42-c4cc-5876-bed9-72f6ad2d2c0e,초코생크림 조각케익,,진한 초콜릿 생크림으로 달콤하고 고소한 초콜릿의 맛이 특징인 조각케익,5500,"5,500원"
d3d93a42-c4cc-5876-bed9-72f6ad2d2c0e,수플레 치즈 조각케익,,,,
d3d93a42-c4cc-5876-bed9-72f6ad2d2c0e,치즈 고유의 부드러움과 촉촉함이 살아있는 케이크,,,5500,"5,500원"
d3d93a42-c4cc-5876-bed9-72f6ad2d2c0e,데블스 초코 조각케익,,,,
d3d93a42-c4cc-5876-bed9-72f6ad2d2c0e,진한 초콜릿과 코코아 시트로 만든 초콜릿 케이크,,,5500,"5,500원"
d3d93a42-c4cc-5876-bed9-72f6ad2d2c0e,펼쳐서 더보기,,,,
d3d93a42-c4cc-5876-bed9-72f6ad2d2c0e,논커피,,,,
d3d93a42-c4cc-5876-bed9-72f6ad2d2c0e,치즈폼 딸기라떼,,상큼한 딸기라떼에 부드럽고 고소한 치즈 폼을 올려 달콤하게 즐길 수 있는 음료(프로바이오틱스 함유),5500,"5,500원"
d3d93a42-c4cc-5876-bed9-72f6ad2d2c0e,딸기 듬뿍 라떼,대표,(Only ICED)달콤한 딸기의 식감과 상큼함을 듬뿍 담은 딸기 라떼,4800,"4,800원"
d3d93a42-c4cc-5876-bed9-72f6ad2d2c0e,ICED 딸기 초코 라떼,,(Only ICED)달콤한 딸기와 진한 초콜릿이 어우러진 부드럽고 달콤한 라떼,5000,"5,000원"
d3d93a42-c4cc-5876-bed9-72f6ad2d2c0e,HOT 말차 라떼,,진한 말차의 깊은 풍미와 부드러운 우유가 어우러진 달콤쌉쌀한 음료,4800,"4,800원"
d3d93a42-c4cc-5876-bed9-72f6ad2d2c0e,ICED 말차 라떼,,진한 말차의 깊은 풍미와 부드러운 우유가 어우러진 달콤쌉쌀한 음료,4800,"4,800원"
d3d93a42-c4cc-5876-bed9-72f6ad2d2c0e,펼쳐서 더보기,,,,
d3d93a42-c4cc-5876-bed9-72f6ad2d2c0e,주스,,,,
d3d93a42-c4cc-5876-bed9-72f6ad2d2c0e,딸기 주스,,"새콤달콤한 딸기 과육을 그대로 담아, 딸기 본연의 풍미를 즐길 수 있는 과일 스무디",5200,"5,200원"
d3d93a42-c4cc-5876-bed9-72f6ad2d2c0e,망고 주스,,"부드럽고 진한 달콤함이 살아있는, 망고 본연의 풍미를 즐길 수 있는 과일 스무디",5200,"5,200원"
d3d93a42-c4cc-5876-bed9-72f6ad2d2c0e,블루베리 주스,,향긋하고 상큼한 블루베리의 맛을 그대로 담아낸 과일 스무디,5200,"5,200원"
d3d93a42-c4cc-5876-bed9-72f6ad2d2c0e,딸기바나나 주스,,딸기의 새콤달콤함과 바나나의 부드러운 달콤함이 어우러진 과일 스무디,5700,"5,700원"
d3d93a42-c4cc-5876-bed9-72f6ad2d2c0e,망고바나나 주스,,진한 망고의 풍미에 바나나의 부드러움을 더한 달콤한 과일 스무디,5700,"5,700원"
d3d93a42-c4cc-5876-bed9-72f6ad2d2c0e,펼쳐서 더보기,,,,
d3d93a42-c4cc-5876-bed9-72f6ad2d2c0e,블렌디드,,,,
d3d93a42-c4cc-5876-bed9-72f6ad2d2c0e,망고 플랫치노,,(Only ICED)열대과일인 망고의 달콤하고 진한 맛을 그대로 담아낸 여름철 인기 메뉴,4200,"4,200원"
d3d93a42-c4cc-5876-bed9-72f6ad2d2c0e,꿀복숭아 플랫치노,,(Only ICED)복숭아의 리얼한 풍미와 꿀의 달콤함이 최적의 조화를 이룬 달콤하고 시원한 플랫치노,4200,"4,200원"
d3d93a42-c4cc-5876-bed9-72f6ad2d2c0e,유자몽 플랫치노,,상큼한 유자와 자몽이 어우러져 청량하고 시트러스한 맛을 즐길 수 있는 플랫치노,4200,"4,200원"
d3d93a42-c4cc-5876-bed9-72f6ad2d2c0e,초콜릿 칩 플랫치노,,(Only ICED)트리플 모카시럽에 초콜릿이 더해져 씹는 재미가 있는 달콤한 플랫치노,5000,"5,000원"
d3d93a42-c4cc-5876-bed9-72f6ad2d2c0e,민트 초콜릿 칩 플랫치노,,(Only ICED)진한 민트향이 더해진 초코렛에 초콜렛칩이 가득 들어있는 젊은 감성의 이디야 플랫치노,5000,"5,000원"
d3d93a42-c4cc-5876-bed9-72f6ad2d2c0e,펼쳐서 더보기,,,,
d3d93a42-c4cc-5876-bed9-72f6ad2d2c0e,티,,,,
d3d93a42-c4cc-5876-bed9-72f6ad2d2c0e,HOT 딸기감귤티,,"딸기와 감귤이 달콤, 상큼하게 조화된 맛에 가볍게 즐길 수 있는 음료",4500,"4,500원"
d3d93a42-c4cc-5876-bed9-72f6ad2d2c0e,ICED 딸기감귤티,,"딸기와 감귤이 달콤, 상큼하게 조화된 맛에 가볍게 즐길 수 있는 음료",4500,"4,500원"
d3d93a42-c4cc-5876-bed9-72f6ad2d2c0e,딸기자두 요구르트,,달콤한 딸기와 상큼한 요구르트의 조합에 건강하게 즐길 수 있는 리프레쉬 티 음료(프로바이오틱스 함유),4200,"4,200원"
d3d93a42-c4cc-5876-bed9-72f6ad2d2c0e,살얼음 식혜,,(Only ICED)밥알이 씹히는 정성 가득한 식혜에 살얼음을 띄워 더욱 시원하게 즐길 수 있는 메뉴,4800,"4,800원"
d3d93a42-c4cc-5876-bed9-72f6ad2d2c0e,HOT 루이보스,,복숭아 한 조각을 베어 문 잔향이 입안에 남는 맑은 수색의 루이보스 티(카페인 無),3500,"3,500원"
d3d93a42-c4cc-5876-bed9-72f6ad2d2c0e,펼쳐서 더보기,,,,
d3d93a42-c4cc-5876-bed9-72f6ad2d2c0e,에이드,,,,
d3d93a42-c4cc-5876-bed9-72f6ad2d2c0e,자몽포멜로 에이드,,(Only ICED)싱그러운 포멜로와 자몽의 상큼함을 즐길 수 있는 청량한 에이드,5000,"5,000원"
d3d93a42-c4cc-5876-bed9-72f6ad2d2c0e,머스캣모히또 에이드,,(Only ICED)샤인머스캣의 달콤함과 향긋한 민트향을 동시에 즐길 수 있는 상큼한 에이드,5000,"5,000원"
d3d93a42-c4cc-5876-bed9-72f6ad2d2c0e,꿀복숭아 에이드,,(Only ICED)복숭아의 리얼한 풍미와 꿀의 달콤함이 최적의 조화를 이룬 달콤하고 시원한 에이드,5000,"5,000원"
d3d93a42-c4cc-5876-bed9-72f6ad2d2c0e,샹그리아 에이드,,(Only ICED)다양한 과일에 와인베이스를 더해 다채롭고 풍성한 맛을 진하게 즐길 수 있는 논알콜 에이드,5000,"5,000원"
d3d93a42-c4cc-5876-bed9-72f6ad2d2c0e,감귤레몬 에이드,,(Only ICED)레몬의 상큼함과 감귤의 달달함을 더욱 즐길 수 있는 달달한 에이드,5000,"5,000원"
d3d93a42-c4cc-5876-bed9-72f6ad2d2c0e,병음료,,,,
d3d93a42-c4cc-5876-bed9-72f6ad2d2c0e,이디야 프루츠 스파클링 사과,,상큼한 사과 풍미에 식이섬유를 더해 가볍고 청량하고 즐길 수 있는 저당 기능성 탄산음료,3700,"3,700원"
d3d93a42-c4cc-5876-bed9-72f6ad2d2c0e,이디야 프루츠 스파클링 복숭아,,은은한 복숭아 향과 비오틴을 함유해 일상 속 부담 없이 마실 수 있는 저당 기능성 탄산음료,3700,"3,700원"
d3d93a42-c4cc-5876-bed9-72f6ad2d2c0e,이디야 프루츠 스파클링 체리,,체리맛에 테아닌을 더해 일상을 환기할 수 있는 저당 기능성 탄산음료,3700,"3,700원"
d3d93a42-c4cc-5876-bed9-72f6ad2d2c0e,이디야 콤부차 청포도레몬,,새콤하고 톡쏘는 맛의 발효 콤부차에 이디야의 노하우로 만든 청포도레몬 티베이스를 블렌딩한 발효 음료(프로바이오틱스 함유),4400,"4,400원"
d3d93a42-c4cc-5876-bed9-72f6ad2d2c0e,이디야 콤부차 복숭아망고,,새콤하고 톡쏘는 맛의 발효 콤부차에 이디야의 노하우로 만든 복숭아망고 티베이스를 블렌딩한 발효 음료(프로바이오틱스 함유),4400,"4,400원"
d3d93a42-c4cc-5876-bed9-72f6ad2d2c0e,펼쳐서 더보기,,,,
d3d93a42-c4cc-5876-bed9-72f6ad2d2c0e,스낵,,,,
d3d93a42-c4cc-5876-bed9-72f6ad2d2c0e,미니 코코 크런치,,초코 과자의 바삭함과 달콤한 크림이 어우러져 한 입에 즐거움을 느낄 수 있는 제품,2800,"2,800원"
d3d93a42-c4cc-5876-bed9-72f6ad2d2c0e,미니 말차 크런치,,현미 과자의 바삭함과 달콤한 말차 크림이 어우러져 한 입에 즐거움을 느낄 수 있는 제품,3000,"3,000원"
d3d93a42-c4cc-5876-bed9-72f6ad2d2c0e,크리미피넛 감자쿠키(12개입),,슬림한 감자 크래커에 달달하고 고소한 피넛 크림이 샌딩되어 있는 디저트 쿠키 스낵,3300,"3,300원"
d3d93a42-c4cc-5876-bed9-72f6ad2d2c0e,크리미초코 감자쿠키(12개입),,슬림한 감자 크래커에 달콤한 초콜릿이 샌딩되어 있는 디저트 쿠키 스낵,3300,"3,300원"
d3d93a42-c4cc-5876-bed9-72f6ad2d2c0e,이디야 제로슈가 쿠키 스윗오트,,단단하고 바삭한 질감에 달지 않고 담백한 맛의 오트 쿠키,3300,"3,300원"
d3d93a42-c4cc-5876-bed9-72f6ad2d2c0e,펼쳐서 더보기,,,,
d3d93a42-c4cc-5876-bed9-72f6ad2d2c0e,스틱커피,,,,
d3d93a42-c4cc-5876-bed9-72f6ad2d2c0e,더 진한 제주 말차 라떼(10T),,말차 함량을 강화해 제주산 말차의 쌉쌉하고 고소한 여운을 그대로 즐길 수 있는 제품(10T),5300,"5,300원"
d3d93a42-c4cc-5876-bed9-72f6ad2d2c0e,더 진한 솔티드 카라멜 라떼(10T),,카라멜 함량을 강화해 카라멜의 달콤함과 히말라야 솔트의 밸런스를 즐길 수 있는 제품(10T),5300,"5,300원"
d3d93a42-c4cc-5876-bed9-72f6ad2d2c0e,스페셜 골드블렌드 커피믹스(30T),,무지방 우유가 함유된 크리머를 사용하여 깔끔한 끝맛과 라떼와 같은 부드러움을 느낄 수 있는 커피믹스(30T),5900,"5,900원"
d3d93a42-c4cc-5876-bed9-72f6ad2d2c0e,스페셜 골드블렌드 커피믹스(100T),,무지방 우유가 함유된 크리머를 사용하여 깔끔한 끝맛과 라떼와 같은 부드러움을 느낄 수 있는 커피믹스(100T),15200,"15,200원"
d3d93a42-c4cc-5876-bed9-72f6ad2d2c0e,스페셜 아로마블렌드 헤이즐넛향 커피믹스(30T),,이디야 전용 라떼 크리머로 부드러움과 향을 살린 고소하고 은은한 헤이즐넛향 커피믹스(30T),5900,"5,900원"
d3d93a42-c4cc-5876-bed9-72f6ad2d2c0e,펼쳐서 더보기,,,,
d3d93a42-c4cc-5876-bed9-72f6ad2d2c0e,MD,,,,
d3d93a42-c4cc-5876-bed9-72f6ad2d2c0e,과육이 살아있는 제주 레몬차(10T),,"100% 제주산 레몬을 갈아 넣어, 과육이 살아있는 상큼한 레몬차(20g/T)",5500,"5,500원"
d3d93a42-c4cc-5876-bed9-72f6ad2d2c0e,통생강을 갈아넣은 제주 생강차(10T),,"100% 제주산 생강을 갈아 넣어, 깊고 진한 풍미가 살아있는 생강차(20g/T)",5500,"5,500원"
1bcadb3b-2785-5025-a050-e86ff1b5c69f,카페 아메리카노,,,3200,"3,200원"
1bcadb3b-2785-5025-a050-e86ff1b5c69f,카페 라떼,,,4200,"4,200원"
1bcadb3b-2785-5025-a050-e86ff1b5c69f,토피 넛 라떼,,,4200,"4,200원"
1bcadb3b-2785-5025-a050-e86ff1b5c69f,바닐라 라떼,,,4500,"4,500원"
d9e567c3-e76a-50b7-988c-d02bf5c815bd,이전 페이지,,,,
d9e567c3-e76a-50b7-988c-d02bf5c815bd,플레이스,,,,
d9e567c3-e76a-50b7-988c-d02bf5c815bd,페이지 닫기,,,,
d9e567c3-e76a-50b7-988c-d02bf5c815bd,서비스 이용이 제한되었습니다.,,,,
d9e567c3-e76a-50b7-988c-d02bf5c815bd,과도한 접근 요청으로 서비스 이용이 제한되었습니다.,,,,
d9e567c3-e76a-50b7-988c-d02bf5c815bd,잠시 후 다시 시도해주세요.,,IP: 211.192.210.178(2026.03.09 14:29:26),,
d9e567c3-e76a-50b7-988c-d02bf5c815bd,이전화면새로고침,,,,
a1295e0d-3935-54e1-a9c7-4a1d3f0daa08,이전 페이지,,,,
a1295e0d-3935-54e1-a9c7-4a1d3f0daa08,일립스,,,,
a1295e0d-3935-54e1-a9c7-4a1d3f0daa08,페이지 닫기,,,,
a1295e0d-3935-54e1-a9c7-4a1d3f0daa08,거리뷰,,,,
a1295e0d-3935-54e1-a9c7-4a1d3f0daa08,일립스기업,,,,
a1295e0d-3935-54e1-a9c7-4a1d3f0daa08,블로그 리뷰 1,,,,
a1295e0d-3935-54e1-a9c7-4a1d3f0daa08,출발,,,,
a1295e0d-3935-54e1-a9c7-4a1d3f0daa08,도착,,,,
a1295e0d-3935-54e1-a9c7-4a1d3f0daa08,저장,,,,
a1295e0d-3935-54e1-a9c7-4a1d3f0daa08,거리뷰,,,,
a1295e0d-3935-54e1-a9c7-4a1d3f0daa08,공유,,,,
a1295e0d-3935-54e1-a9c7-4a1d3f0daa08,홈,,,,
a1295e0d-3935-54e1-a9c7-4a1d3f0daa08,리뷰,사진,,,
a1295e0d-3935-54e1-a9c7-4a1d3f0daa08,주소,사진,,,
a1295e0d-3935-54e1-a9c7-4a1d3f0daa08,서울 마포구 마포대로 52,사진,,,
a1295e0d-3935-54e1-a9c7-4a1d3f0daa08,5마포역 3번 출구에서 123m,사진,,,
a1295e0d-3935-54e1-a9c7-4a1d3f0daa08,미터,사진,,,
a1295e0d-3935-54e1-a9c7-4a1d3f0daa08,영업시간 정보 수정,사진,,,
a1295e0d-3935-54e1-a9c7-4a1d3f0daa08,영업시간 수정 제안하기,사진,,,
a1295e0d-3935-54e1-a9c7-4a1d3f0daa08,추가,사진,,,
a1295e0d-3935-54e1-a9c7-4a1d3f0daa08,"이 장소의 관리자라면,",사진,,,
a1295e0d-3935-54e1-a9c7-4a1d3f0daa08,무료로 직접 관리하세요!,사진,,,
a1295e0d-3935-54e1-a9c7-4a1d3f0daa08,권한 받기,사진,,,
a1295e0d-3935-54e1-a9c7-4a1d3f0daa08,방문자 리뷰,사진,,,
a1295e0d-3935-54e1-a9c7-4a1d3f0daa08,방문 키워드 통계 그래프 예시입니다.,사진,,,
a1295e0d-3935-54e1-a9c7-4a1d3f0daa08,현재 0명 참여,사진,,,
a1295e0d-3935-54e1-a9c7-4a1d3f0daa08,10명 이상 참여하면,사진,,,
a1295e0d-3935-54e1-a9c7-4a1d3f0daa08,방문 키워드 통계가 공개됩니다!,사진,,,
a1295e0d-3935-54e1-a9c7-4a1d3f0daa08,아직 등록된 리뷰가 없습니다.,사진,,,
a1295e0d-3935-54e1-a9c7-4a1d3f0daa08,첫 리뷰를 작성해보세요!,사진,,,
a1295e0d-3935-54e1-a9c7-4a1d3f0daa08,블로그 리뷰1,사진,,,
a1295e0d-3935-54e1-a9c7-4a1d3f0daa08,라노랑 까까랑,사진,,,
a1295e0d-3935-54e1-a9c7-4a1d3f0daa08,얼레리 꼴레리~ 얼레리 꼴레리~,사진,,,
a1295e0d-3935-54e1-a9c7-4a1d3f0daa08,마스크 대체품으로 일립스마스크 구매 후기~,사진,"마스크!!!!! 없어요 인제 30개밖에 안남았는데 어쩔꺼냐ㅜㅜㅜㅜ !!!!! 비러머글 머글..머글.. 내 외국인 친구들이 다 나 괜찮냐고 연락이 온다.. 니들도 조심해라 이건 한국뿐이 아니여 이제...ㅜㅜㅜㅜㅜ 시끄러운 코로나가 줄어들 생각은 안하고 내 마스크만 계속 쓰니 줄어들고.. 한집에 식구가 4인데 일안가냐고.. 하..ㅜㅜ 그래서 마스크 대체품을 찾다가 엠마 또 등장하는 그녀♥ 엠마티처의 정보로 재빠르게 싼가격에 get한 일립스 마스크~~~ 오예!!!! 그래서 준비한 포스팅!!! 내가 직접 일주일간 써보고 외출도 하고 내돈주고 쓰는 포스팅입니다. 왜냐면 진심 좋아요 강력추천~~~ GVS elipse 일립스 마스크라는 것입니다. 현재 인터넷 최저가 38,500원입니다. 이글 쓸때는 주문해논 상태라 엠마쌤이 보내준 사진만 보고 가늠이 안되었는데 직접 보니 더 좋은게야ㅋㅋㅋㅋ 일단 저는 관계자 아닙니다!! 카드 지문인증으로 산 일개미입니다. 아니지..지금은 백수..ㅜㅜ 어쨌든 솔직후기♥ 일단 겉모습은 이렇게 생겼어요!!! 사진상으로 크기가 가늠이 안되는데 생각보다 작아요!!! 앞 툭 튀 스타일입니다 사이즈는 사이트가보시면 두가지가 있습니다 S/M과 M/L 요렇게요~~ 근데 후기보니 전투모 58호 쓰시는 남자분께서 M/L사이즈가 크다고 하시더라고요 제가 아빠 라노등 남자사람들에게 다 씌어본 결과 한국인은 그냥 S/M 사이즈면 충분할 것 같습니다~^^ 코로나 바이러스 마스크 대체품을 찾으신다면 일립스 마스크 S/M사이즈로 추천드려요!! 안쪽에 보이시듯이 구멍 세개가 있습니다. 앞쪽이 옆처럼 막혀있지 않아서 말소리가 전달되는데 kf 94 마스크처럼 얇지 않아 크게 전달되지 않아요ㅜㅜ 시끄러운 곳에서는 의사소통 힘들거예요 백프로 이게 가장 큰 단점인데, 난 누구와도 소통하지 않을것이기에ㅋㅋㅋㅋ Safe가 더 중요함 그리고 양 옆에는 필터기가 있습니다!! 저 이 대용품쓰고 세차장도 가고 이마트도 가고 코스트코, 아울렛, 동네마트, 빵집 다 돌아다녔는데!!!! 개짱편해요..,진심♥ 쓰는 순간 공기질의 다름을 느낄 수 있구요 마스크랑 차원이 다른게 입과 피부에 붙지 않으니 너무나 편한것 귀도 안아프고 짱좋♥ 그 어떤 구린내도 나지 않아요 이 필터가 진짜 다 막아줍니다 신기방기한 아이!!!! 더이상 코로나로 걱정 안해도되고 마스크때문에 노심초사 안해도 되요ㅋㅋㅋ 마스크 대체품으로 일립스 마스크있으면 필터당 2개월사용이니 일회용 마스크 2달치 사는것 보다 훨씬 저렴이♥ 마스크 1500원에 살 수 있다고 치면 1500원 × 60일...",,
a1295e0d-3935-54e1-a9c7-4a1d3f0daa08,20.3.3.화,사진,,,
a1295e0d-3935-54e1-a9c7-4a1d3f0daa08,2020년 3월 3일 화요일,사진,,,
a1295e0d-3935-54e1-a9c7-4a1d3f0daa08,이미지 수,사진,,24,24
a1295e0d-3935-54e1-a9c7-4a1d3f0daa08,로딩중,,,,
a1295e0d-3935-54e1-a9c7-4a1d3f0daa08,알고 계신 정보와 다른 정보가 있나요?,,,,
a1295e0d-3935-54e1-a9c7-4a1d3f0daa08,사진으로 간단하게 제보해 주세요.,,,,
a1295e0d-3935-54e1-a9c7-4a1d3f0daa08,정보 수정 제안하기,,,,
ebe7ef71-9aa6-5895-8a70-a22b07e5dcaa,아메리카노,,,2900,"2,900원"
ebe7ef71-9aa6-5895-8a70-a22b07e5dcaa,카페라떼,,,3800,"3,800원"
ebe7ef71-9aa6-5895-8a70-a22b07e5dcaa,카푸치노,,,3800,"3,800원"
ebe7ef71-9aa6-5895-8a70-a22b07e5dcaa,생강차,,,5200,"5,200원"
7dc3c155-8038-5bed-8af7-7ad0136b19f7,토마호크 1.1 kg+ (2~3인용),대표,,,
7dc3c155-8038-5bed-8af7-7ad0136b19f7,미국산 숙성 토마호크,대표,,167000,"167,000원"
7dc3c155-8038-5bed-8af7-7ad0136b19f7,"24, 25일 크리스마스 디너코스",,,94000,"94,000원"
7dc3c155-8038-5bed-8af7-7ad0136b19f7,Gjustina 브런치 플레이트,,"스크램블, 직접 만든 베이컨, 양송이 버섯, 로스트 토마토, 사워도우",18000,"18,000원"
7dc3c155-8038-5bed-8af7-7ad0136b19f7,그라블락스 에그 베네딕트,,"직접 만든 연어 그라블락스, 수란, 아보카도, 홀렌데이즈, 사워도우",18000,"18,000원"
7dc3c155-8038-5bed-8af7-7ad0136b19f7,스파이스럽 풀포크 에그 베네딕트,,,,
7dc3c155-8038-5bed-8af7-7ad0136b19f7,"풀포크, 수란, 소테 시금치, 홀렌데이즈, 사워도우",,,19000,"19,000원"
7dc3c155-8038-5bed-8af7-7ad0136b19f7,스매쉬드 아보카도 햄 토스트,,"아보카도, 파르마 햄, 수란(스크램블, 써니사이드 선택 가능), 사워도우",17000,"17,000원"
7dc3c155-8038-5bed-8af7-7ad0136b19f7,"스매쉬드아보카도,수란,토마토콩피토스트",,"아보카도, 토마토 콩피, 수란(스크램블, 써니사이드 선택 가능), 사워도우",16000,"16,000원"
7dc3c155-8038-5bed-8af7-7ad0136b19f7,그라블락스 lover's 플레이트,,"직접 만든 연어 그라블락스, 토마토, 감자 샐러드, 사워도우",25000,"25,000원"
7dc3c155-8038-5bed-8af7-7ad0136b19f7,오리콩피,,,,
7dc3c155-8038-5bed-8af7-7ad0136b19f7,"직접 만든 오리콩피, 곡물, 샐러드, 오렌지 드레싱",,,34000,"34,000원"
7dc3c155-8038-5bed-8af7-7ad0136b19f7,카우보이 스테이크 & 에그,,,,
7dc3c155-8038-5bed-8af7-7ad0136b19f7,"USDA 프라임 스테이크, 써니사이드 에그",,,36000,"36,000원"
7dc3c155-8038-5bed-8af7-7ad0136b19f7,"연어구이 브런치, 아보카도와 수란",,,,
7dc3c155-8038-5bed-8af7-7ad0136b19f7,"연어구이, 아보카도, 수란, 사워도우",,,27000,"27,000원"
7dc3c155-8038-5bed-8af7-7ad0136b19f7,치킨 아보카도 볼,,,,
7dc3c155-8038-5bed-8af7-7ad0136b19f7,"치킨, 아보카도, 콘살사 볼(키토 프렌들리)",,,21000,"21,000원"
7dc3c155-8038-5bed-8af7-7ad0136b19f7,치킨 슈니첼,,,,
7dc3c155-8038-5bed-8af7-7ad0136b19f7,숙성 돈등심 커틀렛,,,25000,"25,000원"
7dc3c155-8038-5bed-8af7-7ad0136b19f7,64겹 Danish 프렌치 토스트,,,18000,"18,000원"
7dc3c155-8038-5bed-8af7-7ad0136b19f7,Gjustina 하우스 샐러드,,,,
7dc3c155-8038-5bed-8af7-7ad0136b19f7,신선한 샐러드 믹스와 제철 재료,,,16000,"16,000원"
36610df6-9675-5ae8-be22-898e53c2215d,스페셜 하우스 커피,대표,조셉의 커피나무 전통 로스팅으로 커피나무에서만 맛보실 수 있는 시그니처 하우스 블렌드,7500,"7,500원"
f8f9c8b5-40df-539d-a70f-bc693484bbff,전복볶음밥,,,,
f8f9c8b5-40df-539d-a70f-bc693484bbff,고소하고 부드러운 밥과 달짝지근한 전복볶음밥,,,24900,"24,900원"
f8f9c8b5-40df-539d-a70f-bc693484bbff,규스지 어묵탕,,,,
f8f9c8b5-40df-539d-a70f-bc693484bbff,"탱글한 어묵 , 쫀득한 규스지 얼큰한 국물 굿 입니다~",,,25900,"25,900원"
f8f9c8b5-40df-539d-a70f-bc693484bbff,삼겹구이,,,,
f8f9c8b5-40df-539d-a70f-bc693484bbff,직접 만든 소스를 품은 삼겹살과 부추장,,,24900,"24,900원"
f8f9c8b5-40df-539d-a70f-bc693484bbff,청어알 쌈,,,,
f8f9c8b5-40df-539d-a70f-bc693484bbff,"톡톡 터지는 청어알젓,두부,오이,김,차돌박이를 한입에",,,20900,"20,900원"
f8f9c8b5-40df-539d-a70f-bc693484bbff,깻잎골뱅&비빔국수,,,,
f8f9c8b5-40df-539d-a70f-bc693484bbff,새콤달콤 비빔국수와 수제깻잎페스토 골뱅이,,,19900,"19,900원"
f8f9c8b5-40df-539d-a70f-bc693484bbff,오징어숙회&미나리무침,,,,
f8f9c8b5-40df-539d-a70f-bc693484bbff,부드러운 오징어숙회와 향긋한 미나리무침의 조화,,,19900,"19,900원"
f8f9c8b5-40df-539d-a70f-bc693484bbff,돼지고기김치찌개,,,,
f8f9c8b5-40df-539d-a70f-bc693484bbff,돼지고기가 듬뿍! 들어간 김치찌개,,,19900,"19,900원"
f8f9c8b5-40df-539d-a70f-bc693484bbff,나가사끼짬뽕탕,,,,
f8f9c8b5-40df-539d-a70f-bc693484bbff,불향을 입힌 해물과 채소가 풍부한 나가사끼짬뽕탕,,,19900,"19,900원"
f8f9c8b5-40df-539d-a70f-bc693484bbff,얼큰수제비,,,,
f8f9c8b5-40df-539d-a70f-bc693484bbff,쫄깃한 감자수제비가 들어간 얼큰수제비,,,19900,"19,900원"
f8f9c8b5-40df-539d-a70f-bc693484bbff,명란크림파스타,,,,
f8f9c8b5-40df-539d-a70f-bc693484bbff,진한 수제크림소스에 명란의 고소함을 담은 크림파스타,,,17900,"17,900원"
f8f9c8b5-40df-539d-a70f-bc693484bbff,에그인헬 (샥슈카),,,,
f8f9c8b5-40df-539d-a70f-bc693484bbff,토마토소스에 야채와 계란을 넣어 만든 스튜,,,18900,"18,900원"
f8f9c8b5-40df-539d-a70f-bc693484bbff,오돌뼈&주먹밥,,,,
f8f9c8b5-40df-539d-a70f-bc693484bbff,수제소스에 볶은 매콤한 오돌뼈와 주먹밥,,,17900,"17,900원"
f8f9c8b5-40df-539d-a70f-bc693484bbff,우삼겹 마라로제 떡볶이,,부드러운 우삼겹과 직접 만든 마라로제소스로 알싸한 풍미를 더한 떡볶이,17900,"17,900원"
f8f9c8b5-40df-539d-a70f-bc693484bbff,바지락술찜,,,,
f8f9c8b5-40df-539d-a70f-bc693484bbff,바지락이 푸짐하게 들어간 시원 개운 술찜,,,15900,"15,900원"
f8f9c8b5-40df-539d-a70f-bc693484bbff,떡볶이,,,,
f8f9c8b5-40df-539d-a70f-bc693484bbff,매콤달콤 특제소스에 오징어튀김을 곁들인 떡볶이,,,14900,"14,900원"
a8c82553-79a8-5702-83f0-3fc0aea671cb,플레이스,,,,
a8c82553-79a8-5702-83f0-3fc0aea671cb,서비스 이용이 제한되었습니다.,,,,
a8c82553-79a8-5702-83f0-3fc0aea671cb,과도한 접근 요청으로 서비스 이용이 제한되었습니다.,,,,
a8c82553-79a8-5702-83f0-3fc0aea671cb,잠시 후 다시 시도해주세요.,,IP: 211.192.210.178(09/Mar/2026:14:37:24 +0900),,
a8c82553-79a8-5702-83f0-3fc0aea671cb,이전화면,,,,
a8c82553-79a8-5702-83f0-3fc0aea671cb,새로고침,,,,
e2eff3c3-4a1b-5908-b5c7-5d0d348d658f,이전 페이지,,,,
e2eff3c3-4a1b-5908-b5c7-5d0d348d658f,초당동 주민센터,,,,
e2eff3c3-4a1b-5908-b5c7-5d0d348d658f,페이지 닫기,,,,
e2eff3c3-4a1b-5908-b5c7-5d0d348d658f,초당동 주민센터행정복지센터,,,,
e2eff3c3-4a1b-5908-b5c7-5d0d348d658f,블로그 리뷰 31,,,,
e2eff3c3-4a1b-5908-b5c7-5d0d348d658f,출발,,,,
e2eff3c3-4a1b-5908-b5c7-5d0d348d658f,도착,,,,
e2eff3c3-4a1b-5908-b5c7-5d0d348d658f,저장,,,,
e2eff3c3-4a1b-5908-b5c7-5d0d348d658f,거리뷰,,,,
e2eff3c3-4a1b-5908-b5c7-5d0d348d658f,공유,,,,
e2eff3c3-4a1b-5908-b5c7-5d0d348d658f,홈,,,,
e2eff3c3-4a1b-5908-b5c7-5d0d348d658f,리뷰,사진,,,
e2eff3c3-4a1b-5908-b5c7-5d0d348d658f,주소,사진,,,
e2eff3c3-4a1b-5908-b5c7-5d0d348d658f,강원 강릉시 초당순두부길 99 초당동주민센터,사진,,,
e2eff3c3-4a1b-5908-b5c7-5d0d348d658f,영업시간,사진,,,
e2eff3c3-4a1b-5908-b5c7-5d0d348d658f,곧 운영 종료,사진,,,
e2eff3c3-4a1b-5908-b5c7-5d0d348d658f,18:00에 운영 종료,사진,,,
e2eff3c3-4a1b-5908-b5c7-5d0d348d658f,18시 0분에 운영 종료,사진,,,
e2eff3c3-4a1b-5908-b5c7-5d0d348d658f,펼쳐보기,사진,,,
e2eff3c3-4a1b-5908-b5c7-5d0d348d658f,전화번호,사진,,,
e2eff3c3-4a1b-5908-b5c7-5d0d348d658f,033-660-3861복사,사진,,,
e2eff3c3-4a1b-5908-b5c7-5d0d348d658f,"이 장소의 관리자라면,",사진,,,
e2eff3c3-4a1b-5908-b5c7-5d0d348d658f,무료로 직접 관리하세요!,사진,,,
e2eff3c3-4a1b-5908-b5c7-5d0d348d658f,권한 받기,사진,,,
e2eff3c3-4a1b-5908-b5c7-5d0d348d658f,방문자 리뷰,사진,,,
e2eff3c3-4a1b-5908-b5c7-5d0d348d658f,방문 키워드 통계 그래프 예시입니다.,사진,,,
e2eff3c3-4a1b-5908-b5c7-5d0d348d658f,현재 0명 참여,사진,,,
e2eff3c3-4a1b-5908-b5c7-5d0d348d658f,10명 이상 참여하면,사진,,,
e2eff3c3-4a1b-5908-b5c7-5d0d348d658f,방문 키워드 통계가 공개됩니다!,사진,,,
e2eff3c3-4a1b-5908-b5c7-5d0d348d658f,아직 등록된 리뷰가 없습니다.,사진,,,
e2eff3c3-4a1b-5908-b5c7-5d0d348d658f,첫 리뷰를 작성해보세요!,사진,,,
e2eff3c3-4a1b-5908-b5c7-5d0d348d658f,블로그 리뷰31,사진,,,
e2eff3c3-4a1b-5908-b5c7-5d0d348d658f,남쪽구슬,사진,,,
e2eff3c3-4a1b-5908-b5c7-5d0d348d658f,남쪽구슬,사진,안녕하세요! 제가 최근은 아니지만 고민끝에 1박 2일 국내여행 강릉편 포스팅을 진행하고 있는데요! 이제 사회적 거리두기가 과연 끝날것인지? 원래는 내일까지인데 어찌될지 궁금하네욥! 저는 사회적거리두기가 확산되기 전에 강릉여행을 다녀왔어요 1박 2일정도 드라이브를 하러 갔다왔죵 초당동 주민센터에 주차를 할 공간이 있더라고요! 주말에는 그냥 주차하면 된다는 블로그 글을 보고 초당동 주민센터에 주차를 하고 도보로 이동했답니다! 카페 툇마루가 살짝 멀긴한데 그래서 사람 많다면 한명이 툇마루에서 내려서 결제 먼저 하고 한명은 주민센터에 주차시키고 그러고 만나도 될 것 같아요 먼저 여기는 다 대기가 길다보니 루트를 짜자면! 툇마루->동화가든->순두부젤라또 이 순서로 가시는게 젤 좋아요 툇마루에서 보통 대기를 2시간 잡거든요 미리 결제해두고 2시간정도 후에 찾으러 오라고 합니다 동화가든은 1시간?! 정도여서 툇마루 결제 후 동화가든에서 번호표를 받고 순두부젤라또를 먹으며 동화가든을 기다립니다 ㅎㅎ 그 다음 동화가든에서 짬뽕순두부를 먹고 툇마루에 가면 보통 알맞더라고요 ...ㅎㅎㅎ 저는 툇마루 커피를 시켰어요 원래 커피를 못 마시는 사람인데 그래도 안먹기 아쉽더라고요 (커피 마시면 두근거리고 잠 못자서 잘 안마시는 1인) 일단 대기를 해뒀어요 여기서 사진 많이 찍더라고요! 저도 찍긴 찍었는뎅 쨋든 여기 줄이 없어서 우와 없구나! 했는데 그냥 줄만 없을 뿐입니다... 휴.. 여길 일단 젤 먼저 가서 결제하세용 그리고 초당소나무집이라고 써져있는 여기서 순두부젤라또를 구매했어요! 짠! 저는 순두부젤라또 먹을만했어요! 그리고 기다리면서 뚝딱 먹기 좋은 ㅎㅎ 그리고 번호표를 꼭 받아야해요! 저 아무생각없이 안받았는데 후회함 ㅜㅜ 280번 실화인가요 180번대인가 그랬는데... 저는 원조짬순을 시켰어요 근데 딱 먹는 순간 ?! 약간 음? 뭐지 ..? 그냥 짬뽕에 순두부 넣은 맛이에요 사실 맛이 없지 않음! 맛있음 근데 상상가능한 맛이에요 솔직히 오래 기다린다면 그냥 안 먹는 것도.. 방법이라고 생각합니다... 여러분의 여행 시간은 소중하니까요 요렇게 짬순이 적혀져있네요 ㅋㅋㅋㅋ 그리고 다시 툇마루 커피로 ㄱㄱ 여기서 원래는 테이크아웃을 하려다가 그냥 실내에서 먹고싶다고 하니까 10분정도 더 기다리라고 하시더니 바꿔주셨어요 툇마루커피 젓지말고 먹으라고 당부하시더라고요 근데 그래서 그런지 초반엔 완전 달아서 제스타일이었는데...,,
e2eff3c3-4a1b-5908-b5c7-5d0d348d658f,20.4.18.토,사진,,,
e2eff3c3-4a1b-5908-b5c7-5d0d348d658f,2020년 4월 18일 토요일,사진,,,
e2eff3c3-4a1b-5908-b5c7-5d0d348d658f,이미지 수,사진,,18,18
e2eff3c3-4a1b-5908-b5c7-5d0d348d658f,산달자 sandalja,,,,
e2eff3c3-4a1b-5908-b5c7-5d0d348d658f,산달자 Sandalja,,강릉초당동 순두부맛집 이번엔 동해쪽으로 가볼까요 ㅎㅎ 여행은 역시 급벙개여행이죠 가방하나 덜렁들고 바다보러 gogo~^^)) 강릉 도착하자마자 배도고프고 해서 찾아간집 초당동 순두부집 ㅎㅎ 요기 차현희 순두부집이 유명하다고 해서 드가 봅니다~^^)) 메뉴는 낙지순두부전골로 당첨~ 낙지한마리와 순두부전골~ 비쥬얼 얼큰하죵~ 낙지한마리 풍덩~♡♡ ㅋㅋ 실하진 않치만 낙지한마리~ 참고로 달자는 낙지전문가임~ ㅎ 하하 순두부와 낙지가 은근 매력있네용~ 고등어조림 같쥬~ 쌈에 한쌈싸서 츄릅~♡♡ 이스리도 한잔 빠질수없죠~^^)) 콩비지도 양념장 언져서 호로록 냠냠 하하 이거 정말 호로록 되네용~ㅋ 차현희 순두부 청국장 명태찜도 매콤하니 맛나고용 ㅎㅎ 허리띠 풀어야 겠슴돠~ㅋ 흰밥에 요렇게 언져서 한입 냠냠 남은 밥은 순두부에 비벼비벼 ㅎㅎ 와 밥한공기로 다양하게 먹었네용...ㅋ 초당두부도 건배하고용 ~ㅎ 정식이라 밑찬이 꾀 많네요 바닷가답게 생선이 많이 올라오네요 차현희 순두부 허영만 식객 순두부편에 나왔나부네요 ㅎㅎ,,
e2eff3c3-4a1b-5908-b5c7-5d0d348d658f,15.11.4.수,,,,
e2eff3c3-4a1b-5908-b5c7-5d0d348d658f,2015년 11월 4일 수요일,,,,
e2eff3c3-4a1b-5908-b5c7-5d0d348d658f,이미지 수,,,24,24
e2eff3c3-4a1b-5908-b5c7-5d0d348d658f,sssundog,,,,
e2eff3c3-4a1b-5908-b5c7-5d0d348d658f,sundog의 사진 여행,,,,
e2eff3c3-4a1b-5908-b5c7-5d0d348d658f,한적하고 조용한 강릉 초당동 여행,,"강릉 초당동은 강문해변 바로 뒷 동네입니다. 경포호수 바로 옆 동네고요. 허균 허난설헌 기념관이 있는 동네이기도 합니다. 허균의 아버지 허엽의 호가 초당입니다. 그래서 그 호에서 동네 이름이 나왔습니다. 그리고 우리에게는 초당 순두부로 유명한 마을이죠. 초당동의 유래 허균 허난설헌 기념관 맞은편에는 이 한옥 카페가 있습니다. 이름은 그리우니입니다. 한옥 2채가 연결되어 있는데 최근에 지었는지 아주 말끔하네요. 초당은 자신의 집을 낮춰서 누추한 곳이라는 뜻입니다. 겸손이 미덕인 성리학자의 마음씨가 잘 담겨 있습니다. 초야에 묻혀서 지붕을 풀로 엮어서 살 정도로 청빈한 삶을 뜻하는 것이 초당입니다. 실제로 허균, 허난설헌 생가는 양반집 고택이지만 집 크기는 크지 않고 아담합니다. 실제는 더 컸을지 몰라도 꽤 허름한 모습에 좀 놀랬습니다. 한옥카페 그리우니입니다. 정말 깔끔하고 툇마루에서 머물 수도 있습니다. 실내 공간은 큰 유리창이 있어서 창밖이 시원하게 보입니다. 다락방 같은 공간도 있습니다. 하얀 벽채가 깔끔함을 그대로 느껴지네요. 카페를 나오는데 쿵 소리가 나기에 봤더니 참새가 유리에 부딪혀서 잠시 기절해 있었습니다. 몇 분 저러고 있다가 정신 차리고 사라졌습니다. 초당동은 이런 예쁜 집들도 많네요. 팬션인지 가정집인지 구분이 안 가네요. 그러나 안내판이 없는걸 보니 가정집 같네요. 이번 강릉 여행을 하면서 맛집 투어는 안 했습니다. 그런데 초당동에 가니 온통 초당 두부와 초당 장칼국수 집이 많네요. 이야기를 들어보니 초당동에 두부로 유명해진 것은 전통이라기보다는 광복과 한국 전쟁으로 남자들이 강제 징집 당하자 집에 남은 아내와 여자들이 먹고살기 위해서 두부를 만들어서 팔았다고 합니다. 하기야 배를 타려고 해도 뱃일이 워낙 힘들어야죠. 남자 아니면 어렵죠. 그런데 남자는 없고 먹고는 살아야 하니 두부를 집집마다 만들었다고 해요. 강릉은 참 카페가 많아요. 가는 곳마다 대형 카페들이 많네요. 이때가 4월 초라서 홍매화, 매화가 참 예쁘게 폈네요. 요즘 소금빵이 유행인데 강릉에도 초당 소금빵 가게가 있네요. 세련된 가게네요. 마치 서울 익선동이나 성수동 느낌이 드네요. 강릉은 소나무가 엄청 많아요. 곳곳에 이런 대형 소나무가 있어요. 초당옥이라는 여기도 꽤 유명한 곳인가 봅니다. 음식점 하면 특유의 키치적인 느낌의 노포 음식점이 많은데 10년 사이에 이런 일본풍의 간판에 깔끔하고 모던한 음식점들이 늘어나고 있습니다. 다분히 젊은 취향이네요. 모든...",,
e2eff3c3-4a1b-5908-b5c7-5d0d348d658f,25.5.19.월,,,,
e2eff3c3-4a1b-5908-b5c7-5d0d348d658f,2025년 5월 19일 월요일,,,,
e2eff3c3-4a1b-5908-b5c7-5d0d348d658f,이미지 수,,,29,29
e2eff3c3-4a1b-5908-b5c7-5d0d348d658f,블로그 리뷰,,,,
e2eff3c3-4a1b-5908-b5c7-5d0d348d658f,더보기,,,,
e2eff3c3-4a1b-5908-b5c7-5d0d348d658f,로딩중,,,,
e2eff3c3-4a1b-5908-b5c7-5d0d348d658f,알고 계신 정보와 다른 정보가 있나요?,,,,
e2eff3c3-4a1b-5908-b5c7-5d0d348d658f,사진으로 간단하게 제보해 주세요.,,,,
e2eff3c3-4a1b-5908-b5c7-5d0d348d658f,정보 수정 제안하기,,,,
0015ff66-2146-5f1e-9219-f11995974e7e,카페감 시그니처 - 달감 샌드위치,대표,달달한 감말랭이를 넣어 만든 카페감의 대표 샌드위치 입니다.,10000,"10,000원"
0015ff66-2146-5f1e-9219-f11995974e7e,아이스 아메리카노(테이크아웃 가능),대표,"에디오피아, 콜롬비아,과테말라의 최상급 산지의 원두를 블랜딩하여 커피 고유의 진한 향기와 풍미를 만들어 내며, 오랜 경험의 바리스타가 제공하는 다양한 커피 메뉴를 즐겨보실수있습니다",3900,"3,900원"
0015ff66-2146-5f1e-9219-f11995974e7e,수제 바질/ 포테이토 샌드위치(택1),대표,카페 감에서는 주문을 받고 즉석해서 건강한 샌드위치를 요리합니다. 매일매일 신선한 재료를 선별하여 쉐프가 정성들여 직접 만든 수제 소스와 어울려 많은 분들에게 사랑을 받고 있습니다,9000,"9,000원"
0015ff66-2146-5f1e-9219-f11995974e7e,생과일주스,,,,
0015ff66-2146-5f1e-9219-f11995974e7e,"토마토주스, 딸기바나나주스, 망고주스",,,5000,"5,000원"
0015ff66-2146-5f1e-9219-f11995974e7e,허브티,,,,
0015ff66-2146-5f1e-9219-f11995974e7e,"쟈스민,카모마일,페퍼민트,얼그레이,히비스커스,루이보스",,,4500,"4,500원"
0015ff66-2146-5f1e-9219-f11995974e7e,생과일스무디/요거트,,"초코바나나스무디, 홍시스무디, 딸기스무디, 망고스무디, 아보카도요거트, 플레인요거트",5500,"5,500원"
0015ff66-2146-5f1e-9219-f11995974e7e,전통차,,,,
0015ff66-2146-5f1e-9219-f11995974e7e,"대추 거창꿀 생강차,유자차",,,5000,"5,000원"
0015ff66-2146-5f1e-9219-f11995974e7e,non-coffee,,,,
0015ff66-2146-5f1e-9219-f11995974e7e,"고구마라떼,말차라떼,녹차라떼,쵸코라떼,호두단호박라떼",,,4500,"4,500원"
7fe4eedb-a8aa-5865-9e2e-3db865e00092,이전 페이지,,,,
7fe4eedb-a8aa-5865-9e2e-3db865e00092,카페다커피,,,,
7fe4eedb-a8aa-5865-9e2e-3db865e00092,페이지 닫기,,,,
7fe4eedb-a8aa-5865-9e2e-3db865e00092,이미지 갯수,,,,
7fe4eedb-a8aa-5865-9e2e-3db865e00092,+148,,,,
7fe4eedb-a8aa-5865-9e2e-3db865e00092,"카페다커피카페,디저트",,,,
7fe4eedb-a8aa-5865-9e2e-3db865e00092,알림받기,,,,
7fe4eedb-a8aa-5865-9e2e-3db865e00092,방문자 리뷰 156블로그 리뷰 6,,,,
7fe4eedb-a8aa-5865-9e2e-3db865e00092,출발,,,,
7fe4eedb-a8aa-5865-9e2e-3db865e00092,도착,,,,
7fe4eedb-a8aa-5865-9e2e-3db865e00092,저장,,,,
7fe4eedb-a8aa-5865-9e2e-3db865e00092,거리뷰,,,,
7fe4eedb-a8aa-5865-9e2e-3db865e00092,공유,,,,
7fe4eedb-a8aa-5865-9e2e-3db865e00092,홈,,,,
7fe4eedb-a8aa-5865-9e2e-3db865e00092,메뉴,,,,
7fe4eedb-a8aa-5865-9e2e-3db865e00092,리뷰,사진,,,
7fe4eedb-a8aa-5865-9e2e-3db865e00092,더치아메리카노,사진,,4700,"4,700원"
7fe4eedb-a8aa-5865-9e2e-3db865e00092,더치 카페오레,,,5200,"5,200원"
7fe4eedb-a8aa-5865-9e2e-3db865e00092,더치원액(500ml),,,25000,"25,000원"
7fe4eedb-a8aa-5865-9e2e-3db865e00092,하우스블렌드 핸드드립,,,6000,"6,000원"
7fe4eedb-a8aa-5865-9e2e-3db865e00092,에스프레소블렌드 핸드드립,,,6000,"6,000원"
7fe4eedb-a8aa-5865-9e2e-3db865e00092,에스프레소,,,4200,"4,200원"
7fe4eedb-a8aa-5865-9e2e-3db865e00092,에스프레소 콘파냐,,,4500,"4,500원"
7fe4eedb-a8aa-5865-9e2e-3db865e00092,카페비엔나,,,4800,"4,800원"
7fe4eedb-a8aa-5865-9e2e-3db865e00092,카푸치노,,,4700,"4,700원"
7fe4eedb-a8aa-5865-9e2e-3db865e00092,바닐라 카푸치노,,,5000,"5,000원"
7fe4eedb-a8aa-5865-9e2e-3db865e00092,카라멜 카푸치노,,,5000,"5,000원"
7fe4eedb-a8aa-5865-9e2e-3db865e00092,헤이즐넛 카푸치노,,,5000,"5,000원"
7fe4eedb-a8aa-5865-9e2e-3db865e00092,아메리카노,,,4200,"4,200원"
7fe4eedb-a8aa-5865-9e2e-3db865e00092,카페라떼,,,4700,"4,700원"
7fe4eedb-a8aa-5865-9e2e-3db865e00092,바닐라 카페라떼,,,5000,"5,000원"
2c0ca57f-647a-5ee1-a8b5-61b8e81ffaa2,아메리카노,,,4200,"4,200원"
2c0ca57f-647a-5ee1-a8b5-61b8e81ffaa2,카페라떼,,,4700,"4,700원"
d34637c2-cffd-501a-9c73-db4aeed9d85d,이전 페이지,,,,
d34637c2-cffd-501a-9c73-db4aeed9d85d,플레이스,,,,
d34637c2-cffd-501a-9c73-db4aeed9d85d,페이지 닫기,,,,
d34637c2-cffd-501a-9c73-db4aeed9d85d,서비스 이용이 제한되었습니다.,,,,
d34637c2-cffd-501a-9c73-db4aeed9d85d,과도한 접근 요청으로 서비스 이용이 제한되었습니다.,,,,
d34637c2-cffd-501a-9c73-db4aeed9d85d,잠시 후 다시 시도해주세요.,,IP: 211.192.210.178(2026.03.09 14:34:34),,
d34637c2-cffd-501a-9c73-db4aeed9d85d,이전화면새로고침,,,,
734c5a3f-e8f5-5e03-9974-463d0934c60a,아메리카노,,"grande size 500원 추가 venti size 1,000원 추가",2800,"2,800원"
734c5a3f-e8f5-5e03-9974-463d0934c60a,민트아메리카노,,,3500,"3,500원"
734c5a3f-e8f5-5e03-9974-463d0934c60a,배도라지생강티,,,4500,"4,500원"
734c5a3f-e8f5-5e03-9974-463d0934c60a,진저라떼,,,4000,"4,000원"
734c5a3f-e8f5-5e03-9974-463d0934c60a,유자아메리카노,,,3500,"3,500원"
734c5a3f-e8f5-5e03-9974-463d0934c60a,더치커피,,,4000,"4,000원"
734c5a3f-e8f5-5e03-9974-463d0934c60a,코코넛라떼,,,4000,"4,000원"
734c5a3f-e8f5-5e03-9974-463d0934c60a,바닐라라떼,,,4000,"4,000원"
734c5a3f-e8f5-5e03-9974-463d0934c60a,헤이즐넛라떼,,,4000,"4,000원"
734c5a3f-e8f5-5e03-9974-463d0934c60a,연유라떼,,,4000,"4,000원"
734c5a3f-e8f5-5e03-9974-463d0934c60a,햄치즈/햄에그샌드위치,,,4400,"4,400원"
734c5a3f-e8f5-5e03-9974-463d0934c60a,크랜베리치킨/햄감자샌드위치,,,4800,"4,800원"
d3ebe7cc-db37-5efd-bf67-3b4528030bbd,아메리카노 (2shot),대표,,1900,"1,900원"
d3ebe7cc-db37-5efd-bf67-3b4528030bbd,카페라떼,대표,,2600,"2,600원"
d3ebe7cc-db37-5efd-bf67-3b4528030bbd,연한 아메리카노 (1shot),,,1700,"1,700원"
d3ebe7cc-db37-5efd-bf67-3b4528030bbd,바닐라라떼,,,3200,"3,200원"
d3ebe7cc-db37-5efd-bf67-3b4528030bbd,복숭아메리카노 (아샷추),,,3000,"3,000원"
d3ebe7cc-db37-5efd-bf67-3b4528030bbd,카라멜 마끼아또,,,3300,"3,300원"
d3ebe7cc-db37-5efd-bf67-3b4528030bbd,카페모카,,,3200,"3,200원"
d3ebe7cc-db37-5efd-bf67-3b4528030bbd,헤이즐넛 아메리카노,,,2700,"2,700원"
d3ebe7cc-db37-5efd-bf67-3b4528030bbd,헤이즐넛 카페라떼,,,3500,"3,500원"
d3ebe7cc-db37-5efd-bf67-3b4528030bbd,고구마라떼,,,2900,"2,900원"
d3ebe7cc-db37-5efd-bf67-3b4528030bbd,고래로로쉐 (리얼초코라떼+헤이즐넛),,,3200,"3,200원"
d3ebe7cc-db37-5efd-bf67-3b4528030bbd,딸기라떼,,,2900,"2,900원"
d3ebe7cc-db37-5efd-bf67-3b4528030bbd,리얼팡팡 복숭아라떼,,,3200,"3,200원"
d3ebe7cc-db37-5efd-bf67-3b4528030bbd,리얼초코라떼,,,3000,"3,000원"
d3ebe7cc-db37-5efd-bf67-3b4528030bbd,복숭아 아이스티,,,1900,"1,900원"
dc892807-20f5-56a4-9a4f-27778327f196,플레이스,,,,
dc892807-20f5-56a4-9a4f-27778327f196,서비스 이용이 제한되었습니다.,,,,
dc892807-20f5-56a4-9a4f-27778327f196,과도한 접근 요청으로 서비스 이용이 제한되었습니다.,,,,
dc892807-20f5-56a4-9a4f-27778327f196,잠시 후 다시 시도해주세요.,,IP: 211.192.210.178(09/Mar/2026:14:35:28 +0900),,
dc892807-20f5-56a4-9a4f-27778327f196,이전화면,,,,
dc892807-20f5-56a4-9a4f-27778327f196,새로고침,,,,
ac91d894-c47c-5941-b08f-89ff777b96b4,블루마운틴(파퓨아뉴기니),대표,,,
ac91d894-c47c-5941-b08f-89ff777b96b4,초코레티한 단맛의 여운이 감미로움,대표,,6000,"6,000원"
ac91d894-c47c-5941-b08f-89ff777b96b4,이드라 블랜딩,대표,,,
ac91d894-c47c-5941-b08f-89ff777b96b4,카페 이드라의 하우스 블랜딩,대표,,6000,"6,000원"
ac91d894-c47c-5941-b08f-89ff777b96b4,예가체프(에티오피아),,,,
ac91d894-c47c-5941-b08f-89ff777b96b4,꽃향과 과일향이 매력적임,,,5500,"5,500원"
ac91d894-c47c-5941-b08f-89ff777b96b4,더치사케라또,,,6000,"6,000원"
ac91d894-c47c-5941-b08f-89ff777b96b4,카페 라떼,,,6000,"6,000원"
ac91d894-c47c-5941-b08f-89ff777b96b4,파나마 게이샤,,,,
ac91d894-c47c-5941-b08f-89ff777b96b4,다양하고 풍부한과 과일맛과 향이 탁월함,,,13000,"13,000원"
ac91d894-c47c-5941-b08f-89ff777b96b4,아이스 아메리카노 Cold Brew,,"에티오피아 예가체프 원두를 핸드밀로 직접 갈아 찬물로 내린 커피,",5000,"5,000원"
ac91d894-c47c-5941-b08f-89ff777b96b4,초코라떼,,,6000,"6,000원"
ac91d894-c47c-5941-b08f-89ff777b96b4,녹차라떼,,,6000,"6,000원"
ac91d894-c47c-5941-b08f-89ff777b96b4,카모마일,,,5000,"5,000원"
ac91d894-c47c-5941-b08f-89ff777b96b4,국화차,,,5500,"5,500원"
ac91d894-c47c-5941-b08f-89ff777b96b4,홍차,,,5500,"5,500원"
57c49552-19af-5235-8085-be9a2835f0b3,오리지널 쿠키,,견과류 싫어하는 사장님이 맛있게 먹는 쿠키 (호두 + 다크 초콜렛이 듬뿍 들어가요),4000,"4,000원"
57c49552-19af-5235-8085-be9a2835f0b3,다크 초코 쿠키,,견과류 싫어하는 사장님이 맛있게 먹는 쿠키 (피칸 + 다크 초콜렛이 듬뿍 들어가요),4300,"4,300원"
57c49552-19af-5235-8085-be9a2835f0b3,제주 말차 쿠키,,견과류 싫어하는 사장님이 맛있게 먹는 쿠키 (호두 + 화이트 초콜렛이 듬뿍 들어가요),4300,"4,300원"
57c49552-19af-5235-8085-be9a2835f0b3,바닐라빈 에그타르트,,페스츄리 반죽과 바닐라빈이 들어간 필링이 만나 적당히 달콤 바삭한 에그타르트,2800,"2,800원"
57c49552-19af-5235-8085-be9a2835f0b3,피칸 솔티드 카라멜 휘낭시에,,직접 만든 카라멜 소스를 듬뿍 넣은 반죽 위에 피칸을 다져서 올렸어요,3500,"3,500원"
57c49552-19af-5235-8085-be9a2835f0b3,무화과 크림치즈 휘낭시에,,무화과를 와인에 졸이지 않기 때문에 어린이 친구들도 먹을 수 있어요,3500,"3,500원"
57c49552-19af-5235-8085-be9a2835f0b3,호두 다크초코 휘낭시에,,다크 초코 반죽에 호두를 올려 구운 후 다크 초코로 코팅을 해줬어요,3500,"3,500원"
57c49552-19af-5235-8085-be9a2835f0b3,다크 초콜릿 휘낭시에,,반죽에는 다크 초콜릿을 녹여 넣고 토핑으로는 다크 초코칩을 듬뿍 올려드려요,3500,"3,500원"
57c49552-19af-5235-8085-be9a2835f0b3,조약돌(흑임자) 마들렌,,반죽에도 겉에도 흑임자가 듬뿍!! 고소한 흑임자 맛을 제대로 느낄 수 있는 마들렌,3500,"3,500원"
57c49552-19af-5235-8085-be9a2835f0b3,레몬 마들렌,,레몬즙과 제스트가 듬뿍 들어가 새콤!달콤!촉촉!한 마들렌,3500,"3,500원"
57c49552-19af-5235-8085-be9a2835f0b3,치즈 품은 브라우니,,,,
57c49552-19af-5235-8085-be9a2835f0b3,다크 초콜릿으로 만든 브라우니와 크림치즈의 조합!,,,3500,"3,500원"
57c49552-19af-5235-8085-be9a2835f0b3,바닐라빈 바스크 치즈(글루텐 프리),,NO버터NO밀가루NO전분 글루텐프리!! 토핑으로는 바닐라빈 생크림 한스쿱!!,7000,"7,000원"
57c49552-19af-5235-8085-be9a2835f0b3,티라미수 바스크 치즈(글루텐 프리),,NO버터NO밀가루NO전분 글루텐프리!! 토핑으로는 치즈 베이스 생크림 한스쿱!!,7500,"7,500원"
57c49552-19af-5235-8085-be9a2835f0b3,아메리카노 (HOT/ICE),,,,
57c49552-19af-5235-8085-be9a2835f0b3,고소하면서 바디감이 묵직한 프리미엄 블렌딩 원두,,,3500,"3,500원"
57c49552-19af-5235-8085-be9a2835f0b3,디카페인 아메리카노 (HOT/ICE),,카페인이 부담스러우신 분들을 위해 디카페인 변경 무료 (추가금X),3500,"3,500원"
08783e96-b07f-5f8d-a0b5-9b3fb8819138,HOT 하루언제나 아메리카노 (원샷),,,1800,"1,800원"
08783e96-b07f-5f8d-a0b5-9b3fb8819138,ICE 제주에서 온 말차 라떼,,,3000,"3,000원"
08783e96-b07f-5f8d-a0b5-9b3fb8819138,ICE 피치 자몽 티,,,3000,"3,000원"
08783e96-b07f-5f8d-a0b5-9b3fb8819138,ICE 라떼맛집 카페 라떼 (투샷),,,3100,"3,100원"
08783e96-b07f-5f8d-a0b5-9b3fb8819138,ICE 하루언제나 아메리카노 (원샷),,,2200,"2,200원"
08783e96-b07f-5f8d-a0b5-9b3fb8819138,ICE 아샷추 (복숭아 + 원샷),,,2900,"2,900원"
08783e96-b07f-5f8d-a0b5-9b3fb8819138,ICE 열공 후엔 초코 라떼,,,2800,"2,800원"
08783e96-b07f-5f8d-a0b5-9b3fb8819138,ICE 정신번쩍 아메리카노 (투샷),,,2700,"2,700원"
08783e96-b07f-5f8d-a0b5-9b3fb8819138,ICE 달콤한 복숭아 티,,,2800,"2,800원"
08783e96-b07f-5f8d-a0b5-9b3fb8819138,ICE 부드러운 카푸치노,,,2900,"2,900원"
08783e96-b07f-5f8d-a0b5-9b3fb8819138,ICE 초코렛 말차 라떼,,,3200,"3,200원"
08783e96-b07f-5f8d-a0b5-9b3fb8819138,ICE 자샷추 (자몽+원샷),,,2900,"2,900원"
e6650afc-439f-5d13-8912-c92eaf0c6a13,아메리카노,,,2900,"2,900원"
e6650afc-439f-5d13-8912-c92eaf0c6a13,카페라떼,,,3800,"3,800원"
e6650afc-439f-5d13-8912-c92eaf0c6a13,카푸치노,,,3800,"3,800원"
e6650afc-439f-5d13-8912-c92eaf0c6a13,생강차,,,5200,"5,200원"
c1bc28ce-495a-5b43-b990-7895d4d4606f,크림 상하이 벨벳 말차(파우더),대표,"말차파우더와 함께 당충전하세요~ 카페 칼리스타의 시그니처. 테이크아웃 4,900원",6000,"6,000원"
c1bc28ce-495a-5b43-b990-7895d4d4606f,크림 캘리포니아 오리지널(파우더),대표,"파우더가 들어간 캘리포니아 오리지널 라떼입니다. 테이크아웃 4,900원",6000,"6,000원"
c1bc28ce-495a-5b43-b990-7895d4d4606f,크림 산토리니(오리지널),대표,"파우더가 들어가지 않은 크림 산토리니입니다. 테이크아웃 4,900원",6000,"6,000원"
c1bc28ce-495a-5b43-b990-7895d4d4606f,아메리카노,,"직장인이라면 무조건 아메리카노 수혈 필수~!! 테이크아웃2,000원",3600,"3,600원"
c1bc28ce-495a-5b43-b990-7895d4d4606f,핫 아메리카노,,"따듯한 아메리카노❤ 얼죽아 아닌사람 모여라~~! 테이크아웃 2,000원",3600,"3,600원"
c1bc28ce-495a-5b43-b990-7895d4d4606f,아이스 칼리스타 카페라떼(라임하바나),,산미있는 라임하바나 칼리스타에서만 맛볼수있는 카페라떼 입니다.,5900,"5,900원"
c1bc28ce-495a-5b43-b990-7895d4d4606f,아이스 밤밀크티,,,,
c1bc28ce-495a-5b43-b990-7895d4d4606f,고소한 밤 밀크티입니다.,,,5500,"5,500원"
c1bc28ce-495a-5b43-b990-7895d4d4606f,7곡물 라떼,,,,
c1bc28ce-495a-5b43-b990-7895d4d4606f,따뜻한 7곡물라떼 입니다. 강추메뉴!!!,,,5500,"5,500원"
c1bc28ce-495a-5b43-b990-7895d4d4606f,카페라떼,,,,
c1bc28ce-495a-5b43-b990-7895d4d4606f,HOT 카페라떼입니다.,,,5000,"5,000원"
c1bc28ce-495a-5b43-b990-7895d4d4606f,레몬에이드,,,,
c1bc28ce-495a-5b43-b990-7895d4d4606f,상큼한 레몬에이드입니다.,,,5500,"5,500원"
c1bc28ce-495a-5b43-b990-7895d4d4606f,말차라떼,,,,
c1bc28ce-495a-5b43-b990-7895d4d4606f,찐한 말차라떼입니다.,,,5000,"5,000원"
c1bc28ce-495a-5b43-b990-7895d4d4606f,약도라지 배 대추청 티,,,,
c1bc28ce-495a-5b43-b990-7895d4d4606f,약도라지 배 대추청 차입니다.,,,5500,"5,500원"
c1bc28ce-495a-5b43-b990-7895d4d4606f,캘리포니아,,,,
c1bc28ce-495a-5b43-b990-7895d4d4606f,칼리스타타의 캘리포니아 라떼입니다.,,,6000,"6,000원"
c1bc28ce-495a-5b43-b990-7895d4d4606f,에든버러 라떼,,,,
c1bc28ce-495a-5b43-b990-7895d4d4606f,칼리스타의 에든버러 라떼입니다.,,,6000,"6,000원"
c1bc28ce-495a-5b43-b990-7895d4d4606f,ICE 초당 옥수수라뗴,,,,
c1bc28ce-495a-5b43-b990-7895d4d4606f,달달고소한 초당 옥수수라떼입니다.,,,5800,"5,800원"
494b31ac-6f4d-5e5f-925c-b5a3fbee54c3,모히또(논알콜),,,6000,"6,000원"
494b31ac-6f4d-5e5f-925c-b5a3fbee54c3,에스프레소,,,4000,"4,000원"
494b31ac-6f4d-5e5f-925c-b5a3fbee54c3,카페라떼,,,4500,"4,500원"
494b31ac-6f4d-5e5f-925c-b5a3fbee54c3,녹차라떼,,,4500,"4,500원"
494b31ac-6f4d-5e5f-925c-b5a3fbee54c3,피콜로/플랫화이트,,,4500,"4,500원"
494b31ac-6f4d-5e5f-925c-b5a3fbee54c3,카페모카,,,4500,"4,500원"
494b31ac-6f4d-5e5f-925c-b5a3fbee54c3,콜드브루커피,,,6000,"6,000원"
494b31ac-6f4d-5e5f-925c-b5a3fbee54c3,레몬에이드/자몽에이드,,,5000,"5,000원"
494b31ac-6f4d-5e5f-925c-b5a3fbee54c3,오렌지주스/자몽주스,,,6000,"6,000원"
494b31ac-6f4d-5e5f-925c-b5a3fbee54c3,녹차,,,4500,"4,500원"
494b31ac-6f4d-5e5f-925c-b5a3fbee54c3,허브차,,,4500,"4,500원"
494b31ac-6f4d-5e5f-925c-b5a3fbee54c3,수제차,,,5500,"5,500원"
494b31ac-6f4d-5e5f-925c-b5a3fbee54c3,과일차,,,6000,"6,000원"
c6198f36-0f6d-5a8f-9794-ee7bdaaea9b6,HOT 아메리카노 평일할인,,,1500,"1,500원"
c6198f36-0f6d-5a8f-9794-ee7bdaaea9b6,HOT 카페라떼 평일할인,,,2800,"2,800원"
c6198f36-0f6d-5a8f-9794-ee7bdaaea9b6,HOT 바닐라라떼 평일할인,,,3300,"3,300원"
992c132e-7ac7-5255-8f9b-7a423de046bc,아메리카노,,,,
992c132e-7ac7-5255-8f9b-7a423de046bc,테라로사 원두(디카페인-프릳츠),,,3500,"3,500원"
992c132e-7ac7-5255-8f9b-7a423de046bc,카페라떼,,,,
992c132e-7ac7-5255-8f9b-7a423de046bc,테라로사 원두(디카페인-프릳츠),,,4000,"4,000원"
992c132e-7ac7-5255-8f9b-7a423de046bc,바닐라빈라떼,,,,
992c132e-7ac7-5255-8f9b-7a423de046bc,테라로사 원두(디카페인-프릳츠),,,4500,"4,500원"
992c132e-7ac7-5255-8f9b-7a423de046bc,나뚜루 비엔나 라떼,,나뚜루 아이스크림이 들어간 라떼입니다(바닐라.녹차 선택),6500,"6,500원"
992c132e-7ac7-5255-8f9b-7a423de046bc,무농약문경오미자차,,,,
992c132e-7ac7-5255-8f9b-7a423de046bc,hot. ice,,,5500,"5,500원"
992c132e-7ac7-5255-8f9b-7a423de046bc,리얼 꿀밤 고구마라떼,,직접 삶은 국내산 햇밤. 햇고구마. 꿀. 우유가 들어간 음료(hot. ice),5500,"5,500원"
992c132e-7ac7-5255-8f9b-7a423de046bc,트리플 치즈 샌드위치,,,12300,"12,300원"
992c132e-7ac7-5255-8f9b-7a423de046bc,베이컨 애플 샌드위치,,,12300,"12,300원"
992c132e-7ac7-5255-8f9b-7a423de046bc,더블 치즈 바질 샌드위치,,,11800,"11,800원"
992c132e-7ac7-5255-8f9b-7a423de046bc,눅 바질페스토 샌드위치,,효제눅에서 직접 만드는 리코타치즈가 들어간 샌드위치입니다,11500,"11,500원"
992c132e-7ac7-5255-8f9b-7a423de046bc,눅 발사믹 샌드위치,,효제눅에서 직접 만드는 리코타치즈가 들어간 샌드위치입니다,11500,"11,500원"
992c132e-7ac7-5255-8f9b-7a423de046bc,크랜베리 치킨 샌드위치,,,11500,"11,500원"
992c132e-7ac7-5255-8f9b-7a423de046bc,루꼴라 샌드위치,,,10000,"10,000원"
992c132e-7ac7-5255-8f9b-7a423de046bc,하바티치즈 샌드위치,,,9000,"9,000원"
992c132e-7ac7-5255-8f9b-7a423de046bc,비프&머쉬룸 파니니,,,12800,"12,800원"
77292c4e-cc2e-56db-b7f0-156537381a1b,이전 페이지,,,,
77292c4e-cc2e-56db-b7f0-156537381a1b,커피다이어리,,,,
77292c4e-cc2e-56db-b7f0-156537381a1b,페이지 닫기,,,,
77292c4e-cc2e-56db-b7f0-156537381a1b,거리뷰,,,,
77292c4e-cc2e-56db-b7f0-156537381a1b,"커피다이어리카페,디저트",,,,
77292c4e-cc2e-56db-b7f0-156537381a1b,방문자 리뷰 42,,,,
77292c4e-cc2e-56db-b7f0-156537381a1b,출발,,,,
77292c4e-cc2e-56db-b7f0-156537381a1b,도착,,,,
77292c4e-cc2e-56db-b7f0-156537381a1b,저장,,,,
77292c4e-cc2e-56db-b7f0-156537381a1b,거리뷰,,,,
77292c4e-cc2e-56db-b7f0-156537381a1b,공유,,,,
77292c4e-cc2e-56db-b7f0-156537381a1b,홈,,,,
77292c4e-cc2e-56db-b7f0-156537381a1b,메뉴,,,,
77292c4e-cc2e-56db-b7f0-156537381a1b,리뷰,사진,,,
77292c4e-cc2e-56db-b7f0-156537381a1b,에스프레소,사진,,2000,"2,000원"
77292c4e-cc2e-56db-b7f0-156537381a1b,아메리카노,,,2500,"2,500원"
77292c4e-cc2e-56db-b7f0-156537381a1b,카페라떼,,,3000,"3,000원"
77292c4e-cc2e-56db-b7f0-156537381a1b,카푸치노,,,3000,"3,000원"
77292c4e-cc2e-56db-b7f0-156537381a1b,헤이즐넛,,,3000,"3,000원"
212f9f4c-58f3-552f-920e-11d652d6f600,이전 페이지,,,,
212f9f4c-58f3-552f-920e-11d652d6f600,커피로스팅하우스,,,,
212f9f4c-58f3-552f-920e-11d652d6f600,페이지 닫기,,,,
212f9f4c-58f3-552f-920e-11d652d6f600,거리뷰,,,,
212f9f4c-58f3-552f-920e-11d652d6f600,커피로스팅하우스카페,,,,
212f9f4c-58f3-552f-920e-11d652d6f600,알림받기,,,,
212f9f4c-58f3-552f-920e-11d652d6f600,방문자 리뷰 139블로그 리뷰 4,,,,
212f9f4c-58f3-552f-920e-11d652d6f600,출발,,,,
212f9f4c-58f3-552f-920e-11d652d6f600,도착,,,,
212f9f4c-58f3-552f-920e-11d652d6f600,저장,,,,
212f9f4c-58f3-552f-920e-11d652d6f600,거리뷰,,,,
212f9f4c-58f3-552f-920e-11d652d6f600,공유,,,,
212f9f4c-58f3-552f-920e-11d652d6f600,홈,,,,
212f9f4c-58f3-552f-920e-11d652d6f600,메뉴,,,,
212f9f4c-58f3-552f-920e-11d652d6f600,리뷰,사진,,,
212f9f4c-58f3-552f-920e-11d652d6f600,에스프레소,사진,,3500,"3,500원"
212f9f4c-58f3-552f-920e-11d652d6f600,아메리카노,,,3000,"3,000원"
212f9f4c-58f3-552f-920e-11d652d6f600,카페라떼,,,4000,"4,000원"
212f9f4c-58f3-552f-920e-11d652d6f600,카푸치노,,,4500,"4,500원"
212f9f4c-58f3-552f-920e-11d652d6f600,카라멜 마끼아또,,,4000,"4,000원"
212f9f4c-58f3-552f-920e-11d652d6f600,카페&화이트카페 모카,,,4000,"4,000원"
212f9f4c-58f3-552f-920e-11d652d6f600,바닐라라떼,,,4000,"4,000원"
212f9f4c-58f3-552f-920e-11d652d6f600,헤이즐넛라떼,,,4000,"4,000원"
212f9f4c-58f3-552f-920e-11d652d6f600,아포카토,,,5000,"5,000원"
212f9f4c-58f3-552f-920e-11d652d6f600,더치커피,,,4000,"4,000원"
91bc77e5-742c-53d6-8bcb-f9eafd43d667,플레이스,,,,
91bc77e5-742c-53d6-8bcb-f9eafd43d667,서비스 이용이 제한되었습니다.,,,,
91bc77e5-742c-53d6-8bcb-f9eafd43d667,과도한 접근 요청으로 서비스 이용이 제한되었습니다.,,,,
91bc77e5-742c-53d6-8bcb-f9eafd43d667,잠시 후 다시 시도해주세요.,,IP: 211.192.210.178(09/Mar/2026:14:29:59 +0900),,
91bc77e5-742c-53d6-8bcb-f9eafd43d667,이전화면,,,,
91bc77e5-742c-53d6-8bcb-f9eafd43d667,새로고침,,,,
a3ccf369-02f8-5e3e-8bbf-cc722483bfd7,카페라떼,대표,,5500,"5,500원"
a3ccf369-02f8-5e3e-8bbf-cc722483bfd7,블랙론즈카푸치노,대표,,6500,"6,500원"
a3ccf369-02f8-5e3e-8bbf-cc722483bfd7,에스프레소,,,4500,"4,500원"
a3ccf369-02f8-5e3e-8bbf-cc722483bfd7,쇼콜라떼,,,6500,"6,500원"
a3ccf369-02f8-5e3e-8bbf-cc722483bfd7,아인슈패너 (Hot or Iced),,,6500,"6,500원"
a3ccf369-02f8-5e3e-8bbf-cc722483bfd7,더블라떼,,,7500,"7,500원"
a3ccf369-02f8-5e3e-8bbf-cc722483bfd7,카페아메리카노,,,4500,"4,500원"
a3ccf369-02f8-5e3e-8bbf-cc722483bfd7,피콜로라떼,,,5000,"5,000원"
e7e5c5f5-80b3-5835-bfb5-01aef8fe9f48,이전 페이지,,,,
e7e5c5f5-80b3-5835-bfb5-01aef8fe9f48,커피스토리,,,,
e7e5c5f5-80b3-5835-bfb5-01aef8fe9f48,페이지 닫기,,,,
e7e5c5f5-80b3-5835-bfb5-01aef8fe9f48,이미지 갯수,,,,
e7e5c5f5-80b3-5835-bfb5-01aef8fe9f48,+788,,,,
e7e5c5f5-80b3-5835-bfb5-01aef8fe9f48,"커피스토리카페,디저트",,,,
e7e5c5f5-80b3-5835-bfb5-01aef8fe9f48,알림받기,,,,
e7e5c5f5-80b3-5835-bfb5-01aef8fe9f48,별점,,,,
e7e5c5f5-80b3-5835-bfb5-01aef8fe9f48,4.19방문자 리뷰 727블로그 리뷰 46,,,,
e7e5c5f5-80b3-5835-bfb5-01aef8fe9f48,연하게 내린 커피의 부드러운 매력,,,,
e7e5c5f5-80b3-5835-bfb5-01aef8fe9f48,출발,,,,
e7e5c5f5-80b3-5835-bfb5-01aef8fe9f48,도착,,,,
e7e5c5f5-80b3-5835-bfb5-01aef8fe9f48,저장,,,,
e7e5c5f5-80b3-5835-bfb5-01aef8fe9f48,거리뷰,,,,
e7e5c5f5-80b3-5835-bfb5-01aef8fe9f48,공유,,,,
e7e5c5f5-80b3-5835-bfb5-01aef8fe9f48,홈,,,,
e7e5c5f5-80b3-5835-bfb5-01aef8fe9f48,메뉴,,,,
e7e5c5f5-80b3-5835-bfb5-01aef8fe9f48,리뷰,사진,,,
e7e5c5f5-80b3-5835-bfb5-01aef8fe9f48,아메리카노,사진,,5000,"5,000원"
0d9a3183-4f39-5865-9ecb-2dd97a47c2e0,핸드드립,대표,,6500,"6,500원"
0d9a3183-4f39-5865-9ecb-2dd97a47c2e0,비엔나,대표,,7500,"7,500원"
0d9a3183-4f39-5865-9ecb-2dd97a47c2e0,미스시이공,대표,,7500,"7,500원"
4785ed26-105c-5a37-8c27-d850b6a1bc75,아메리카노(L),대표,,,
4785ed26-105c-5a37-8c27-d850b6a1bc75,옵션:다크블렌드(묵직한바디)/스페셜티블렌드(풍부한향미),대표,,1500,"1,500원"
4785ed26-105c-5a37-8c27-d850b6a1bc75,디카페인 아메리카노(L),,,,
4785ed26-105c-5a37-8c27-d850b6a1bc75,옵션:디카페인아메리카노/디카페인콜드브루,,,2500,"2,500원"
4785ed26-105c-5a37-8c27-d850b6a1bc75,카페라떼(L),,,,
4785ed26-105c-5a37-8c27-d850b6a1bc75,옵션:서울우유/아몬드브리즈(오리지널)/매일두유,,,2900,"2,900원"
4785ed26-105c-5a37-8c27-d850b6a1bc75,복숭아아이스티(L),,,,
4785ed26-105c-5a37-8c27-d850b6a1bc75,"얼그레이티 첨가, 아샷추 가능",,,2700,"2,700원"
4785ed26-105c-5a37-8c27-d850b6a1bc75,레드뱅쇼(L),,,,
4785ed26-105c-5a37-8c27-d850b6a1bc75,"논알코올, 천연과일로 만든 음료",,,4200,"4,200원"
32b0610a-901f-5b33-9852-b6baedc716fe,Espresso 아메리카노,대표,,3900,"3,900원"
32b0610a-901f-5b33-9852-b6baedc716fe,Signature 바닐라라떼,대표,,4900,"4,900원"
32b0610a-901f-5b33-9852-b6baedc716fe,스트로베리가든,,,5800,"5,800원"
32b0610a-901f-5b33-9852-b6baedc716fe,아샷추 디카페인,,,4400,"4,400원"
32b0610a-901f-5b33-9852-b6baedc716fe,아샷추,,,3900,"3,900원"
32b0610a-901f-5b33-9852-b6baedc716fe,아이스티,,,3400,"3,400원"
32b0610a-901f-5b33-9852-b6baedc716fe,동경라떼(연유라떼)ice,,,4900,"4,900원"
32b0610a-901f-5b33-9852-b6baedc716fe,밀크슈페너ice,,,5100,"5,100원"
32b0610a-901f-5b33-9852-b6baedc716fe,딸기에이드,,,5600,"5,600원"
32b0610a-901f-5b33-9852-b6baedc716fe,Espresso 카페라떼,,,4400,"4,400원"
32b0610a-901f-5b33-9852-b6baedc716fe,Espresso 카푸치노,,,,
32b0610a-901f-5b33-9852-b6baedc716fe,HOT 음료만 가능합니다,,,4400,"4,400원"
32b0610a-901f-5b33-9852-b6baedc716fe,Espresso 캐러맬,,,4900,"4,900원"
32b0610a-901f-5b33-9852-b6baedc716fe,Espresso 플랫화이트,,,4400,"4,400원"
32b0610a-901f-5b33-9852-b6baedc716fe,Espresso 디카페인변경,,,,
32b0610a-901f-5b33-9852-b6baedc716fe,모든 음료 디카페인 변경 가능합니다,,,500,500원
32b0610a-901f-5b33-9852-b6baedc716fe,Brewing 더치커피,,,,
32b0610a-901f-5b33-9852-b6baedc716fe,HOT/ICE 음료 가능합니다,,,5000,"5,000원"
8b03b896-1534-53a0-a154-973b02511f40,아메리카노,대표,두가지 블랜딩 원두 중 선택가능 (테이크아웃1000원할인),4800,"4,800원"
6ef56c62-a5c9-5050-a409-e52132f64c03,specialty black BOT,,,6900,"6,900원"
60219bf3-a42d-5344-b03c-7c09926a88f1,필터커피,대표,,,
60219bf3-a42d-5344-b03c-7c09926a88f1,핸드드립 방식으로 추출하는 커피,대표,,,
60219bf3-a42d-5344-b03c-7c09926a88f1,변동,대표,,,
60219bf3-a42d-5344-b03c-7c09926a88f1,무스 오미자,대표,,,
60219bf3-a42d-5344-b03c-7c09926a88f1,"오미자, 딸기, 라즈베리, 패션후르츠 퓨레",대표,,8000,"8,000원"
60219bf3-a42d-5344-b03c-7c09926a88f1,설밤,대표,,,
60219bf3-a42d-5344-b03c-7c09926a88f1,"마롱무스, 다쿠아즈, 보늬밤, 아몬드 화이트초콜릿",대표,,9000,"9,000원"
60219bf3-a42d-5344-b03c-7c09926a88f1,둘세 캬라멜,대표,,,
60219bf3-a42d-5344-b03c-7c09926a88f1,"둘세초콜릿무스, 열대과일카라멜, 애끌라도르 쿠키",대표,,8900,"8,900원"
60219bf3-a42d-5344-b03c-7c09926a88f1,카푸치노,,,5500,"5,500원"
60219bf3-a42d-5344-b03c-7c09926a88f1,카페라떼 HOT,,,5500,"5,500원"
60219bf3-a42d-5344-b03c-7c09926a88f1,카페라떼 ICE,,,5500,"5,500원"
60219bf3-a42d-5344-b03c-7c09926a88f1,꼰빠냐 HOT,,,5500,"5,500원"
60219bf3-a42d-5344-b03c-7c09926a88f1,꼰빠냐 ICE,,,5800,"5,800원"
60219bf3-a42d-5344-b03c-7c09926a88f1,마로니에 선라이즈,,,7000,"7,000원"
60219bf3-a42d-5344-b03c-7c09926a88f1,와인에이드 스페셜,,,,
60219bf3-a42d-5344-b03c-7c09926a88f1,수제레몬청 & 레드와인 *알콜포함*,,,8000,"8,000원"
60219bf3-a42d-5344-b03c-7c09926a88f1,스테인드글라스,,,,
60219bf3-a42d-5344-b03c-7c09926a88f1,수제패션후르츠청 & 히비스커스티를 넣은 여름 시즌 메뉴,,,7500,"7,500원"
60219bf3-a42d-5344-b03c-7c09926a88f1,꽃차/잎차,,,6000,"6,000원"
60219bf3-a42d-5344-b03c-7c09926a88f1,라즈베리 에이드,,,7000,"7,000원"
60219bf3-a42d-5344-b03c-7c09926a88f1,라즈베리 밀크,,,7000,"7,000원"
cf21d0a5-22d4-5bf8-b96e-2c96dc17780e,아메리카노,,,5000,"5,000원"
cf21d0a5-22d4-5bf8-b96e-2c96dc17780e,카페라떼,,,6000,"6,000원"
cf21d0a5-22d4-5bf8-b96e-2c96dc17780e,핸드드립,,,7000,"7,000원"
cf21d0a5-22d4-5bf8-b96e-2c96dc17780e,사이폰 커피,,,8000,"8,000원"
cf21d0a5-22d4-5bf8-b96e-2c96dc17780e,이브릭 커피,,,7000,"7,000원"
cf21d0a5-22d4-5bf8-b96e-2c96dc17780e,민트 모히토 아이스 커피,,,8000,"8,000원"
cf21d0a5-22d4-5bf8-b96e-2c96dc17780e,히말라야 마살라 짜이,,,7000,"7,000원"
0b58c157-0710-5e24-a6cd-a155c2a358c1,배달우리 매장은 배달 주문이 가능합니다,,,,
0b58c157-0710-5e24-a6cd-a155c2a358c1,대표메뉴,대표,,,
0b58c157-0710-5e24-a6cd-a155c2a358c1,애플파이(1개),대표,120겹 바삭한 페스츄리와 달콤한 사과의 풍미가 입안을 상큼하게 만드는 웰빙 애플파이,4500,"4,500원"
0b58c157-0710-5e24-a6cd-a155c2a358c1,애플파이(2개(200원할인)),대표,120겹 바삭한 페스츄리와 달콤한 사과의 풍미가 입안을 상큼하게 만드는 웰빙 애플파이,8800,"8,800원"
0b58c157-0710-5e24-a6cd-a155c2a358c1,애플파이(3개(500원할인)),대표,120겹 바삭한 페스츄리와 달콤한 사과의 풍미가 입안을 상큼하게 만드는 웰빙 애플파이,13000,"13,000원"
0b58c157-0710-5e24-a6cd-a155c2a358c1,아메리카노 6+1(ICE),대표,,,
0b58c157-0710-5e24-a6cd-a155c2a358c1,ICE / 보관용 선택가능,대표,,24000,"24,000원"
0b58c157-0710-5e24-a6cd-a155c2a358c1,딸기라떼(only ICE),대표,,,
0b58c157-0710-5e24-a6cd-a155c2a358c1,수제딸기청듬뿍+우유,대표,,5500,"5,500원"
0b58c157-0710-5e24-a6cd-a155c2a358c1,펼쳐서 더보기,,,,
0b58c157-0710-5e24-a6cd-a155c2a358c1,[추가배달료 선결제],,,,
0b58c157-0710-5e24-a6cd-a155c2a358c1,서희스타힐스4차/고향의봄길,,,1000,"1,000원"
0b58c157-0710-5e24-a6cd-a155c2a358c1,남양서로/글판동길/성주골길/화성로,,,1000,"1,000원"
0b58c157-0710-5e24-a6cd-a155c2a358c1,금강에스쁘아/헤르만하우스/더스테이/주변빌라,,,1000,"1,000원"
0b58c157-0710-5e24-a6cd-a155c2a358c1,유일병원/동일기연/롤링힐스/대지주택/그린빌라,,,1000,"1,000원"
0b58c157-0710-5e24-a6cd-a155c2a358c1,"무송리초입/신남리(서희,기산,서부경찰서 지역 제외)",,,2000,"2,000원"
0b58c157-0710-5e24-a6cd-a155c2a358c1,펼쳐서 더보기,,,,
0b58c157-0710-5e24-a6cd-a155c2a358c1,120겹파이,대표,,,
0b58c157-0710-5e24-a6cd-a155c2a358c1,애플파이(1개),대표,120겹 바삭한 페스츄리와 달콤한 사과의 풍미가 입안을 상큼하게 만드는 웰빙 애플파이,4500,"4,500원"
0b58c157-0710-5e24-a6cd-a155c2a358c1,애플파이(2개(200원할인)),대표,120겹 바삭한 페스츄리와 달콤한 사과의 풍미가 입안을 상큼하게 만드는 웰빙 애플파이,8800,"8,800원"
0b58c157-0710-5e24-a6cd-a155c2a358c1,애플파이(3개(500원할인)),대표,120겹 바삭한 페스츄리와 달콤한 사과의 풍미가 입안을 상큼하게 만드는 웰빙 애플파이,13000,"13,000원"
0b58c157-0710-5e24-a6cd-a155c2a358c1,팥치즈파이(1개),,붕어빵보다 맛있는~~ 페스츄리와 달콤하고 부드러운 팥앙금이 가득~~ 페스츄리+모짜렐라치즈+팥앙금의 환상의 콜라보~~,4500,"4,500원"
0b58c157-0710-5e24-a6cd-a155c2a358c1,팥치즈파이(2개(200원할인)),,붕어빵보다 맛있는~~ 페스츄리와 달콤하고 부드러운 팥앙금이 가득~~ 페스츄리+모짜렐라치즈+팥앙금의 환상의 콜라보~~,8800,"8,800원"
0b58c157-0710-5e24-a6cd-a155c2a358c1,펼쳐서 더보기,,,,
0b58c157-0710-5e24-a6cd-a155c2a358c1,키키볼 카스테라,,,,
0b58c157-0710-5e24-a6cd-a155c2a358c1,키키볼카스테라_플레인맛(생크림1통포함)(12알),,,,
0b58c157-0710-5e24-a6cd-a155c2a358c1,키키볼카스테라+생크림 환상조합~~쌀과계란이 듬뿍~~,,,4200,"4,200원"
0b58c157-0710-5e24-a6cd-a155c2a358c1,키키볼카스테라_플레인맛(생크림1통포함)(24알),,,,
0b58c157-0710-5e24-a6cd-a155c2a358c1,키키볼카스테라+생크림 환상조합~~쌀과계란이 듬뿍~~,,,8000,"8,000원"
0b58c157-0710-5e24-a6cd-a155c2a358c1,키키볼카스테라_초코맛(생크림1통포함)(12알),,,,
0b58c157-0710-5e24-a6cd-a155c2a358c1,키키볼카스테라+생크림 환상조합~~쌀과계란이 듬뿍~~,,,4200,"4,200원"
0b58c157-0710-5e24-a6cd-a155c2a358c1,키키볼카스테라_초코맛(생크림1통포함)(24알),,,,
0b58c157-0710-5e24-a6cd-a155c2a358c1,키키볼카스테라+생크림 환상조합~~쌀과계란이 듬뿍~~,,,8000,"8,000원"
0b58c157-0710-5e24-a6cd-a155c2a358c1,키키볼카스테라_커피맛(생크림1통포함)(12알),,,,
0b58c157-0710-5e24-a6cd-a155c2a358c1,키키볼카스테라+생크림 환상조합~~쌀과계란이 듬뿍~~,,,4200,"4,200원"
0b58c157-0710-5e24-a6cd-a155c2a358c1,펼쳐서 더보기,,,,
0b58c157-0710-5e24-a6cd-a155c2a358c1,[대용량1L] 1리터 캔커피 음료,,,,
0b58c157-0710-5e24-a6cd-a155c2a358c1,[ 1L투명캔 ] 아메리카노,,,,
0b58c157-0710-5e24-a6cd-a155c2a358c1,기본4샷제공됩니다,,,6800,"6,800원"
0b58c157-0710-5e24-a6cd-a155c2a358c1,[ 1L투명캔 ] 아이스티(아샷추가능)(ICE),,,6800,"6,800원"
0b58c157-0710-5e24-a6cd-a155c2a358c1,[ 1L투명캔 ] 딸기라떼,,수제딸기청과 우유의 환상적인조합~~ 벌써 엄청난 인기메뉴입니다.(반할수밖에 없어요),9800,"9,800원"
0b58c157-0710-5e24-a6cd-a155c2a358c1,COFFEE,,,,
0b58c157-0710-5e24-a6cd-a155c2a358c1,아메리카노,,,,
0b58c157-0710-5e24-a6cd-a155c2a358c1,'캔'으로 깔끔하게 밀봉해서 드립니다.,,,4000,"4,000원"
0b58c157-0710-5e24-a6cd-a155c2a358c1,옛날다방커피(ICE)(ICE),,달달한거 땡기면 무조건 무조건이야~ 남녀노소 모두가 아는 중독성있는 그맛~~ 달달달 옛날커피~~~,4800,"4,800원"
0b58c157-0710-5e24-a6cd-a155c2a358c1,옛날다방커피(ICE)(ICE(1리터)),,달달한거 땡기면 무조건 무조건이야~ 남녀노소 모두가 아는 중독성있는 그맛~~ 달달달 옛날커피~~~,8100,"8,100원"
0b58c157-0710-5e24-a6cd-a155c2a358c1,카페라떼(HOT),,,5000,"5,000원"
0b58c157-0710-5e24-a6cd-a155c2a358c1,카페라떼(ICE),,,5000,"5,000원"
0b58c157-0710-5e24-a6cd-a155c2a358c1,펼쳐서 더보기,,,,
0b58c157-0710-5e24-a6cd-a155c2a358c1,Cold brew Coffee,,,,
0b58c157-0710-5e24-a6cd-a155c2a358c1,콜드브루커피(only ICE),,,,
0b58c157-0710-5e24-a6cd-a155c2a358c1,고소하고깔끔한커피,,,5500,"5,500원"
0b58c157-0710-5e24-a6cd-a155c2a358c1,디카페인콜드브루(only ICE),,,,
0b58c157-0710-5e24-a6cd-a155c2a358c1,고소하고깔끔한커피,,,5500,"5,500원"
0b58c157-0710-5e24-a6cd-a155c2a358c1,콜드브루라떼(only ICE),,,,
0b58c157-0710-5e24-a6cd-a155c2a358c1,고소한콜드브루와우유의만남,,,6000,"6,000원"
0b58c157-0710-5e24-a6cd-a155c2a358c1,디카페인콜드브루라떼(only ICE),,,,
0b58c157-0710-5e24-a6cd-a155c2a358c1,고소한콜드브루와우유의만남,,,6000,"6,000원"
0b58c157-0710-5e24-a6cd-a155c2a358c1,디카페인콜드브루라떼(ICE(1리터할인)),,,,
0b58c157-0710-5e24-a6cd-a155c2a358c1,고소한콜드브루와우유의만남,,,9900,"9,900원"
0b58c157-0710-5e24-a6cd-a155c2a358c1,LATTE,,,,
0b58c157-0710-5e24-a6cd-a155c2a358c1,녹차라떼(HOT),,,5000,"5,000원"
0b58c157-0710-5e24-a6cd-a155c2a358c1,녹차라떼(ICE),,,5000,"5,000원"
0b58c157-0710-5e24-a6cd-a155c2a358c1,초코라떼(HOT),,,5000,"5,000원"
0b58c157-0710-5e24-a6cd-a155c2a358c1,초코라떼(ICE),,,5000,"5,000원"
0b58c157-0710-5e24-a6cd-a155c2a358c1,고구마라떼(HOT),,,5500,"5,500원"
0b58c157-0710-5e24-a6cd-a155c2a358c1,펼쳐서 더보기,,,,
0b58c157-0710-5e24-a6cd-a155c2a358c1,DALGONA,,,,
0b58c157-0710-5e24-a6cd-a155c2a358c1,달고나라떼(ICE),,,,
0b58c157-0710-5e24-a6cd-a155c2a358c1,수제달고나+우유,,,5300,"5,300원"
0b58c157-0710-5e24-a6cd-a155c2a358c1,달고나카페라떼(ICE),,,,
0b58c157-0710-5e24-a6cd-a155c2a358c1,수제달고나+에스프레소+우유,,,5800,"5,800원"
0b58c157-0710-5e24-a6cd-a155c2a358c1,달고나밀크티(ICE),,,,
0b58c157-0710-5e24-a6cd-a155c2a358c1,수제달고나+고급밀크티베이스+우유,,,6000,"6,000원"
0b58c157-0710-5e24-a6cd-a155c2a358c1,달고나 밀크쉐이크(ICE),,,,
0b58c157-0710-5e24-a6cd-a155c2a358c1,수제달고나+바닐라쉐이크,,,6300,"6,300원"
0b58c157-0710-5e24-a6cd-a155c2a358c1,ADE& ICED TEA,,,,
0b58c157-0710-5e24-a6cd-a155c2a358c1,[아샷추가능]아이스티(복숭아),,,,
0b58c157-0710-5e24-a6cd-a155c2a358c1,파이와찰떡 시원한 아이스티,,,4000,"4,000원"
0b58c157-0710-5e24-a6cd-a155c2a358c1,[아샷추가능]아이스티(레몬),,,,
0b58c157-0710-5e24-a6cd-a155c2a358c1,파이와찰떡 시원한아이스티,,,4000,"4,000원"
0b58c157-0710-5e24-a6cd-a155c2a358c1,"에이드(레몬,유자)(ICE)",,,5000,"5,000원"
0b58c157-0710-5e24-a6cd-a155c2a358c1,"에이드(자몽,청포도,블루레몬)(ICE)",,,5500,"5,500원"
0b58c157-0710-5e24-a6cd-a155c2a358c1,청귤에이드,,,,
0b58c157-0710-5e24-a6cd-a155c2a358c1,제주청귤로 직접담은 수제청으로 만든 에이드,,,5500,"5,500원"
0b58c157-0710-5e24-a6cd-a155c2a358c1,SMOOTHIE&JUICE,,,,
0b58c157-0710-5e24-a6cd-a155c2a358c1,플레인요거트스무디(ICE),,,5800,"5,800원"
0b58c157-0710-5e24-a6cd-a155c2a358c1,딸기 요거트스무디(ICE),,,6000,"6,000원"
0b58c157-0710-5e24-a6cd-a155c2a358c1,블루베리 요거트스무디(ICE),,,6000,"6,000원"
0b58c157-0710-5e24-a6cd-a155c2a358c1,망고 요거트스무디(ICE),,,6000,"6,000원"
0b58c157-0710-5e24-a6cd-a155c2a358c1,딸기바나나주스(ICE),,,,
0b58c157-0710-5e24-a6cd-a155c2a358c1,딸기와바나나의환상조합,,,6000,"6,000원"
0b58c157-0710-5e24-a6cd-a155c2a358c1,펼쳐서 더보기,,,,
0b58c157-0710-5e24-a6cd-a155c2a358c1,HERB TEA,,,,
0b58c157-0710-5e24-a6cd-a155c2a358c1,루이보스,,,5000,"5,000원"
0b58c157-0710-5e24-a6cd-a155c2a358c1,캐모마일,,,5000,"5,000원"
0b58c157-0710-5e24-a6cd-a155c2a358c1,로즈마리,,,5000,"5,000원"
0b58c157-0710-5e24-a6cd-a155c2a358c1,얼그레이,,,5000,"5,000원"
0b58c157-0710-5e24-a6cd-a155c2a358c1,페퍼민트,,,5000,"5,000원"
0b58c157-0710-5e24-a6cd-a155c2a358c1,펼쳐서 더보기,,,,
0b58c157-0710-5e24-a6cd-a155c2a358c1,DESSERT,,,,
0b58c157-0710-5e24-a6cd-a155c2a358c1,순수우유케익,,,,
0b58c157-0710-5e24-a6cd-a155c2a358c1,우유크림의 신선한맛이 느껴지는 우유케익,,,7000,"7,000원"
0b58c157-0710-5e24-a6cd-a155c2a358c1,악마의초코케익,,,,
0b58c157-0710-5e24-a6cd-a155c2a358c1,달콤하고진한누텔라맛이 느껴지는 초코케익,,,7000,"7,000원"
0b58c157-0710-5e24-a6cd-a155c2a358c1,뉴욕치즈케익,,,7000,"7,000원"
0b58c157-0710-5e24-a6cd-a155c2a358c1,티라미슈,,,7000,"7,000원"
0b58c157-0710-5e24-a6cd-a155c2a358c1,딸기케익,,,7000,"7,000원"
0b58c157-0710-5e24-a6cd-a155c2a358c1,펼쳐서 더보기,,,,
67435ba0-d41b-50e6-be99-6d5040144b90,오레오생크림와플,,,3500,"3,500원"
67435ba0-d41b-50e6-be99-6d5040144b90,시나몬카라멜와플,,,3500,"3,500원"
67435ba0-d41b-50e6-be99-6d5040144b90,사과생크림와플,,,3000,"3,000원"
67435ba0-d41b-50e6-be99-6d5040144b90,HOT 아메리카노,,,1500,"1,500원"
67435ba0-d41b-50e6-be99-6d5040144b90,헤이즐럿라떼,,,3300,"3,300원"
67435ba0-d41b-50e6-be99-6d5040144b90,바닐라라떼,,,3300,"3,300원"
67435ba0-d41b-50e6-be99-6d5040144b90,카페라떼,,,2900,"2,900원"
67435ba0-d41b-50e6-be99-6d5040144b90,아메리카노,,,1500,"1,500원"
ddfcf86b-9b28-53e4-8180-bb13b690a42d,플레이스,,,,
ddfcf86b-9b28-53e4-8180-bb13b690a42d,서비스 이용이 제한되었습니다.,,,,
ddfcf86b-9b28-53e4-8180-bb13b690a42d,과도한 접근 요청으로 서비스 이용이 제한되었습니다.,,,,
ddfcf86b-9b28-53e4-8180-bb13b690a42d,잠시 후 다시 시도해주세요.,,IP: 211.192.210.178(09/Mar/2026:14:38:18 +0900),,
ddfcf86b-9b28-53e4-8180-bb13b690a42d,이전화면,,,,
ddfcf86b-9b28-53e4-8180-bb13b690a42d,새로고침,,,,
8732b2cc-2898-55d5-8b72-e44ffc31e572,아메리카노,,,,
8732b2cc-2898-55d5-8b72-e44ffc31e572,Take-Out 요금 기준입니다.,,,1500,"1,500원"
2bd5507a-7e93-560b-a216-859ab2ce4d7b,아메리카노,,,,
2bd5507a-7e93-560b-a216-859ab2ce4d7b,Take-Out 요금 입니다.,,,1500,"1,500원"
fdc12ae0-af21-56b1-8f1d-28636f83768c,카페라떼,대표,,4500,"4,500원"
fdc12ae0-af21-56b1-8f1d-28636f83768c,아메리카노,,,4000,"4,000원"
fdc12ae0-af21-56b1-8f1d-28636f83768c,카페라떼,,,4500,"4,500원"
fdc12ae0-af21-56b1-8f1d-28636f83768c,카푸치노,,,4500,"4,500원"
fdc12ae0-af21-56b1-8f1d-28636f83768c,말차라떼,,,5500,"5,500원"
fdc12ae0-af21-56b1-8f1d-28636f83768c,"요거트(딸기,망고,블루베리)스무디",,,5500,"5,500원"
fdc12ae0-af21-56b1-8f1d-28636f83768c,"레몬,청포도,자몽에이드",,,5500,"5,500원"
2055da6d-645b-543b-b9be-c7e565a10ffd,카야토스트,,구운 식빵 사이에 싱가포르의 전통잼인 카야잼과 버터를 넣은 달콤하고 고소한 토스트,5500,"5,500원"
2055da6d-645b-543b-b9be-c7e565a10ffd,판단 크림,,,,
2055da6d-645b-543b-b9be-c7e565a10ffd,코피티암 커피에 판단을 이용해 크림을 얹은 비엔나커피,,,6500,"6,500원"
2055da6d-645b-543b-b9be-c7e565a10ffd,코피티암 커피 - C,,,,
2055da6d-645b-543b-b9be-c7e565a10ffd,싱가포르 스타일의 진한 커피와 연유를 더해 달콤한 커피,,,5500,"5,500원"
2055da6d-645b-543b-b9be-c7e565a10ffd,코피티암 코피- O,,,,
2055da6d-645b-543b-b9be-c7e565a10ffd,싱가포르 스타일의 달콤한 블랙 커피,,,5500,"5,500원"
2055da6d-645b-543b-b9be-c7e565a10ffd,코피티암 밀크티,,,,
2055da6d-645b-543b-b9be-c7e565a10ffd,홍차와 우유로 만든 싱가포르 스타일 달콤한 밀크티,,,6500,"6,500원"
2055da6d-645b-543b-b9be-c7e565a10ffd,아메리카노,,,,
2055da6d-645b-543b-b9be-c7e565a10ffd,ㅡ,,,5500,"5,500원"
2055da6d-645b-543b-b9be-c7e565a10ffd,카페 라떼,,,6000,"6,000원"
dc0b17ec-d50c-57ec-aabc-735cca75b75f,아메리카노,,,5500,"5,500원"
a7195387-6add-5da5-8431-bd63b4d70b6a,클럽블렌드,대표,,,
a7195387-6add-5da5-8431-bd63b4d70b6a,House Blending Coffee,대표,,5000,"5,000원"
5ce00c61-5b63-5768-9d68-693c89887d0f,파니니세트,대표,햄 치즈 파니니와 홈메이드 드레싱을 곁들인 샐러드. 그리고 향긋한 아메리카노가 세트로 구성된 파니니세트는 키미의 대표 메뉴입니다 :),15000,"15,000원"
5ce00c61-5b63-5768-9d68-693c89887d0f,아메리카노,,,7000,"7,000원"
6a632c5a-6b6a-54ae-90c2-a85d88a1e60a,케이즈(조각),,,6500,"6,500원"
6a632c5a-6b6a-54ae-90c2-a85d88a1e60a,수제청 에이드,,,7000,"7,000원"
6a632c5a-6b6a-54ae-90c2-a85d88a1e60a,스페셜티커피,,,4500,"4,500원"
6a632c5a-6b6a-54ae-90c2-a85d88a1e60a,라즈베리 레모네이드,,,7000,"7,000원"
05f6320c-2b8c-58a4-9a2c-9d3d0f4f250d,계란동동쌍화차,대표,,7500,"7,500원"
05f6320c-2b8c-58a4-9a2c-9d3d0f4f250d,태을커피,대표,,6000,"6,000원"
05f6320c-2b8c-58a4-9a2c-9d3d0f4f250d,비엔나커피,대표,,7000,"7,000원"
05f6320c-2b8c-58a4-9a2c-9d3d0f4f250d,오미자차,대표,,7000,"7,000원"
05f6320c-2b8c-58a4-9a2c-9d3d0f4f250d,젤라또와플,대표,,,
05f6320c-2b8c-58a4-9a2c-9d3d0f4f250d,(2가지 맛 젤라또),대표,,18000,"18,000원"
05f6320c-2b8c-58a4-9a2c-9d3d0f4f250d,베이직와플,,,12000,"12,000원"
05f6320c-2b8c-58a4-9a2c-9d3d0f4f250d,아메리카노,,,4800,"4,800원"
05f6320c-2b8c-58a4-9a2c-9d3d0f4f250d,카페라떼,,,5500,"5,500원"
05f6320c-2b8c-58a4-9a2c-9d3d0f4f250d,바닐라라떼,,,6000,"6,000원"
05f6320c-2b8c-58a4-9a2c-9d3d0f4f250d,딸기라떼,,,6500,"6,500원"
05f6320c-2b8c-58a4-9a2c-9d3d0f4f250d,추억의 자판기 우유,,,7000,"7,000원"
05f6320c-2b8c-58a4-9a2c-9d3d0f4f250d,요거트스무디,,,,
05f6320c-2b8c-58a4-9a2c-9d3d0f4f250d,플레인/블루베리/망고/딸기,,,7000,"7,000원"
05f6320c-2b8c-58a4-9a2c-9d3d0f4f250d,에이드,,,,
05f6320c-2b8c-58a4-9a2c-9d3d0f4f250d,오미자/체리/레몬/자몽,,,7500,"7,500원"
05f6320c-2b8c-58a4-9a2c-9d3d0f4f250d,생과일주스,,,,
05f6320c-2b8c-58a4-9a2c-9d3d0f4f250d,청포도/바나나/토마토/딸기(시즌),,,7500,"7,500원"
2a22532f-a7be-522d-bb99-6e642a2462fa,아메리카노(HOT/ICE동일),대표,,3500,"3,500원"
2a22532f-a7be-522d-bb99-6e642a2462fa,녹차빙수,,,14900,"14,900원"
2a22532f-a7be-522d-bb99-6e642a2462fa,흑임자빙수,,,14900,"14,900원"
2a22532f-a7be-522d-bb99-6e642a2462fa,인절미빙수,,,13900,"13,900원"
2a22532f-a7be-522d-bb99-6e642a2462fa,쑥빙수,,,13900,"13,900원"
2a22532f-a7be-522d-bb99-6e642a2462fa,오레오초코빙수,,,14900,"14,900원"
2a22532f-a7be-522d-bb99-6e642a2462fa,망고코코넛,,,14900,"14,900원"
2a22532f-a7be-522d-bb99-6e642a2462fa,크림치즈갈릭브레드,,,5000,"5,000원"
2a22532f-a7be-522d-bb99-6e642a2462fa,크림치즈프레츨,,,3800,"3,800원"
2a22532f-a7be-522d-bb99-6e642a2462fa,시나몬츄러스/초코츄러스,,,5300,"5,300원"
f0007217-ecfe-565c-99eb-7a6fe2143369,배달우리 매장은 배달 주문이 가능합니다,,,,
f0007217-ecfe-565c-99eb-7a6fe2143369,대표메뉴,대표,,,
f0007217-ecfe-565c-99eb-7a6fe2143369,케이준 치킨 샌드위치,대표,"일반식빵,마요네즈소스,칠리소스,후추가루살짝,토마토슬라이스,피클,할라피뇨,피망슬라이스,양파슬라이스,케이준치킨텐더,슬라이스치즈,머스타드소스,양상추",6900,"6,900원"
f0007217-ecfe-565c-99eb-7a6fe2143369,리코타치즈 샐러드,대표,"양상추,적채슬라이스,옥수수,블랙올리브,다진토마토,피망슬라이스 + 기본드레싱(발사믹드레싱) 제공",12900,"12,900원"
f0007217-ecfe-565c-99eb-7a6fe2143369,파스타 샐러드,대표,"양상추,적채슬라이스,옥수수,블랙올리브,할라피뇨,다진토마토,피망슬라이스,양파슬라이스,스파게티누들,햄슬라이스 + 기본드레싱(오리엔탈 드레싱) 제공",11900,"11,900원"
f0007217-ecfe-565c-99eb-7a6fe2143369,매콤)할라피뇨 피자 토스트,대표,매운소스와 할라피뇨가 들어가서 매운 피자맛의 토스트입니다~ 중독성이 매우 강해서~ 한번 꼭 드셔보시길 강추합니다.,5500,"5,500원"
f0007217-ecfe-565c-99eb-7a6fe2143369,[스페셜 메뉴] 특별한날~특별한 외식~,,,,
f0007217-ecfe-565c-99eb-7a6fe2143369,까망베르 감자스프,,,,
f0007217-ecfe-565c-99eb-7a6fe2143369,따뜻하게 부드럽게 마시는 컵스프예요~,,,4500,"4,500원"
f0007217-ecfe-565c-99eb-7a6fe2143369,[몽땅세트메뉴] 인기메뉴를 한번에~,,,,
f0007217-ecfe-565c-99eb-7a6fe2143369,샌드위치 1인세트(샌드위치+음료),,,,
f0007217-ecfe-565c-99eb-7a6fe2143369,샌드위치 1인분 + 음료 1,,,8000,"8,000원"
f0007217-ecfe-565c-99eb-7a6fe2143369,샐러드 1인세트(샐러드+음료),,,,
f0007217-ecfe-565c-99eb-7a6fe2143369,샐러드와 음료 구성의 1인 세트메뉴,,,11900,"11,900원"
f0007217-ecfe-565c-99eb-7a6fe2143369,토스트 1인세트(토스트 + 음료),,,,
f0007217-ecfe-565c-99eb-7a6fe2143369,토스트와 음료 구성의 1인 세트,,,6900,"6,900원"
f0007217-ecfe-565c-99eb-7a6fe2143369,[수제 샌드위치] 든든한 한끼로 충분한 메뉴~,,,,
f0007217-ecfe-565c-99eb-7a6fe2143369,햄치즈 샌드위치,,"일반식빵,마요네즈소스,후추가루살짝,토마토슬라이스,피클,할라피뇨,햄,슬라이스치즈,머스타드소스,양상추",6000,"6,000원"
f0007217-ecfe-565c-99eb-7a6fe2143369,케이준 치킨 샌드위치,대표,"일반식빵,마요네즈소스,칠리소스,후추가루살짝,토마토슬라이스,피클,할라피뇨,피망슬라이스,양파슬라이스,케이준치킨텐더,슬라이스치즈,머스타드소스,양상추",6900,"6,900원"
f0007217-ecfe-565c-99eb-7a6fe2143369,훈제연어 샌드위치(호밀빵기본),,"호밀식빵,마요네즈소스,양파소스,후추가루살짝,토마토슬라이스,피클,할라피뇨,피망슬라이스,양파슬라이스,훈제연어슬라이스,슬라이스치즈,머스타드소스,양상추",8500,"8,500원"
f0007217-ecfe-565c-99eb-7a6fe2143369,베이컨올리브 샌드위치,,"일반식빵,마요네즈소스,칠리소스,후추가루살짝,토마토슬라이스,피클,할라피뇨,피망슬라이스,양파슬라이스,베이컨,슬라이스치즈,머스타드소스,양상추",7900,"7,900원"
f0007217-ecfe-565c-99eb-7a6fe2143369,[프레쉬한 샐러드] 야채와 토핑이 듬뿍~,,,,
f0007217-ecfe-565c-99eb-7a6fe2143369,그린 샐러드 (기본 야채 샐러드),,"양상추,적채슬라이스,옥수수,블랙올리브,할라피뇨,다진토마토,피망슬라이스,양파슬라이스 + 기본드레싱 선택 필수",9900,"9,900원"
f0007217-ecfe-565c-99eb-7a6fe2143369,리코타치즈 샐러드,대표,"양상추,적채슬라이스,옥수수,블랙올리브,다진토마토,피망슬라이스 + 기본드레싱(발사믹드레싱) 제공",12900,"12,900원"
f0007217-ecfe-565c-99eb-7a6fe2143369,훈제연어 샐러드,,"양상추,적채슬라이스,옥수수,블랙올리브,할라피뇨,다진토마토,피망슬라이스,양파슬라이스,화이트베어훈제연어 + 기본드레싱(양파 드레싱) 제공",13900,"13,900원"
f0007217-ecfe-565c-99eb-7a6fe2143369,케이준치킨 샐러드,,"양상추,적채슬라이스,옥수수,블랙올리브,할라피뇨,다진토마토, 피망슬라이스,양파슬라이스,케이준치킨 + 기본드레싱(발사믹 드레싱) 제공",11900,"11,900원"
f0007217-ecfe-565c-99eb-7a6fe2143369,파스타 샐러드,대표,"양상추,적채슬라이스,옥수수,블랙올리브,할라피뇨,다진토마토,피망슬라이스,양파슬라이스,스파게티누들,햄슬라이스 + 기본드레싱(오리엔탈 드레싱) 제공",11900,"11,900원"
f0007217-ecfe-565c-99eb-7a6fe2143369,펼쳐서 더보기,,,,
f0007217-ecfe-565c-99eb-7a6fe2143369,[그릴 토스트] 매력덩어리 토스트예요,,,,
f0007217-ecfe-565c-99eb-7a6fe2143369,카야 버터 토스트,,그릴에 구운 식빵을 식혀서 카야챔과 버터를 넣어 만듭니다~ 다른 토스트처럼 따뜻한 토스트가 아닙니다~,4900,"4,900원"
f0007217-ecfe-565c-99eb-7a6fe2143369,카야 치즈 토스트,,카야잼을 바른 식빵사이에 치즈를 얹어서 쿠킹합니다~ 달콤함을 그대로 느끼실 수 있어요~ 달콤함 만땅~,4900,"4,900원"
f0007217-ecfe-565c-99eb-7a6fe2143369,매콤)할라피뇨 피자 토스트,대표,매운소스와 할라피뇨가 들어가서 매운 피자맛의 토스트입니다~ 중독성이 매우 강해서~ 한번 꼭 드셔보시길 강추합니다.,5500,"5,500원"
f0007217-ecfe-565c-99eb-7a6fe2143369,달콤)햄치즈 토스트,,달콤한 소스와 햄 치즈 옥수수가 만나 어린이들의 사랑을 듬뿍 받는 토스트입니다~ 야채는 들어가 있지 않아요~,4800,"4,800원"
f0007217-ecfe-565c-99eb-7a6fe2143369,누텔라 바나나 토스트,,,,
f0007217-ecfe-565c-99eb-7a6fe2143369,바나나와 누텔라의 달콤한 조화의 맛,,,5500,"5,500원"
f0007217-ecfe-565c-99eb-7a6fe2143369,[커피류] 스페셜 블랜딩 원두 사용,,,,
f0007217-ecfe-565c-99eb-7a6fe2143369,진한 아메리카노,,기본사이즈 16oz 2샷 /사이즈업 22oz 3샷 (연한맛의 커피를 원하시는 경우 샷 조절 요청해주세요),3500,"3,500원"
f0007217-ecfe-565c-99eb-7a6fe2143369,카페라떼,,,4000,"4,000원"
f0007217-ecfe-565c-99eb-7a6fe2143369,바닐라라떼,,바닐라 빈 파우더를 사용하여 고소한 바닐라향을 더 느끼실 수 있습니다~,4500,"4,500원"
f0007217-ecfe-565c-99eb-7a6fe2143369,에스프레소 연유라떼,,에스프레소와 연유 그리고 우유의 만남~부드러운 달콤함을 느끼실 수 있습니다~,4800,"4,800원"
f0007217-ecfe-565c-99eb-7a6fe2143369,디카페인) 콜드브루 아이스 아메리카노,,카페인 부담있으신 분들 추천드려요~ (콜드브루 원두는 에티오피아 싱글원두를 사용합니다. ) 맛은 일반 아메리카노보다 연합니다. 사이즈업 불가,4000,"4,000원"
f0007217-ecfe-565c-99eb-7a6fe2143369,[Non Coffee ] 부드러운 우유 음료~,,,,
f0007217-ecfe-565c-99eb-7a6fe2143369,초코라떼 (달콤함의 최고인기메뉴예요),,,4500,"4,500원"
f0007217-ecfe-565c-99eb-7a6fe2143369,녹차라떼 (순한 녹차향에 달달한 라떼예요),,,4500,"4,500원"
f0007217-ecfe-565c-99eb-7a6fe2143369,오곡라떼 (고소한 12곡물로 만들었어요),,,4500,"4,500원"
f0007217-ecfe-565c-99eb-7a6fe2143369,밀크티 (은은한 얼그레이 밀크티의 향을 느낄수 있어요),,,4500,"4,500원"
f0007217-ecfe-565c-99eb-7a6fe2143369,[스무디] 시원함을 즐기고 싶을때~,,,,
f0007217-ecfe-565c-99eb-7a6fe2143369,블루베리스무디,,,4900,"4,900원"
f0007217-ecfe-565c-99eb-7a6fe2143369,딸기스무디,,,4900,"4,900원"
f0007217-ecfe-565c-99eb-7a6fe2143369,망고스무디,,,4900,"4,900원"
f0007217-ecfe-565c-99eb-7a6fe2143369,요거트스무디,,,4900,"4,900원"
f0007217-ecfe-565c-99eb-7a6fe2143369,요거트블루베리 스무디,,,5500,"5,500원"
f0007217-ecfe-565c-99eb-7a6fe2143369,[에이드] 탄산이 땡길때~,,,,
f0007217-ecfe-565c-99eb-7a6fe2143369,자몽에이드,,,4500,"4,500원"
f0007217-ecfe-565c-99eb-7a6fe2143369,청포도에이드,,,4500,"4,500원"
f0007217-ecfe-565c-99eb-7a6fe2143369,레몬에이드,,,4500,"4,500원"
f0007217-ecfe-565c-99eb-7a6fe2143369,애플망고 에이드,,,4500,"4,500원"
f0007217-ecfe-565c-99eb-7a6fe2143369,청귤에이드,,,4500,"4,500원"
f0007217-ecfe-565c-99eb-7a6fe2143369,펼쳐서 더보기,,,,
f0007217-ecfe-565c-99eb-7a6fe2143369,[과일주스] 달콤 & 상큼한 맛이 땡길때~,,,,
f0007217-ecfe-565c-99eb-7a6fe2143369,딸기주스,,시간이 지나면서 분리현상이 생길 수 있기에 바로 드시길 권합니다.,5500,"5,500원"
f0007217-ecfe-565c-99eb-7a6fe2143369,토마토주스,,시간이 지나면서 분리현상이 생길 수 있기에 바로 드시길 권합니다.,7000,"7,000원"
f0007217-ecfe-565c-99eb-7a6fe2143369,바나나 주스,,바나나 특성상 색상이 변할 수 있어서 바로 드시길 권합니다.,5000,"5,000원"
f0007217-ecfe-565c-99eb-7a6fe2143369,오렌지당근 착즙주스,,,,
f0007217-ecfe-565c-99eb-7a6fe2143369,착즙주스~ 재료의 본연의 맛을 느낄 수 있어요~,,,5000,"5,000원"
f0007217-ecfe-565c-99eb-7a6fe2143369,케일사과파인애플 착즙주스,,,,
f0007217-ecfe-565c-99eb-7a6fe2143369,착즙주스~ 재료의 본연의 맛을 느낄 수 있어요~,,,5000,"5,000원"
f0007217-ecfe-565c-99eb-7a6fe2143369,[티 종류] 향기로운 음료가 땡길때~,,,,
f0007217-ecfe-565c-99eb-7a6fe2143369,캐모마일,,,3500,"3,500원"
f0007217-ecfe-565c-99eb-7a6fe2143369,얼그레이,,,3500,"3,500원"
f0007217-ecfe-565c-99eb-7a6fe2143369,자몽차(Only HOT),,,4500,"4,500원"
f0007217-ecfe-565c-99eb-7a6fe2143369,유자차(Only HOT),,,4000,"4,000원"
f0007217-ecfe-565c-99eb-7a6fe2143369,복숭아 아이스티(Only ICE),,,3500,"3,500원"
f0007217-ecfe-565c-99eb-7a6fe2143369,펼쳐서 더보기,,,,
f0007217-ecfe-565c-99eb-7a6fe2143369,[디저트메뉴] 커피와 함께 즐기기좋은 메뉴~,,,,
f0007217-ecfe-565c-99eb-7a6fe2143369,미니 붕어빵(팥)(5개),,,,
f0007217-ecfe-565c-99eb-7a6fe2143369,겨울 최고의 간식 미니붕어빵,,,3500,"3,500원"
f0007217-ecfe-565c-99eb-7a6fe2143369,[치킨&사이드 메뉴],,,,
f0007217-ecfe-565c-99eb-7a6fe2143369,해쉬브라운(3개),,,,
f0007217-ecfe-565c-99eb-7a6fe2143369,소스 미제공,,,5900,"5,900원"
77daa2c9-dd60-56de-ae8f-bb6cea5440ec,플레이스,,,,
77daa2c9-dd60-56de-ae8f-bb6cea5440ec,서비스 이용이 제한되었습니다.,,,,
77daa2c9-dd60-56de-ae8f-bb6cea5440ec,과도한 접근 요청으로 서비스 이용이 제한되었습니다.,,,,
77daa2c9-dd60-56de-ae8f-bb6cea5440ec,잠시 후 다시 시도해주세요.,,IP: 211.192.210.178(09/Mar/2026:14:36:09 +0900),,
77daa2c9-dd60-56de-ae8f-bb6cea5440ec,이전화면,,,,
77daa2c9-dd60-56de-ae8f-bb6cea5440ec,새로고침,,,,
44718170-3737-56d4-b390-833ea91511dc,크림 드 코코,대표,,,
44718170-3737-56d4-b390-833ea91511dc,쫄깃한 나타드 코코젤리와 커피크림의 달콤 쌉싸름한 조화,대표,,5800,"5,800원"
44718170-3737-56d4-b390-833ea91511dc,인절미 티라미수,대표,고소한 콩가루의 크림과 쑥가루를 첨가시켜 만든 환상적인 조화,7000,"7,000원"
44718170-3737-56d4-b390-833ea91511dc,동키모카,,달콤한 헤이즐넛 라떼와 고소한 토피넛 크림을 함께 즐기는 시그니처 음료,5800,"5,800원"
44718170-3737-56d4-b390-833ea91511dc,로얄 블랙 밀크티,,,10000,"10,000원"
44718170-3737-56d4-b390-833ea91511dc,에스프레소,,,4100,"4,100원"
44718170-3737-56d4-b390-833ea91511dc,아메리카노,,,4100,"4,100원"
44718170-3737-56d4-b390-833ea91511dc,카페라떼,,,4600,"4,600원"
44718170-3737-56d4-b390-833ea91511dc,카푸치노,,,4600,"4,600원"
44718170-3737-56d4-b390-833ea91511dc,아인슈페너,,,5600,"5,600원"
45a68ed1-0488-5ce3-bf6d-7584bf4561cc,이전 페이지,,,,
45a68ed1-0488-5ce3-bf6d-7584bf4561cc,피피앤에프,,,,
45a68ed1-0488-5ce3-bf6d-7584bf4561cc,페이지 닫기,,,,
45a68ed1-0488-5ce3-bf6d-7584bf4561cc,거리뷰,,,,
45a68ed1-0488-5ce3-bf6d-7584bf4561cc,피피앤에프기업,,,,
45a68ed1-0488-5ce3-bf6d-7584bf4561cc,방문자 리뷰 2,,,,
45a68ed1-0488-5ce3-bf6d-7584bf4561cc,출발,,,,
45a68ed1-0488-5ce3-bf6d-7584bf4561cc,도착,,,,
45a68ed1-0488-5ce3-bf6d-7584bf4561cc,저장,,,,
45a68ed1-0488-5ce3-bf6d-7584bf4561cc,거리뷰,,,,
45a68ed1-0488-5ce3-bf6d-7584bf4561cc,공유,,,,
45a68ed1-0488-5ce3-bf6d-7584bf4561cc,홈,,,,
45a68ed1-0488-5ce3-bf6d-7584bf4561cc,리뷰,사진,,,
45a68ed1-0488-5ce3-bf6d-7584bf4561cc,주소,사진,,,
45a68ed1-0488-5ce3-bf6d-7584bf4561cc,경북 경산시 남산면 상대공단길 44,사진,,,
45a68ed1-0488-5ce3-bf6d-7584bf4561cc,영업시간 정보 수정,사진,,,
45a68ed1-0488-5ce3-bf6d-7584bf4561cc,영업시간 수정 제안하기,사진,,,
45a68ed1-0488-5ce3-bf6d-7584bf4561cc,추가,사진,,,
45a68ed1-0488-5ce3-bf6d-7584bf4561cc,"이 장소의 관리자라면,",사진,,,
45a68ed1-0488-5ce3-bf6d-7584bf4561cc,무료로 직접 관리하세요!,사진,,,
45a68ed1-0488-5ce3-bf6d-7584bf4561cc,권한 받기,사진,,,
45a68ed1-0488-5ce3-bf6d-7584bf4561cc,방문자 리뷰2,사진,,,
45a68ed1-0488-5ce3-bf6d-7584bf4561cc,으니짱85,사진,,,
45a68ed1-0488-5ce3-bf6d-7584bf4561cc,22.10.283번째 방문영수증,사진,,,
45a68ed1-0488-5ce3-bf6d-7584bf4561cc,아기한테 유산균 맞아서 구매해요,사진,,,
45a68ed1-0488-5ce3-bf6d-7584bf4561cc,ggs****,사진,,,
45a68ed1-0488-5ce3-bf6d-7584bf4561cc,22.10.281번째 방문영수증,사진,,,
45a68ed1-0488-5ce3-bf6d-7584bf4561cc,굿,사진,,,
45a68ed1-0488-5ce3-bf6d-7584bf4561cc,알고 계신 정보와 다른 정보가 있나요?,사진,,,
45a68ed1-0488-5ce3-bf6d-7584bf4561cc,사진으로 간단하게 제보해 주세요.,사진,,,
45a68ed1-0488-5ce3-bf6d-7584bf4561cc,정보 수정 제안하기,사진,,,
be0f7cbb-d4bb-5a3b-a9b9-878e82abd107,플레이스,,,,
be0f7cbb-d4bb-5a3b-a9b9-878e82abd107,서비스 이용이 제한되었습니다.,,,,
be0f7cbb-d4bb-5a3b-a9b9-878e82abd107,과도한 접근 요청으로 서비스 이용이 제한되었습니다.,,,,
be0f7cbb-d4bb-5a3b-a9b9-878e82abd107,잠시 후 다시 시도해주세요.,,IP: 211.192.210.178(09/Mar/2026:14:38:02 +0900),,
be0f7cbb-d4bb-5a3b-a9b9-878e82abd107,이전화면,,,,
be0f7cbb-d4bb-5a3b-a9b9-878e82abd107,새로고침,,,,
f65e26e6-8126-5af9-af46-ef971088b83d,이전 페이지,,,,
f65e26e6-8126-5af9-af46-ef971088b83d,플레이스,,,,
f65e26e6-8126-5af9-af46-ef971088b83d,페이지 닫기,,,,
f65e26e6-8126-5af9-af46-ef971088b83d,서비스 이용이 제한되었습니다.,,,,
f65e26e6-8126-5af9-af46-ef971088b83d,과도한 접근 요청으로 서비스 이용이 제한되었습니다.,,,,
f65e26e6-8126-5af9-af46-ef971088b83d,잠시 후 다시 시도해주세요.,,IP: 211.192.210.178(2026.03.09 14:36:36),,
f65e26e6-8126-5af9-af46-ef971088b83d,이전화면새로고침,,,,
d331b28f-4050-5075-9f1f-5d234cdc88a5,이전 페이지,,,,
d331b28f-4050-5075-9f1f-5d234cdc88a5,행운카페,,,,
d331b28f-4050-5075-9f1f-5d234cdc88a5,페이지 닫기,,,,
d331b28f-4050-5075-9f1f-5d234cdc88a5,거리뷰,,,,
d331b28f-4050-5075-9f1f-5d234cdc88a5,행운카페카페,,,,
d331b28f-4050-5075-9f1f-5d234cdc88a5,방문자 리뷰 12,,,,
d331b28f-4050-5075-9f1f-5d234cdc88a5,출발,,,,
d331b28f-4050-5075-9f1f-5d234cdc88a5,도착,,,,
d331b28f-4050-5075-9f1f-5d234cdc88a5,저장,,,,
d331b28f-4050-5075-9f1f-5d234cdc88a5,거리뷰,,,,
d331b28f-4050-5075-9f1f-5d234cdc88a5,공유,,,,
d331b28f-4050-5075-9f1f-5d234cdc88a5,홈,,,,
d331b28f-4050-5075-9f1f-5d234cdc88a5,리뷰,사진,,,
d331b28f-4050-5075-9f1f-5d234cdc88a5,주소,사진,,,
d331b28f-4050-5075-9f1f-5d234cdc88a5,경기 화성시 만세구 남양읍 남양시장로 76-3,사진,,,
d331b28f-4050-5075-9f1f-5d234cdc88a5,영업시간 정보 수정,사진,,,
d331b28f-4050-5075-9f1f-5d234cdc88a5,영업시간 수정 제안하기,사진,,,
d331b28f-4050-5075-9f1f-5d234cdc88a5,추가,사진,,,
d331b28f-4050-5075-9f1f-5d234cdc88a5,"사장님, 플레이스를",사진,,,
d331b28f-4050-5075-9f1f-5d234cdc88a5,무료로 직접 관리하세요!,사진,,,
d331b28f-4050-5075-9f1f-5d234cdc88a5,권한 받기,사진,,,
d331b28f-4050-5075-9f1f-5d234cdc88a5,방문자 사진·영상,사진,,,
d331b28f-4050-5075-9f1f-5d234cdc88a5,방문자 리뷰12,사진,,,
d331b28f-4050-5075-9f1f-5d234cdc88a5,kim****,사진,,,
d331b28f-4050-5075-9f1f-5d234cdc88a5,25.4.216번째 방문영수증,사진,,,
d331b28f-4050-5075-9f1f-5d234cdc88a5,친절하고 맛있게 마실수 있어요,사진,,,
d331b28f-4050-5075-9f1f-5d234cdc88a5,커피가 맛있어요,사진,,,
d331b28f-4050-5075-9f1f-5d234cdc88a5,이미지 수,사진,,1,1
d331b28f-4050-5075-9f1f-5d234cdc88a5,kim****,,,,
d331b28f-4050-5075-9f1f-5d234cdc88a5,25.4.287번째 방문영수증,,,,
d331b28f-4050-5075-9f1f-5d234cdc88a5,언제나 마셔도 그맛 그대로 재료좋은거 사용하는 카페,,,,
d331b28f-4050-5075-9f1f-5d234cdc88a5,커피가 맛있어요,,,,
d331b28f-4050-5075-9f1f-5d234cdc88a5,qksel1042,,,,
d331b28f-4050-5075-9f1f-5d234cdc88a5,24.12.291번째 방문영수증,,,,
d331b28f-4050-5075-9f1f-5d234cdc88a5,괜찮아요,,,,
d331b28f-4050-5075-9f1f-5d234cdc88a5,커피가 맛있어요,,,,
d331b28f-4050-5075-9f1f-5d234cdc88a5,방문자 리뷰,,,,
d331b28f-4050-5075-9f1f-5d234cdc88a5,더보기,,,,
d331b28f-4050-5075-9f1f-5d234cdc88a5,로딩중,,,,
d331b28f-4050-5075-9f1f-5d234cdc88a5,알고 계신 정보와 다른 정보가 있나요?,,,,
d331b28f-4050-5075-9f1f-5d234cdc88a5,사진으로 간단하게 제보해 주세요.,,,,
d331b28f-4050-5075-9f1f-5d234cdc88a5,정보 수정 제안하기,,,,
d331b28f-4050-5075-9f1f-5d234cdc88a5,관련 링크1,,,,
d331b28f-4050-5075-9f1f-5d234cdc88a5,다이닝코드에서 보기,,,,
703844f9-dbe9-505e-8ad5-a098ca9db7c7,무화과 프레지에,대표,100% 우유 생크림과 디플로마트 크림이 부드럽게 어우러지는 무화과 케이크,8700,"8,700원"
703844f9-dbe9-505e-8ad5-a098ca9db7c7,레이어스 스페셜,대표,부드러운 라떼에 수제 커스터드 크림을 담은 HeavyLayers의 시그니처 음료,6500,"6,500원"
703844f9-dbe9-505e-8ad5-a098ca9db7c7,레이어스 인절미,대표,,8000,"8,000원"
703844f9-dbe9-505e-8ad5-a098ca9db7c7,초코 헤이즐넛 크레뮤,대표,헤비레이어스의 시그니처 케이크가 홀사이즈로 출시되었습니다!,35000,"35,000원"
703844f9-dbe9-505e-8ad5-a098ca9db7c7,헤비베어 초코베어,,,,
703844f9-dbe9-505e-8ad5-a098ca9db7c7,레터링 추가 2000원 추가,,,49000,"49,000원"
703844f9-dbe9-505e-8ad5-a098ca9db7c7,쿨라임에이드,,,6000,"6,000원"
703844f9-dbe9-505e-8ad5-a098ca9db7c7,보늬밤 크림라떼,,고소한 밤라떼 위에 밤크림이 올라가 더욱 진한 밤맛에 시나몬과 피칸이 토핑된 크림라떼,6800,"6,800원"
703844f9-dbe9-505e-8ad5-a098ca9db7c7,아메리카노,,,3500,"3,500원"
703844f9-dbe9-505e-8ad5-a098ca9db7c7,디카페인 아메리카노,,,4000,"4,000원"
703844f9-dbe9-505e-8ad5-a098ca9db7c7,카페라떼,,,5000,"5,000원"
703844f9-dbe9-505e-8ad5-a098ca9db7c7,수제 바닐라빈 라떼,,,5500,"5,500원"
703844f9-dbe9-505e-8ad5-a098ca9db7c7,수제 초콜릿 모카,,,5500,"5,500원"
703844f9-dbe9-505e-8ad5-a098ca9db7c7,얼그레이 클래식,,영국 황실의 티 브랜드 ‘포트넘앤메이슨’을 사용하여 깊고 향긋한 얼그레이,5000,"5,000원"
703844f9-dbe9-505e-8ad5-a098ca9db7c7,카운테스 그레이,,영국 황실 티브랜드 ‘포트넘앤메이슨’의 베르가못 향이 더해진 얼그레이 티,5500,"5,500원"
703844f9-dbe9-505e-8ad5-a098ca9db7c7,잉글리쉬 민트,,,5500,"5,500원"
59987303-5bec-57a7-8c95-afb9833e3c1f,에스프레소,,"혜화동 로스터리 카페입니다 블렌드3종(구수한, 쌉싸름한, 부드러움) 원하는 맛의 원두를 선택하여 드실 수 있습니다",4000,"4,000원"
59987303-5bec-57a7-8c95-afb9833e3c1f,샤케라또,,,,
59987303-5bec-57a7-8c95-afb9833e3c1f,차갑도 달달한 에스프레소,,,5000,"5,000원"
59987303-5bec-57a7-8c95-afb9833e3c1f,아메리카노,,,4700,"4,700원"
59987303-5bec-57a7-8c95-afb9833e3c1f,라떼,,,,
59987303-5bec-57a7-8c95-afb9833e3c1f,라떼맛집!!,,,5300,"5,300원"
59987303-5bec-57a7-8c95-afb9833e3c1f,원두100g,,"블렌딩 3종 , 나라별 원두가 다양하게 있습니다 https://smartstore.naver.com/coffeekongzip 인터넷 구매 가능합니다",8000,"8,000원"
59987303-5bec-57a7-8c95-afb9833e3c1f,원두200g,,"블렌딩 3종 , 나라별 원두가 다양하게 있습니다 https://smartstore.naver.com/coffeekongzip 인터넷 구매 가능합니다",16000,"16,000원"
59987303-5bec-57a7-8c95-afb9833e3c1f,카푸치노,,,5300,"5,300원"
59987303-5bec-57a7-8c95-afb9833e3c1f,콜드브루,,,5500,"5,500원"
59987303-5bec-57a7-8c95-afb9833e3c1f,아인슈펜너,,,5800,"5,800원"
59987303-5bec-57a7-8c95-afb9833e3c1f,바닐라 카페라떼,,,5700,"5,700원"
59987303-5bec-57a7-8c95-afb9833e3c1f,카페 꼰 젤라또,,,6500,"6,500원"
59987303-5bec-57a7-8c95-afb9833e3c1f,도피오(에스프레소 더블),,,4700,"4,700원"
59987303-5bec-57a7-8c95-afb9833e3c1f,드립커피,,,5500,"5,500원"
59987303-5bec-57a7-8c95-afb9833e3c1f,아이스티(복숭아맛),,,5000,"5,000원"
59987303-5bec-57a7-8c95-afb9833e3c1f,레몬티,,,5500,"5,500원"
7a44a982-5232-5e36-a866-d0ff7ec04575,이전 페이지,,,,
7a44a982-5232-5e36-a866-d0ff7ec04575,홀릭,,,,
7a44a982-5232-5e36-a866-d0ff7ec04575,페이지 닫기,,,,
7a44a982-5232-5e36-a866-d0ff7ec04575,홀릭바(BAR),,,,
7a44a982-5232-5e36-a866-d0ff7ec04575,알림받기,,,,
7a44a982-5232-5e36-a866-d0ff7ec04575,방문자 리뷰 12,,,,
7a44a982-5232-5e36-a866-d0ff7ec04575,출발,,,,
7a44a982-5232-5e36-a866-d0ff7ec04575,도착,,,,
7a44a982-5232-5e36-a866-d0ff7ec04575,저장,,,,
7a44a982-5232-5e36-a866-d0ff7ec04575,거리뷰,,,,
7a44a982-5232-5e36-a866-d0ff7ec04575,공유,,,,
7a44a982-5232-5e36-a866-d0ff7ec04575,홈,,,,
7a44a982-5232-5e36-a866-d0ff7ec04575,리뷰,사진,,,
7a44a982-5232-5e36-a866-d0ff7ec04575,주소,사진,,,
7a44a982-5232-5e36-a866-d0ff7ec04575,서울 강남구 테헤란로83길 18 매직킹덤빌딩,사진,,,
7a44a982-5232-5e36-a866-d0ff7ec04575,2삼성역 5번 출구에서 533m,사진,,,
7a44a982-5232-5e36-a866-d0ff7ec04575,미터,사진,,,
7a44a982-5232-5e36-a866-d0ff7ec04575,영업시간,사진,,,
7a44a982-5232-5e36-a866-d0ff7ec04575,영업 전,사진,,,
7a44a982-5232-5e36-a866-d0ff7ec04575,19:00에 영업 시작,사진,,,
7a44a982-5232-5e36-a866-d0ff7ec04575,19시 0분에 영업 시작,사진,,,
7a44a982-5232-5e36-a866-d0ff7ec04575,펼쳐보기,사진,,,
7a44a982-5232-5e36-a866-d0ff7ec04575,전화번호,사진,,,
7a44a982-5232-5e36-a866-d0ff7ec04575,02-568-6707복사,사진,,,
7a44a982-5232-5e36-a866-d0ff7ec04575,방문자 리뷰12,사진,,,
7a44a982-5232-5e36-a866-d0ff7ec04575,nayaico43,사진,,,
7a44a982-5232-5e36-a866-d0ff7ec04575,23.6.72번째 방문결제내역,사진,,,
7a44a982-5232-5e36-a866-d0ff7ec04575,굿,사진,,,
7a44a982-5232-5e36-a866-d0ff7ec04575,친절해요+1,사진,,,
7a44a982-5232-5e36-a866-d0ff7ec04575,개의 리뷰가 더 있습니다,사진,,,
7a44a982-5232-5e36-a866-d0ff7ec04575,펼쳐보기,사진,,,
7a44a982-5232-5e36-a866-d0ff7ec04575,nayaico43,사진,,,
7a44a982-5232-5e36-a866-d0ff7ec04575,23.5.151번째 방문결제내역,사진,,,
7a44a982-5232-5e36-a866-d0ff7ec04575,굳,사진,,,
7a44a982-5232-5e36-a866-d0ff7ec04575,친절해요,사진,,,
7a44a982-5232-5e36-a866-d0ff7ec04575,김정아95,사진,,,
7a44a982-5232-5e36-a866-d0ff7ec04575,23.1.101번째 방문결제내역,사진,,,
7a44a982-5232-5e36-a866-d0ff7ec04575,색상이좋앙ᆢ,사진,,,
7a44a982-5232-5e36-a866-d0ff7ec04575,인테리어가 멋져요+1,사진,,,
7a44a982-5232-5e36-a866-d0ff7ec04575,개의 리뷰가 더 있습니다,사진,,,
7a44a982-5232-5e36-a866-d0ff7ec04575,펼쳐보기,사진,,,
7a44a982-5232-5e36-a866-d0ff7ec04575,방문자 리뷰,사진,,,
7a44a982-5232-5e36-a866-d0ff7ec04575,더보기,사진,,,
7a44a982-5232-5e36-a866-d0ff7ec04575,이 장소와 비슷한 맛집,사진,,,
7a44a982-5232-5e36-a866-d0ff7ec04575,플레이스 플러스,사진,,,
7a44a982-5232-5e36-a866-d0ff7ec04575,밤별 포차 라운지 강남역본점,사진,,,
7a44a982-5232-5e36-a866-d0ff7ec04575,별처럼 빛나는 추억의 공간!,사진,"요리주점서울특별시 강남구 강남대로102길 13-8 지층, 1층, 2층, 3층",,
7a44a982-5232-5e36-a866-d0ff7ec04575,영업 중,사진,,,
7a44a982-5232-5e36-a866-d0ff7ec04575,"리뷰 2,691",사진,,,
7a44a982-5232-5e36-a866-d0ff7ec04575,이 장소에서 2.8km,사진,,,
7a44a982-5232-5e36-a866-d0ff7ec04575,광고,사진,,,
7a44a982-5232-5e36-a866-d0ff7ec04575,통닭왕맥주 강남,사진,,,
7a44a982-5232-5e36-a866-d0ff7ec04575,강남역 모임엔 치맥성지 통닭왕,사진,,,
7a44a982-5232-5e36-a866-d0ff7ec04575,"치킨,닭강정서울특별시 강남구 테헤란로4길 6 111호",사진,,,
7a44a982-5232-5e36-a866-d0ff7ec04575,영업 중,사진,,,
7a44a982-5232-5e36-a866-d0ff7ec04575,리뷰 384,사진,,,
7a44a982-5232-5e36-a866-d0ff7ec04575,이 장소에서 2.8km,사진,,,
7a44a982-5232-5e36-a866-d0ff7ec04575,광고,사진,,,
7a44a982-5232-5e36-a866-d0ff7ec04575,시가플레이스,사진,,,
7a44a982-5232-5e36-a866-d0ff7ec04575,바(BAR)강남구 삼성동,사진,,,
7a44a982-5232-5e36-a866-d0ff7ec04575,영업 중,사진,,,
7a44a982-5232-5e36-a866-d0ff7ec04575,리뷰 12,사진,,,
7a44a982-5232-5e36-a866-d0ff7ec04575,이 장소에서 150m,사진,,,
7a44a982-5232-5e36-a866-d0ff7ec04575,블룸,사진,,,
7a44a982-5232-5e36-a866-d0ff7ec04575,바(BAR)강남구 삼성동,사진,,,
7a44a982-5232-5e36-a866-d0ff7ec04575,영업 전,사진,,,
7a44a982-5232-5e36-a866-d0ff7ec04575,리뷰 60,사진,,,
7a44a982-5232-5e36-a866-d0ff7ec04575,이 장소에서 240m,사진,,,
7a44a982-5232-5e36-a866-d0ff7ec04575,몰트바배럴,사진,,,
7a44a982-5232-5e36-a866-d0ff7ec04575,바(BAR)강남구 삼성동,사진,,,
7a44a982-5232-5e36-a866-d0ff7ec04575,영업 전,사진,,,
7a44a982-5232-5e36-a866-d0ff7ec04575,리뷰 130,사진,,,
7a44a982-5232-5e36-a866-d0ff7ec04575,이 장소에서 300m,사진,,,
7a44a982-5232-5e36-a866-d0ff7ec04575,어게인 위스키,사진,,,
7a44a982-5232-5e36-a866-d0ff7ec04575,바(BAR)강남구 삼성동,사진,,,
7a44a982-5232-5e36-a866-d0ff7ec04575,영업 전,사진,,,
7a44a982-5232-5e36-a866-d0ff7ec04575,리뷰 2,사진,,,
7a44a982-5232-5e36-a866-d0ff7ec04575,이 장소에서 180m,사진,,,
7a44a982-5232-5e36-a866-d0ff7ec04575,오비맥주,사진,,,
7a44a982-5232-5e36-a866-d0ff7ec04575,"맥주,호프강남구 삼성동",사진,,,
7a44a982-5232-5e36-a866-d0ff7ec04575,영업 중,사진,,,
7a44a982-5232-5e36-a866-d0ff7ec04575,리뷰 4,사진,,,
7a44a982-5232-5e36-a866-d0ff7ec04575,이 장소에서 530m,사진,,,
7a44a982-5232-5e36-a866-d0ff7ec04575,WHISKY TheA,사진,,,
7a44a982-5232-5e36-a866-d0ff7ec04575,바(BAR)강남구 삼성동,사진,,,
7a44a982-5232-5e36-a866-d0ff7ec04575,영업 전,사진,,,
7a44a982-5232-5e36-a866-d0ff7ec04575,리뷰 7,사진,,,
7a44a982-5232-5e36-a866-d0ff7ec04575,이 장소에서 50m,사진,,,
7a44a982-5232-5e36-a866-d0ff7ec04575,ASOBOY,사진,,,
7a44a982-5232-5e36-a866-d0ff7ec04575,술집강남구 삼성동,사진,,,
7a44a982-5232-5e36-a866-d0ff7ec04575,영업 전,사진,,,
7a44a982-5232-5e36-a866-d0ff7ec04575,리뷰 51,사진,,,
7a44a982-5232-5e36-a866-d0ff7ec04575,이 장소에서 570m,사진,,,
7a44a982-5232-5e36-a866-d0ff7ec04575,오크바 오크우드 프리미어 코엑스 센터,사진,,,
7a44a982-5232-5e36-a866-d0ff7ec04575,바(BAR)강남구 삼성동,사진,,,
7a44a982-5232-5e36-a866-d0ff7ec04575,영업 전,사진,,,
7a44a982-5232-5e36-a866-d0ff7ec04575,리뷰 14,사진,,,
7a44a982-5232-5e36-a866-d0ff7ec04575,이 장소에서 260m,사진,,,
7a44a982-5232-5e36-a866-d0ff7ec04575,모던바 호,사진,,,
7a44a982-5232-5e36-a866-d0ff7ec04575,바(BAR)강남구 삼성동,사진,,,
7a44a982-5232-5e36-a866-d0ff7ec04575,영업 중,사진,,,
7a44a982-5232-5e36-a866-d0ff7ec04575,리뷰 21,사진,,,
7a44a982-5232-5e36-a866-d0ff7ec04575,이 장소에서 370m,사진,,,
7a44a982-5232-5e36-a866-d0ff7ec04575,프레지던트,사진,,,
7a44a982-5232-5e36-a866-d0ff7ec04575,바(BAR)강남구 삼성동,사진,,,
7a44a982-5232-5e36-a866-d0ff7ec04575,영업 전,사진,,,
7a44a982-5232-5e36-a866-d0ff7ec04575,리뷰 2,사진,,,
7a44a982-5232-5e36-a866-d0ff7ec04575,이 장소에서 280m,사진,,,
7a44a982-5232-5e36-a866-d0ff7ec04575,HAYES WHISKY,사진,,,
7a44a982-5232-5e36-a866-d0ff7ec04575,바(BAR)강남구 삼성동,사진,,,
7a44a982-5232-5e36-a866-d0ff7ec04575,영업 전,사진,,,
7a44a982-5232-5e36-a866-d0ff7ec04575,리뷰 5,사진,,,
7a44a982-5232-5e36-a866-d0ff7ec04575,이 장소에서 300m,사진,,,
7a44a982-5232-5e36-a866-d0ff7ec04575,플레이스 플러스,사진,,,
7a44a982-5232-5e36-a866-d0ff7ec04575,비어팩토리 본점,사진,,,
7a44a982-5232-5e36-a866-d0ff7ec04575,"맥주,호프강남구 삼성동",사진,,,
7a44a982-5232-5e36-a866-d0ff7ec04575,영업 중,사진,,,
7a44a982-5232-5e36-a866-d0ff7ec04575,리뷰 136,사진,,,
7a44a982-5232-5e36-a866-d0ff7ec04575,이 장소에서 300m,사진,,,
7a44a982-5232-5e36-a866-d0ff7ec04575,이전,사진,,,
7a44a982-5232-5e36-a866-d0ff7ec04575,현재,사진,,1,1
7a44a982-5232-5e36-a866-d0ff7ec04575,전체,,,4,4
7a44a982-5232-5e36-a866-d0ff7ec04575,다음,,,,
7a44a982-5232-5e36-a866-d0ff7ec04575,알고 계신 정보와 다른 정보가 있나요?,,,,
7a44a982-5232-5e36-a866-d0ff7ec04575,사진으로 간단하게 제보해 주세요.,,,,
7a44a982-5232-5e36-a866-d0ff7ec04575,정보 수정 제안하기,,,,
7a44a982-5232-5e36-a866-d0ff7ec04575,관련 링크2,,,,
7a44a982-5232-5e36-a866-d0ff7ec04575,다이닝코드에서 보기,,,,
7a44a982-5232-5e36-a866-d0ff7ec04575,식신에서 보기,,,,
430716cb-3638-5b28-a2b3-54a714974ed9,이전 페이지,,,,
430716cb-3638-5b28-a2b3-54a714974ed9,홈스테드잠실야구장점,,,,
430716cb-3638-5b28-a2b3-54a714974ed9,페이지 닫기,,,,
430716cb-3638-5b28-a2b3-54a714974ed9,거리뷰,,,,
430716cb-3638-5b28-a2b3-54a714974ed9,홈스테드잠실야구장점카페,,,,
430716cb-3638-5b28-a2b3-54a714974ed9,방문자 리뷰 13블로그 리뷰 1,,,,
430716cb-3638-5b28-a2b3-54a714974ed9,출발,,,,
430716cb-3638-5b28-a2b3-54a714974ed9,도착,,,,
430716cb-3638-5b28-a2b3-54a714974ed9,저장,,,,
430716cb-3638-5b28-a2b3-54a714974ed9,거리뷰,,,,
430716cb-3638-5b28-a2b3-54a714974ed9,공유,,,,
430716cb-3638-5b28-a2b3-54a714974ed9,홈,,,,
430716cb-3638-5b28-a2b3-54a714974ed9,리뷰,사진,,,
430716cb-3638-5b28-a2b3-54a714974ed9,주소,사진,,,
430716cb-3638-5b28-a2b3-54a714974ed9,서울 송파구 올림픽로 25,사진,,,
430716cb-3638-5b28-a2b3-54a714974ed9,29종합운동장역 5번 출구에서 245m,사진,,,
430716cb-3638-5b28-a2b3-54a714974ed9,미터,사진,,,
430716cb-3638-5b28-a2b3-54a714974ed9,영업시간 정보 수정,사진,,,
430716cb-3638-5b28-a2b3-54a714974ed9,영업시간 수정 제안하기,사진,,,
430716cb-3638-5b28-a2b3-54a714974ed9,추가,사진,,,
430716cb-3638-5b28-a2b3-54a714974ed9,"사장님, 플레이스를",사진,,,
430716cb-3638-5b28-a2b3-54a714974ed9,무료로 직접 관리하세요!,사진,,,
430716cb-3638-5b28-a2b3-54a714974ed9,권한 받기,사진,,,
430716cb-3638-5b28-a2b3-54a714974ed9,클립,사진,,,
430716cb-3638-5b28-a2b3-54a714974ed9,클립 올리고,사진,,,
430716cb-3638-5b28-a2b3-54a714974ed9,네이버페이,사진,,,
430716cb-3638-5b28-a2b3-54a714974ed9,포인트 적립하기,사진,,,
430716cb-3638-5b28-a2b3-54a714974ed9,방문자 사진·영상,사진,,,
430716cb-3638-5b28-a2b3-54a714974ed9,방문자 리뷰13,사진,,,
430716cb-3638-5b28-a2b3-54a714974ed9,"""커피가 맛있어요""",사진,,,
430716cb-3638-5b28-a2b3-54a714974ed9,이 키워드를 선택한 인원,사진,,6,6
430716cb-3638-5b28-a2b3-54a714974ed9,"""친절해요""",,,,
430716cb-3638-5b28-a2b3-54a714974ed9,이 키워드를 선택한 인원,,,4,4
430716cb-3638-5b28-a2b3-54a714974ed9,"""매장이 청결해요""",,,,
430716cb-3638-5b28-a2b3-54a714974ed9,이 키워드를 선택한 인원,,,1,1
430716cb-3638-5b28-a2b3-54a714974ed9,"""뷰가 좋아요""",,,,
430716cb-3638-5b28-a2b3-54a714974ed9,이 키워드를 선택한 인원,,,1,1
430716cb-3638-5b28-a2b3-54a714974ed9,ivy****,,,,
430716cb-3638-5b28-a2b3-54a714974ed9,24.12.251번째 방문영수증,,,,
430716cb-3638-5b28-a2b3-54a714974ed9,홈플러스에서 장 보았어요,,,,
430716cb-3638-5b28-a2b3-54a714974ed9,커피가 맛있어요,,,,
430716cb-3638-5b28-a2b3-54a714974ed9,이미지 수,,,1,1
430716cb-3638-5b28-a2b3-54a714974ed9,321****,,,,
430716cb-3638-5b28-a2b3-54a714974ed9,24.11.21번째 방문영수증,,,,
430716cb-3638-5b28-a2b3-54a714974ed9,친절해요,,,,
430716cb-3638-5b28-a2b3-54a714974ed9,커피가 맛있어요,,,,
430716cb-3638-5b28-a2b3-54a714974ed9,mj****,,,,
430716cb-3638-5b28-a2b3-54a714974ed9,22.9.231번째 방문영수증,,,,
430716cb-3638-5b28-a2b3-54a714974ed9,굿,,,,
430716cb-3638-5b28-a2b3-54a714974ed9,커피가 맛있어요,,,,
430716cb-3638-5b28-a2b3-54a714974ed9,방문자 리뷰,,,,
430716cb-3638-5b28-a2b3-54a714974ed9,더보기,,,,
430716cb-3638-5b28-a2b3-54a714974ed9,블로그 리뷰1,,,,
430716cb-3638-5b28-a2b3-54a714974ed9,성실 정직 행복한 삶,,,,
430716cb-3638-5b28-a2b3-54a714974ed9,2025...I'm Christian,,,,
430716cb-3638-5b28-a2b3-54a714974ed9,키움vs두산 18:30 2021.05.12.수,,"3루 블루석 218블럭 2열 18,21번 자리 오늘은 잠실 울 혜성 볼넷 출루 오늘 선발 투수 한현희 7이닝 무실점!♡ 52박병호 오늘 안타는 없었지만 명품 수비있었다 ♡ 3점 승리 23번 김재환 이름 새긴 두산맨 울 아들 씁쓸한 미소^^",,
430716cb-3638-5b28-a2b3-54a714974ed9,21.5.12.수,,,,
430716cb-3638-5b28-a2b3-54a714974ed9,2021년 5월 12일 수요일,,,,
430716cb-3638-5b28-a2b3-54a714974ed9,이미지 수,,,7,7
430716cb-3638-5b28-a2b3-54a714974ed9,로딩중,,,,
430716cb-3638-5b28-a2b3-54a714974ed9,알고 계신 정보와 다른 정보가 있나요?,,,,
430716cb-3638-5b28-a2b3-54a714974ed9,사진으로 간단하게 제보해 주세요.,,,,
430716cb-3638-5b28-a2b3-54a714974ed9,정보 수정 제안하기,,,,
eb62b63d-25f8-574a-84a7-29c15e1ec54f,파나마 아우로마르 파이어스톤 게이샤,대표,,21000,"21,000원"
eb62b63d-25f8-574a-84a7-29c15e1ec54f,포스톤즈라떼,대표,은은한 단맛과 적당한 바디감이 조화로운 포스톤즈 시그니처 라떼,7000,"7,000원"
eb62b63d-25f8-574a-84a7-29c15e1ec54f,딸기라떼,,,8000,"8,000원"
eb62b63d-25f8-574a-84a7-29c15e1ec54f,에티오피아 베켈레 카차라 내추럴,,,6700,"6,700원"
eb62b63d-25f8-574a-84a7-29c15e1ec54f,에티오피아 예가체프 첼첼레 워시드,,,9000,"9,000원"
eb62b63d-25f8-574a-84a7-29c15e1ec54f,페어 로즈 티,,,7500,"7,500원"
eb62b63d-25f8-574a-84a7-29c15e1ec54f,페어 로즈 티 에이드,,,7500,"7,500원"
eb62b63d-25f8-574a-84a7-29c15e1ec54f,제주말차라떼,,,7500,"7,500원"
eb62b63d-25f8-574a-84a7-29c15e1ec54f,생맥주(아사히),,,10000,"10,000원"
eb62b63d-25f8-574a-84a7-29c15e1ec54f,팥빙수,,,18000,"18,000원"
eb62b63d-25f8-574a-84a7-29c15e1ec54f,포스톤즈 소프트 아이스크림 (우유),,,5300,"5,300원"
eb62b63d-25f8-574a-84a7-29c15e1ec54f,NO.67 메도우 허브차,,캐모마일 베이스의 향긋하고도 달콤한 풍미의 허브차 (무카페인),8000,"8,000원"
eb62b63d-25f8-574a-84a7-29c15e1ec54f,NO.45 페퍼민트 리브스 허브차,,깔끔한 청량감을 자랑하는 북태평양 최고급 페퍼민트티 (무카페인),8000,"8,000원"
eb62b63d-25f8-574a-84a7-29c15e1ec54f,NO.13 레드 넥타 허브차,,루이보스 베이스에 허니부쉬와 천연 과일향이 더해진 허브차 (무카페인),8000,"8,000원"
eb62b63d-25f8-574a-84a7-29c15e1ec54f,팬지 레몬에이드,,,7500,"7,500원"
