place_id,place_name,category,address,district,nearby_station,station_distance_m,phone,sns_url,business_description,weekday_hours,weekend_hours,parking,amenity_takeout,amenity_wifi,amenity_delivery,amenity_group,amenity_separate_restroom,visitor_review_count,blog_review_count,image_count,photo_categories,kw_bread_tasty,kw_coffee_tasty,kw_clean,kw_interior,kw_unique_menu,menu_tag_distribution,feature_tag_distribution,menu_count,price_min,price_max,price_avg,has_signature_menu,menu_names_concat,menu_desc_concat,visitor_review_corpus,dominant_visit_time,morning_ratio,lunch_ratio,evening_ratio,dominant_companion,solo_ratio,date_ratio,friend_ratio,dominant_purpose,avg_visit_nth,blog_review_corpus,blog_avg_image_count
1baf3b21-ff47-5b88-989d-ab78b847fe16,카페92도,디저트,광주 서구 풍금로 41 1층,서구,,,0507-1385-2978,,,,,,False,False,False,False,False,128,12,,"이전 페이지,카페92도,페이지 닫기,카페92도카페,디저트,알림받기,방문자 리뷰 128블로그 리뷰 12,출발,도착,저장,거리뷰,공유,홈,리뷰,사진",0,37,0,0,0,"{""아메리카노"": 1, ""와플"": 1, ""커피"": 1}","{""만족도"": 14, ""맛"": 8, ""서비스"": 3, ""분위기"": 1}",194,1,4,2.5,False,"이전 페이지 카페92도 페이지 닫기 카페92도카페,디저트 알림받기 방문자 리뷰 128블로그 리뷰 12 출발 도착 저장 거리뷰 공유 홈 리뷰 주소 광주 서구 풍금로 41 1층 영업시간 영업 중 22:00에 영업 종료 22시 0분에 영업 종료 펼쳐보기 전화번호 0507-1385-2978 안내 복사 방문자 사진·영상 방문자 사진·영상 더보기 이 장소와 비슷한 카페 플레이스 플러스 비하이브 겨울 딸기 페스티벌 카페,디저트서구 치평로 오늘 휴무 리뷰 473 이 장소에서 3.1km 광고 저스트라이크유 스페셜티커피,보드게임,애견동반 카페,디저트남구 금당로 영업 중 리뷰 171 이 장소에서 2.9km 광고 FARVE HOUSE 카페,디저트서구 풍암동 오늘 휴무 리뷰 43 이 장소에서 520m 바리스타래빗 카페,디저트서구 금호동 영업 중 리뷰 102 이 장소에서 370m 우리동네 카페,디저트서구 금호동 영업 중 리뷰 16 이 장소에서 210m 룩스커피 카페,디저트서구 풍암동 영업 중 리뷰 352 이 장소에서 530m 플레이스 플러스 라제스 커피로스터스 카페,디저트서구 풍암동 영업 중 리뷰 572 이 장소에서 350m 오버릿 카페,디저트서구 풍암동 영업 중 리뷰 225 이 장소에서 600m 소담도담 카페,디저트서구 풍암동 영업 중 리뷰 56 이 장소에서 250m 카페휘 카페서구 금호동 영업 중 리뷰 22 이 장소에서 190m 풍암동커피집 카페,디저트서구 풍암동 영업 중 리뷰 34 이 장소에서 420m 레파스베이커스 풍암점 베이커리서구 풍암동 영업 중 리뷰 141 이 장소에서 620m 커피 프라그란스 테이크아웃커피서구 풍암동 영업 중 리뷰 145 이 장소에서 170m 카페 세일링 카페,디저트서구 풍암동 영업 중 리뷰 469 이 장소에서 510m 이전 현재 전체 다음 함께 가볼만한 맛집 플레이스 플러스 할매솥뚜껑삼겹살 풍암점 흑돼지 1인분 8,900원 육류,고기요리광주광역시 서구 풍암2로57번길 7 1층 영업 중 리뷰 981 이 장소에서 1.8km 광고 오블로 상무지구 핫플 브런치 파스타 양식광주광역시 서구 상무대로695번길 14 1층 영업 중 리뷰 5,382 이 장소에서 3.1km 광고 명품가마솥소머리국밥 국밥서구 풍암동 영업 중 리뷰 282 이 장소에서 190m 우성오리탕 오리요리서구 풍암동 영업 중 리뷰 764 이 장소에서 170m 까트르쎄종 양식서구 풍암동 영업 중 리뷰 148 이 장소에서 620m 미식가든 한식서구 풍암동 영업 중 리뷰 455 이 장소에서 2.1km 황하호연 본점 양꼬치서구 풍암동 영업 중 리뷰 756 이 장소에서 430m 편편집 광주풍암점 샤브샤브서구 풍암동 영업 중 리뷰 1,692 이 장소에서 40m 빛가람국밥본점 국밥서구 금호동 24시간 영업 리뷰 2,018 이 장소에서 420m 브런치투나잇 브런치서구 금호동 영업 중 리뷰 717 이 장소에서 1.1km 쭈사장 광주금호본점 주꾸미요리서구 금호동 영업 중 리뷰 3,084 이 장소에서 1.3km 모토이시 금호점 육류,고기요리서구 금호동 영업 중 리뷰 3,846 이 장소에서 1.2km 숙이네집 육류,고기요리서구 풍암동 영업 중 리뷰 1,151 이 장소에서 310m 천지유삼계탕 백숙,삼계탕서구 금호동 영업 중 리뷰 1,081 이 장소에서 260m 이전 현재 전체 다음 알고 계신 정보와 다른 정보가 있나요? 사진으로 간단하게 제보해 주세요. 정보 수정 제안하기 관련 링크2 다이닝코드에서 보기 식신에서 보기",,"따뜻하게 차 마시기 좋아요 음료가 맛있어요
---
달달하게 맛있네요미 디저트가 맛있어요
---
굿
---
^^ 음료가 맛있어요
---
편안하게 대화나눌수있어서 좋네요. 물론 사장님도 매우 친절하시네요.
---
커피맛있어요
---
조용해서 상대방과 대화하기 좋았어요 대화하기 좋아요
---
편안한 장소 정감있는장소~!! 가성비가 좋아요",점심,0.1,0.6,0.3,지인·동료,0.0,0.0,0.0,일상,1,"광주맛집 광주 서구 카페안 분위기가 좋은 도심속 커피숖 카페 92도 맛있는 커피를 먹을수 있는곳입니다. 지인들과 함께 커피숖에 입장합니다. 안에 인테리어가 깔끔하죠? 다양한 메뉴가 구성되어 있는 커피숖입니다. 날씨가 쌀쌀해서 뜨거운커피를 먹어봅니다. 카페라떼와 바닐라라떼를 먹었습니다. #광주맛집 #광주 #맛집 #카페92 #카페 #92 #커피 #카페라떼 #라떼 #바닐라라테 #아이스커피 #핫커피
---
요즘같은 더위에서는 시원한 아이스커피를 안먹을수가 없습니다. 광주 서구 풍금로에서 식사를 하고 나서 카페92도에서 커피한잔 합니다. 공간도 넒고 시원한 곳에서 커피한잔 할려고 합니다. 카페안에 들어서면 넓고 아늑한 공간이 펼쳐집니다. 시원한 아이스커피와 블루베리를 시켰습니다. 얼음둥둥 시원하게 들이키는 커피한잔 나쁘지 않죠? 내부를 보시면 인테리어가 잘되어 있습니다. 무더운 더위 시원하게 커피한잔 하세요 #광주맛집 #광주 #맛집 #커피 #아이스커피 #한잔 #커피한잔 #광주서구커피 #서구커피 #풍암커피 #시원한커피
---
광주광역시 청소업체 청소연구소입니다. 오늘은 풍암동에 위치한 92도씨 카페 간판청소 및 어닝청소 후기입니다. 17년 12월부터 청소하고 싶으셔서 견적을 받아 놓으셨다가 18년 10월에 청소를 했답니다. 간판 글씨 내부에 오염이 심해 글씨 분해까지 맡겨주셨어요. 서비스 내용 - 간판 글씨 분해 청소 - 간판 글씨 외부 청소 - 어닝 천막 청소 간판 및 어닝 청소 같은 외부 청소는 야외에서 작업하는데 물(수도) 공급과 전기 공급이 항상 필수 됩니다. 그래서 사전에 미리 방문해서 준비하도록 하고 있습니다. 그리고 지금처럼 추운 겨울에는 물이 얼어서 청소가 안되는 경우가 빈번하며 되도록 해가 중천에 떠있는 낮 11시~3시에만 가능합니다. 간판 글씨 분해청소 (별도) 간판청소 서비스는 간판 글씨의 외부청소 및 판넬청소, 거미줄 제거까지만 해당되며 글씨 분해청소는 간판청소비용 외 별도입니다. https://blog.naver.com/cleanier/221048748904 어닝 천막 청소 고압세척기를 이용하여 세제도포 - 세척 - 세제도포 - 세척을 반복하여 청소합니다. 청소 시 90%까지 복원 가능합니다. 하지만 70%까지 밖에 복원이 안되는 경우도 있으세요. 일정 조율 후 방문해서 청소 유무 말씀드리고 있습니다.",9.3
42c232c4-55b2-524c-a4c6-1bd4b5063d88,,,,,,,,,,,,,False,False,False,False,False,,,,,0,0,0,0,0,{},{},0,,,,False,,,,,,,,,,,,,,,
83dcd400-8111-52ba-bba3-9156ef50742c,,,,,,,,,,,,,False,False,False,False,False,,,,,0,0,0,0,0,{},{},0,,,,False,,,,,,,,,,,,,,,
9ad5a013-a243-5d6a-aa5d-d71aabb196b5,,,,,,,,,,,,,False,False,False,False,False,,,,,0,0,0,0,0,{},{},0,,,,False,,,,,,,,,,,,,,,
e8fd90db-b06b-552e-b105-a7703d6dcf3e,,,,,,,,,,,,,False,False,False,False,False,,,,,0,0,0,0,0,{},{},0,,,,False,,,,,,,,,,,,,,,
ecc70e59-df7d-559f-9395-9bbd61c9ff9e,갤러리카페모짜르트,카페,서울 종로구 대학로8가길 119 2층,종로구,4혜화역 2번 출구,168,,https://www.instagram.com/gallerycafe_mozart,"클래식한 문양을 가미한 장식장과 의자 등을 배치해 고풍스러운 분위기로 꾸민 갤러리 카페입니다. 실내 벽면에는 바이올린 등의 악기가 걸려 있고 이국적인 분위기가 물씬 풍기는 식기와 향초, 차, 장식품 등으로 채워 놓아 다양한 볼거리가 있는 곳으로, 에스프레소 베이스의 커피류와 음료, 허브차와 디저트 메뉴를 갖추고 있습니다. 조용해서 공부나 간단한 작업을 하기에도 좋은 공간입니다. :)",,,,False,True,False,True,True,192,82,999,"내부,음식·음료,크로플,동영상,동영상,동영상,동영상",0,60,0,61,0,"{""커피"": 10, ""라떼"": 3, ""마카롱"": 2, ""크로플"": 2, ""맥주"": 1, ""모과차"": 1, ""바닐라라떼"": 1, ""초코라떼"": 1, ""케이크"": 1}","{""만족도"": 38, ""맛"": 22, ""분위기"": 20, ""서비스"": 4, ""메뉴"": 2}",25,4500,8000,5833.3,True,"아메리카노 Iced 5,500 카페라떼 Iced 6,500 바닐라/헤이즐넛/캬라멜 가능 아포가토 티 모과/대추/생강/유자/레몬 허브티 크로플 바닐라 아이스크림+메이플/초코렛/카라멜(시럽선택1) 타르트따땅 바닐라 아이스크림을 곁들인 따뜻한 애플파이 파리지엥 핫도그 Special) 후추 커피 Hot only 에스프레소 샷에 후추향을 첨가한 커피 Special) 시나몬 커피 Hot only 에스프레소 샷에 시나몬향을 첨가한 커피 Special) 스카치 커피 에스프레소 카푸치노 Iced 6,000 카페 모카 Iced 6,000 캬라멜 마끼아또 Iced 6,000","Iced 6,000 라벤더/로즈마리/페퍼민트/루이보스/쟈스민/캐모마일/얼그레이/다즐링 바삭한 바게트에 홀그레인 머스타드와 소세지 모짜렐라치즈를 넣어만든 담백한 파리식핫도그 Hot only 에스프레소 샷에 스카치 위스키 소량을 첨가한 커피","대학로 마로니에공원 클래식 분위기 갤러리 카페 모짜르트~ 연극시간이 남아 커피 한잔 하며 편안한 시간 보내고 갑니다^^
---
조용하고 좋으네요 가성비가 좋아요+2
---
조용하고 클래식한 카페 아늑해요+1
---
커피가 맛있고 까페 내부 인테리어가 멋있어요!
---
인테리어도 엔틱하고 조용한카페에요!
---
유럽스타일의 가구가 고풍스럽고 예뻐요~ 모짜르트 클래식음악을 들으며 담소나누기 좋아요^^ 대화하기 좋아요+1
---
연극 볼려고 혜화 왔다가 음악 카페를 발견했어요 모자르트 카페에요 바닐라크로와플과 아이스 바닐라라떼를 시켰는데 맛있었어요♡♡♡♡
---
한번쯤은 가볼만한곳 모과차가 맛났어요.
---
맥주음료 괜찮았어요 사장님이 친절하세요
---
굿",점심,0.0,0.7,0.3,친구,0.3,0.1,0.4,일상,1,"모짜르트(MOZART) - 대학로 갤러리 카페 지난주에 시누이랑 대학로에서 만났던 날 카페에서 와플이랑 스무디를 먹고 나왔는데 대학로를 좀 돌아다니다보니 바람이 불어서 날씨도 춥고 따스한 커피한잔이 생각나서 시누이랑 같이 그냥 무조건 들어가게 되었던 카페에요 1층에도 카페가 있었는데 사람들이 너무 많아서 넘 복잡해보이기도 하고 2층에 보이는 갤러리카페가 조용해보이길래 들어가게 되었던 대학로 갤러리카페 '모짜르트'에요!~~ ^^ 1층에도 카페가 있었는데 왠지 조용해보이던 2층 카페 '모짜르트'가 눈길을 끌었던~~ 들어가는 입구에요 계단으로 올라가서 2층에 있답니다 2층 계단으로 올라가니 갤러리카페답게 꽃이랑 조각품들이 반겨주었어요 생각보다 굉장히 넓고 엔틱했던 실내모습 각종 티도 있고 정말 엔틱한 가구들도 많았어요 여기 사장님이 여행을 많이 다니신 듯~~ 세계 각국의 소품들도 가득하더라구요 갤러리카페답게 도자기 작품도 전시중이었구요 완전 오픈되어 있는 키친 겸 카운터에요 젊은 훈남 사장님이랑 친절하신 언니가 계시더라눈~~ 안쪽으로 이렇게 별도의 룸도 있었어요 햇살이 환하게 들어오는 룸이 따스해보였어요 커다란 그랜드 피아노도 한대 놓여져 있었답니다 아프리카나 남미에서 가져온 듯한 소품들이 가득가득!!~~ 카페이름이 '모짜르트'라더니 '모짜르트' 흉상도 있구요 악기들도 액자로 만들어져서 독특하게 인테리어를 해놓으셨더라구요 의자도 엔틱스럽고 곳곳이 갤러리카페 같죠? 녹색의 메뉴판 카페라떼 - 5,000원 카푸치노 - 5,000원 저희는 이미 와플이랑 스무디를 잔뜩 먹구와서 커피만 주문을 했어요 시누이가 주문한 카페라떼에요 카페라떼는 라떼아트도 그냥 그렇고 맛은 괜챦다고 하더라구요 그래도 살짝 기대를 했었는데 카페라떼 약간 실망,,,, 카푸치노 그래도 제가 주문한 카푸치노는 제대로 나오네요 거품이 아주 많지는 않았지만 부드러운 거품에 시나몬 가루도 솔솔 뿌려져서 나와요 요즘 카페가면 늘 빵이나 케잌을 먹었더니 커피만 시키니 왠지 사진도 허전해 보이네요 그래두 은근 바람불고 날씨가 쌀쌀해서 부드러운 거품이 가득한 카푸치노 한잔이 넘 좋더라구요 클래식 음악과 함께 분위기에 취해서 따스한 커피도 어느새 한잔 다 마시고~~~ 그렇게 다시 도란도란 얘기를 나누고 나왔답니다 나오면서 보니 사람들이 가득 모여 있어요 역시나 젊음의 거리 대학로네요 길거리 악사(?).. 암튼 잼나는 길거리 가수분들이 연주에 잼나는 얘기로 사람들이 가득 모여있어서...
---
대학로에 1993년부터 모짜르트란 이름으로 클래식음악이 흐르는 카페가 있네요~ 카페 겸 모임대관도 한다고 합니다. 대학로 오시면 편안하게 쉬실 수 있는 공간으로 추천드립니다. Piano Concertos No. 20 and 21 'Elvira Madigan' by Wolfgang Amadeus Mozart http://naver.me/IDYi7Oa8 하루종일 모짜르트만 들어도 좋습니다.
---
☕️ 갤러리카페모짜르트(카페) 영업시간 :13:00~19:00 토, 일요일 :13:00~21:00 매주 월요일 정기휴무 혜화역 2번 출구에서 168m ☎ 02-744-3587 영하로 떨어졌던 수요일 예약한 연극을 보러 대학로에 나왔습니다. 칼바람이 부는 대학로.. 그래도 햇살이 좋아 다행입니다. 추위에 커피 한잔할 곳을 찾아봅니다. 멀리 벽에 그림이 눈에 들어와 들어가 보니 입구 계단부터 멋스럽습니다. 실내는 클래식 음악이 흐르고 클래식한 문양의 장식품과 피아노가 놓여 있어요. 실제 피아노 연주도 가능하다고 합니다. 단체 모임이나 대관 장소로도 이용되는 듯했어요 다양한 커피와 차 가격은 4,500원~8,000원 정도 스페셜 커피 후추, 시나몬, 스카치 커피(각 6,000원) 조각 케이크 등에 디저트도 있었어요 무대 세트장 같은 느낌도 들었던.. 벽에 그림들이 조금은 촌스럽기도 하고 그래서 더 클래식한 느낌이 들었던 곳 따뜻한 커피를 주문하니 바로 갈아 내려 주십니다. 조용하고 편안한 클래식 카페에서 맛있는 커피 한잔 마시고 연극 보러 갑니다. #갤러리카페모짜르트 #카페모짜르트 #대학로카페 #혜화역카페 #대학로분위기좋은카페 #클래식카페 #대학로마로니에공원카페",18
5f74c4d4-b164-5180-94cd-8f4e323b84b6,,,,,,,,,,,,,False,False,False,False,False,,,,,0,0,0,0,0,{},{},0,,,,False,,,,,,,,,,,,,,,
e0b28876-9907-59b4-85a9-ca5ed8be341c,글라세라떼,디저트,서울 종로구 새문안로 42 피어선빌딩 별관 105호,종로구,5서대문역 5번 출구,419,,,,,,,False,False,False,False,False,917,5,,"이전 페이지,글라세라떼,페이지 닫기,이미지 갯수,+51,글라세라떼카페,디저트,알림받기,방문자 리뷰 917블로그 리뷰 5,출발,도착,저장,거리뷰,공유,홈,리뷰,사진,정보",0,0,0,0,0,{},"{""만족도"": 74, ""맛"": 69, ""가격"": 12, ""서비스"": 12, ""음식량"": 4, ""위치"": 2, ""메뉴"": 2, ""청결도"": 1, ""분위기"": 1}",88,6,239,86,False,"이전 페이지 글라세라떼 페이지 닫기 이미지 갯수 +51 글라세라떼카페,디저트 알림받기 방문자 리뷰 917블로그 리뷰 5 출발 도착 저장 거리뷰 공유 홈 리뷰 정보 주소 서울 종로구 새문안로 42 피어선빌딩 별관 105호 5서대문역 5번 출구에서 419m 미터 영업시간 영업 종료 07:00에 영업 시작 7시 0분에 영업 시작 펼쳐보기 전화번호 02-3210-2485복사 정보 더보기 방문자 사진·영상 방문자 사진·영상 더보기 방문자 리뷰917 ""커피가 맛있어요"" 이 키워드를 선택한 인원 ""가성비가 좋아요"" 이 키워드를 선택한 인원 ""음료가 맛있어요"" 이 키워드를 선택한 인원 ""친절해요"" 이 키워드를 선택한 인원 ""특별한 메뉴가 있어요"" 이 키워드를 선택한 인원 Y1809 25.10.221번째 방문결제내역 오~~진심 커피 완전 맛있어요 커피가 맛있어요+4 개의 리뷰가 더 있습니다 펼쳐보기 hop**** 25.6.202번째 방문결제내역 커피가 맛있어요+2 개의 리뷰가 더 있습니다 펼쳐보기 맘모수빵 25.2.141번째 방문결제내역 패쓰오더 언제부터 사용할 수 있나요? 커피가 맛있어요+1 개의 리뷰가 더 있습니다 펼쳐보기 방문자 리뷰 더보기 블로그 리뷰5 HungryAlice HungryAlice's Merry Go Round 22.10.3.월 2022년 10월 3일 월요일 이미지 수 워커인서울 WALKER & WORKER in seoul 23.3.19.일 2023년 3월 19일 일요일 이미지 수 등자 천리길도 한걸음부터 광화문 생과일주스맛집 자두주스 있는 글라세라떼 21.11.24.수 2021년 11월 24일 수요일 이미지 수 블로그 리뷰 더보기 로딩중 알고 계신 정보와 다른 정보가 있나요? 사진으로 간단하게 제보해 주세요. 정보 수정 제안하기 관련 링크2 식신에서 보기 다이닝코드에서 보기","회사 앞 점심 후 자주 찾는 개인 카페! 아이스 아메리카노는 깔끔한 맛으로 피로 풀기에 딱, 가격도 3,000원 안팎으로 가성비 좋음. 수제 레몬에이드는 상큼하고 달달해서 디저트 대용으로 최고! 인테리어는 아늑한 나무 톤에 조명 따뜻, 직원들 친절해서 기분 좋게 커피 마심. 테이크아웃 빠르고,회사 근처라 자주 가는 단골 맛집 카페! 강추 커피만 마시다 보면 다른것도 마시고 싶고 그렇차나요? 그래서 가봤어요! #글라세라떼 입니다. 글라세라떼 외관 이때쯤 사무실에 임신하신 댈님이 계셔서 커피말고 딴거 마셔야 겠다고 생각했는데 여기 생과일 주스 판다고 해서 와 봤는데 메뉴 종류가 많아요! 글라세라떼 입간판 #티어클락 이라고 아마드 티랑 매장에서 제조한 과일청에 과일농축액 세가지 종류를 블렌딩 해서 블랜딩 티를 팔고 있더라구요! 글라세라떼 티어클락 메뉴 급!!! 이걸로!! 뭐 먹을까 하다가! #로마의휴일 로 ㅋㅋ 생과일 먹겠다고 같이 가신 분도 급! #비포선셋 으로! 메뉴는 다시 쭉~ 찍어 보았네요 글라세라떼 메뉴 큰컵에 주시고 음 일단 따듯한 물에 아마드티 우려 내시고 진열장에 있는 과일청병 하나 꺼내서 다 넣으시고 과일 농축액 넣는 건 못봤지만 넣으셧겠죠! 글라세라떼 과일청 맛있어요! 가격이 ㅋㅋ 조금 나가서 그렇지 커피 안드시는 분들께 강추 하고 싶어요! 너무 맛있게 잘 마셧네요 글라세라떼 로마의휴일, 비포썬셋 그래서 두번째도 사먹어 보았죠! 두번째는 #뉴욕택시 마셨는데 요것도 너무 맛있고 제 취향이었네요 글라세라떼 뉴욕택시 양도 많고! 진짜 아마드티 하나 넣어주고 청들도 딱 맛있고 ! 외관이 ㅋㅋ 슬쩍 ㅋㅋㅋ 별로지만 ㅎㅎㅎ 티어클락! 맛있어요! 특별한 마실꺼 찾으시는 분들 께 추천이에요! 아! 커피는 기본 맛입니다. 근데! 테이블 없고 다 테이크 아웃 입니다! #내돈내산 #생과일쥬스 #광화문커피숍 #광화문과일쥬스 #광화문tea 이번에 소개할 맛집 Keyword! 카페 이름 : 글라세라떼 카페 주소 : 서울 종로구 새문안로 46 1층 달달하고 양 많은 음료 원할 때 빠르고 간단하게 음료 테이크아웃하고 싶을 때 글라세라떼 별점은요, ★★★★★(5/5) 머근거 티어클락 5,000원 x 3개 ♀️ 장점 일반적인 음료 뿐만 아니라, 독특한 블렌딩티가 있음 친절함 ♀️ 단점 테이크아웃 전문이라 앉아서 먹을 곳은 없음 기타 제로페이 O 위치 글라세라떼 설명 들어갑니다- 글라세라떼는 서대문역과 광화문역 사이에 있당 어느날 회의가 많았고, 그 회의실은 무척 더웠고, 회의가 끝나고 달달구리한 음료를 뭘 먹을까 생각하다가, 수제 과일청으로 만들어서 몸에도 해롭지 않을 것 같은... 그런 곳을 찾아갔다 :) 테이크아웃 전문점이고, 근처 직장인들에게 힘이 되어주는 친절하고 맛있는 카페로 유명하다 주문은 키오스크로 하면 되고, 제로페이/서울페이 쓸 사람들은 사장님께 말씀드려 따로 결제하면 된당! 이 카페는 일반적인 음료도 많음 아이스아메리카노가 1,800원! 그런데, 이곳의 트레이드마크는 바로 티어클락! 아마드 티백 + 수제 과일청 + 과일농축액 총 3가지를 블랜딩한 음료이고, 총 9가지 종류가 있다. 이름도 참 매력적인데, 모스크바 붉은 광장, 뉴욕 택시, 땡큐베리마치, 런던의 아침, 로마의 휴일, 미드나잇 인 파리, 미스사이공, 비포선셋, 서울의 달 모두 과일청의 종류나 색깔로 표현해놓은 이름이라 참 독특! 카페에는 이렇게 수제청, 과일, 농축액 등이 진열되어 있고, 이렇게 직접 보여주시니 더욱 믿음이 가는 카페❣️ 내가 참 애용하는 제로페이와 서울페이~ 회사 주위 종로구나 중구 상품권을 사서 열심히 쓰고 있당 ㅎ_ㅎ 오늘 주문한 티, 왼쪽부터 순서대로 2, 8, 9번. 2번 뉴욕택시는 캐모마일 레몬그라스 + 애플망고 + 레몬청, 8번 비포선셋은 믹스드 시트러스 + 레몬 + 유자청, 9번 서울의달은 얼그레이 + 레몬 + 생강청이다 세가지 모두 흠잡을 곳 없었고, 양도 많아서 여름에 달달할 음료 땡길 때, 스르테스 받아서 달달한 음료 땡길 떼, 하나씩 사들고 쭈욱 빨아먹는 것 추천!♀️ 오늘의 직장인 음료 끗!!! 글라세라떼 서울 종로구 새문안로 46 신문로교회 1층 #정동사거리카페 정동사거리 근처에 위치한 #광화문카페 #글라세라떼 사실 옆에 스타벅스도 있는지라 그냥 지나치기만 해왔었는데 과일주스가 너무 먹고싶어서 들어가보게 되었다 1평 구조의 카페라 저렴할거라는 기대감도 있었음 과일들이 밖에도 있고 컵에 과일 들어가있는게 가득가득 들어가있다 보통 다른 카페에서는 저정도 과일 들어가있으면 기본 6~7천원이지 과일주스 뿐 아니라 특별한 음료들도 있고 투데이 음료 해서 할인판매도 한다 할인하는 것중에 매일매일 골라마시는 것도 좋을 거 같다 매일매일 비타민 충전 제로페이도 가능하고 저렇게 과일이 박스째 있고 컵에도 가득하다 바로바로 생과일 갈아주심 칠성 젤리 에디션 뭔가 귀여워서 찍어봄 키오스크 결제다 모닝토마토도 팔아서 아침 출근길에 들리기도 좋은 #광화문아침 카페 몸이 아팠던 요즘 먹고싶은게 있으면 먹어줘야할 거 같다 임산부도 아닌데 살구쥬스가 땡김 ㅋㅋㅋ 집근처에는 없어서 찾아헤맸는데 글라세라떼에 팔아서 좋으다 ㅎㅎ #광화문생과일주스","오~~진심 커피 완전 맛있어요
---
회사 앞 점심 후 자주 찾는 개인 카페! 아이스 아메리카노는 깔끔한 맛으로 피로 풀기에 딱, 가격도 3,000원 안팎으로 가성비 좋음. 수제 레몬에이드는 상큼하고 달달해서 디저트 대용으로 최고! 인테리어는 아늑한 나무 톤에 조명 따뜻, 직원들 친절해서 기분 좋게 커피 마심. 테이크아웃 빠르고,회사 근처라 자주 가는 단골 맛집 카페! 강추
---
패쓰오더 언제부터 사용할 수 있나요?
---
굿!
---
원두가맛있어요 친절해요+4
---
오렌지자몽라떼를 좋아해서 종종 마시는데 오랜만에 방문했습니다 주인이 바뀌신건가요? 그전에 계시던 남자분들은 없고 여자분 두분이 만들어주시더라고요. 근데 문제는 맛이.. 오렌지자몽라떼인데 오렌지 껍데기만 잔뜩 들어있고 (뭉텅이로) 오렌지랑 자몽청이 많이 들어있어야 맛있는건데 너무 아끼시네요.. 커피에 오렌지 껍데기 갈아 넣은 맛이에요.. 그전 맛이 아니라 너무 실망스러워요
---
가격 저렴하고 라떼 맛있어요
---
굿 가성비가 좋아요
---
테라스가 있어 좋았어요
---
싸고 원두맛있고 좋아요",점심,0.2,0.8,0.0,지인·동료,0.429,0.143,0.0,일상,6,"[광화문 커피숍] 과일청들이 본격적인 곳! - 글라세라떼 커피만 마시다 보면 다른것도 마시고 싶고 그렇차나요? 그래서 가봤어요! #글라세라떼 입니다. 글라세라떼 외관 이때쯤 사무실에 임신하신 댈님이 계셔서 커피말고 딴거 마셔야 겠다고 생각했는데 여기 생과일 주스 판다고 해서 와 봤는데 메뉴 종류가 많아요! 글라세라떼 입간판 #티어클락 이라고 아마드 티랑 매장에서 제조한 과일청에 과일농축액 세가지 종류를 블렌딩 해서 블랜딩 티를 팔고 있더라구요! 글라세라떼 티어클락 메뉴 급!!! 이걸로!! 뭐 먹을까 하다가! #로마의휴일 로 ㅋㅋ 생과일 먹겠다고 같이 가신 분도 급! #비포선셋 으로! 메뉴는 다시 쭉~ 찍어 보았네요 글라세라떼 메뉴 큰컵에 주시고 음 일단 따듯한 물에 아마드티 우려 내시고 진열장에 있는 과일청병 하나 꺼내서 다 넣으시고 과일 농축액 넣는 건 못봤지만 넣으셧겠죠! 글라세라떼 과일청 맛있어요! 가격이 ㅋㅋ 조금 나가서 그렇지 커피 안드시는 분들께 강추 하고 싶어요! 너무 맛있게 잘 마셧네요 글라세라떼 로마의휴일, 비포썬셋 그래서 두번째도 사먹어 보았죠! 두번째는 #뉴욕택시 마셨는데 요것도 너무 맛있고 제 취향이었네요 글라세라떼 뉴욕택시 양도 많고! 진짜 아마드티 하나 넣어주고 청들도 딱 맛있고 ! 외관이 ㅋㅋ 슬쩍 ㅋㅋㅋ 별로지만 ㅎㅎㅎ 티어클락! 맛있어요! 특별한 마실꺼 찾으시는 분들 께 추천이에요! 아! 커피는 기본 맛입니다. 근데! 테이블 없고 다 테이크 아웃 입니다! #내돈내산 #생과일쥬스 #광화문커피숍 #광화문과일쥬스 #광화문tea
---
이번에 소개할 맛집 Keyword! 카페 이름 : 글라세라떼 카페 주소 : 서울 종로구 새문안로 46 1층 달달하고 양 많은 음료 원할 때 빠르고 간단하게 음료 테이크아웃하고 싶을 때 글라세라떼 별점은요, ★★★★★(5/5) 머근거 티어클락 5,000원 x 3개 ♀️ 장점 일반적인 음료 뿐만 아니라, 독특한 블렌딩티가 있음 친절함 ♀️ 단점 테이크아웃 전문이라 앉아서 먹을 곳은 없음 기타 제로페이 O 위치 글라세라떼 설명 들어갑니다- 글라세라떼는 서대문역과 광화문역 사이에 있당 어느날 회의가 많았고, 그 회의실은 무척 더웠고, 회의가 끝나고 달달구리한 음료를 뭘 먹을까 생각하다가, 수제 과일청으로 만들어서 몸에도 해롭지 않을 것 같은... 그런 곳을 찾아갔다 :) 테이크아웃 전문점이고, 근처 직장인들에게 힘이 되어주는 친절하고 맛있는 카페로 유명하다 주문은 키오스크로 하면 되고, 제로페이/서울페이 쓸 사람들은 사장님께 말씀드려 따로 결제하면 된당! 이 카페는 일반적인 음료도 많음 아이스아메리카노가 1,800원! 그런데, 이곳의 트레이드마크는 바로 티어클락! 아마드 티백 + 수제 과일청 + 과일농축액 총 3가지를 블랜딩한 음료이고, 총 9가지 종류가 있다. 이름도 참 매력적인데, 모스크바 붉은 광장, 뉴욕 택시, 땡큐베리마치, 런던의 아침, 로마의 휴일, 미드나잇 인 파리, 미스사이공, 비포선셋, 서울의 달 모두 과일청의 종류나 색깔로 표현해놓은 이름이라 참 독특! 카페에는 이렇게 수제청, 과일, 농축액 등이 진열되어 있고, 이렇게 직접 보여주시니 더욱 믿음이 가는 카페❣️ 내가 참 애용하는 제로페이와 서울페이~ 회사 주위 종로구나 중구 상품권을 사서 열심히 쓰고 있당 ㅎ_ㅎ 오늘 주문한 티, 왼쪽부터 순서대로 2, 8, 9번. 2번 뉴욕택시는 캐모마일 레몬그라스 + 애플망고 + 레몬청, 8번 비포선셋은 믹스드 시트러스 + 레몬 + 유자청, 9번 서울의달은 얼그레이 + 레몬 + 생강청이다 세가지 모두 흠잡을 곳 없었고, 양도 많아서 여름에 달달할 음료 땡길 때, 스르테스 받아서 달달한 음료 땡길 떼, 하나씩 사들고 쭈욱 빨아먹는 것 추천!♀️ 오늘의 직장인 음료 끗!!!
---
글라세라떼 서울 종로구 새문안로 46 신문로교회 1층 #정동사거리카페 정동사거리 근처에 위치한 #광화문카페 #글라세라떼 사실 옆에 스타벅스도 있는지라 그냥 지나치기만 해왔었는데 과일주스가 너무 먹고싶어서 들어가보게 되었다 1평 구조의 카페라 저렴할거라는 기대감도 있었음 과일들이 밖에도 있고 컵에 과일 들어가있는게 가득가득 들어가있다 보통 다른 카페에서는 저정도 과일 들어가있으면 기본 6~7천원이지 과일주스 뿐 아니라 특별한 음료들도 있고 투데이 음료 해서 할인판매도 한다 할인하는 것중에 매일매일 골라마시는 것도 좋을 거 같다 매일매일 비타민 충전 제로페이도 가능하고 저렇게 과일이 박스째 있고 컵에도 가득하다 바로바로 생과일 갈아주심 칠성 젤리 에디션 뭔가 귀여워서 찍어봄 키오스크 결제다 모닝토마토도 팔아서 아침 출근길에 들리기도 좋은 #광화문아침 카페 몸이 아팠던 요즘 먹고싶은게 있으면 먹어줘야할 거 같다 임산부도 아닌데 살구쥬스가 땡김 ㅋㅋㅋ 집근처에는 없어서 찾아헤맸는데 글라세라떼에 팔아서 좋으다 ㅎㅎ #광화문생과일주스",9
ce15422b-a538-5da3-958e-e837a0d50e54,금농,,경기 광명시 가학동 23,광명시,,,,,,,,,False,False,False,False,False,,,,"이전 페이지,금농,페이지 닫기,거리뷰,금농육류가공,제조,알림받기,출발,도착,저장,거리뷰,공유,홈,리뷰,사진,조건에 맞는 사진이 없습니다.",0,0,0,0,0,{},{},33,,,,False,"이전 페이지 금농 페이지 닫기 거리뷰 금농육류가공,제조 알림받기 출발 도착 저장 거리뷰 공유 홈 리뷰 주소 경기 광명시 가학동 23 영업시간 영업 중 18:00에 영업 종료 18시 0분에 영업 종료 펼쳐보기 전화번호 전화번호 보기 안내 방문자 리뷰 방문 키워드 통계 그래프 예시입니다. 현재 0명 참여 10명 이상 참여하면 방문 키워드 통계가 공개됩니다! 아직 등록된 리뷰가 없습니다. 첫 리뷰를 작성해보세요! 알고 계신 정보와 다른 정보가 있나요? 사진으로 간단하게 제보해 주세요. 정보 수정 제안하기",,,,,,,,,,,,,,
a356d507-9948-5403-a44a-badc1b77e265,Cafe Samiru,카페,서울 종로구 평창32길 30 김종영미술관내에 있습니다.,종로구,,,,https://www.instagram.com/cafe_samiru/,"카페 사미루는 평창동의 김종영 미술관 내에 위치한 카페입니다. 큰 창을 통해 들어오는 북한산과 그 주변의 소소한 풍경을 감상할 수 있고, 조용하고 아늑한 분위기에서 좋은 재료로 만든 음료와 간단한 사이드 메뉴를 즐기실 수 있습니다.",,,주차 불가,True,True,False,False,True,175,133,999,"내부,음식·음료,동영상,동영상",0,68,0,26,0,"{""커피"": 26, ""라떼"": 4, ""와플"": 4, ""아메리카노"": 2, ""아이스크림"": 2, ""아이스크림와플"": 2, ""에이드"": 2, ""토스트"": 2, ""핫초코"": 2, ""베이글"": 1, ""샌드위치"": 1, ""오미자에이드"": 1, ""자두에이드"": 1, ""카페라떼"": 1, ""카푸치노"": 1}","{""만족도"": 39, ""맛"": 35, ""분위기"": 17, ""서비스"": 6, ""전망"": 5, ""주차"": 3, ""가격"": 1, ""목적"": 1}",2,7500,12000,9750,False,말차라테 와플&아이스크림,,"북한산 자락, 예술과 자연이 맞닿은 그곳에서 즐기는 가장 고요한 쉼표 하나 ☕️🖼️🎨🌳 —— 김종영 미술관 내에 위치한 까페 ‘시마루’ 평창동에는 크고 작은 갤러리가 많지만 이렇게 정원이보이는 통창 뷰의 까페가 많지는 않다. 김종영 미술관 건물 자체가 아름답다. 1층부터 3층까지 계단을 오르며 보는 전시는 평평한 갤러리를 걸으며 보는 전시와 느낌이 또 다르다. 까페는 이미 따뜻한 볕을 즐기는 사람들로 가득하다. 실내는 갤러리처럼 나무와 책들로 편안한 분위기다. 음료도 화려한 음료도보다는 미술관 컨셉과 어울리는 메뉴들로 준비되어 있고 난 따순 검은콩라떼를 주문했다. 꽤 큰 미술관의 전시를 보고나서 차 한 잔 하며 쉬다가니 좋은 곳이다. 책 한 권과 함께여도 좋을만하다. 대화하기 좋아요+4
---
근처 미술관 갔다가 들렀는데 아늑하고 느좋카페네요 전시 있을 때 다시 가고 싶어요
---
평창동 김종영미술관 안의 카페. ‘사미루’는 경남 창원시 김종영 생가 별채라고~ 커피원두가 좋은지 커피맛 좋았음~ 아아 ₩6,500 아아잔의 그립감도 굿 👍
---
분위기 너무 아늑하고 예뻐요🩵 평일에 놀러가니 고즈넉한 시간을 즐길 수 있어서 정말 행복했어요!,, 음료가 맛있어요+2
---
뷰도 좋고 맛도 좋고 커피는 순하고 풍미가 좋아요
---
가격은 비싸지만 커피 맛있고 친절하고 ...예쁜 동네에 있어요
---
이런 뷰 이런 카페라니... 집중 잘 되는 분위기여서 책 후루룩 읽었어요 날 좋은 여유로운 낮에 또 가고싶은 카페 사진이 잘 나와요+3
---
북한산 형제봉이 보이는 평창동 카페 배가 불러서 토스트.버터(4천)에 아메리카노(6천)주문. 드립은 디카페인만 된다고. 오픈시간 사람 많지않아서 조용히 산 보고 남편과 두런두런 얘기하기 좋은 번잡하지않은 카페 김종영미술관이 함께 있어서 관람하기 좋음(무료) 주차는 카페건물앞에 대면 됨(별도주차장없음)
---
조용하고 차분하게 대화하기 좋은 카페 🩵 커피도 맛있었어요😁
---
미술관갔다 들렀는데 토스트 맛있어요",점심,0.0,0.8,0.2,혼자,0.429,0.143,0.0,일상,1,,
df4d3a3a-1e74-5808-ae54-1dfd8d8f7868,나무요일,,서울 종로구 창경궁로26길 39 2F,종로구,4혜화역 3번 출구,256,0507-1384-9807,,"목요일이면 들러야 할 것 같은 나무 요일은 탁자도, 벽도, 기둥도 모두 나무로 되어 있는 따뜻한 공간. 한 가운데 나무 기둥이 특히 인상적인 곳으로 대학로 문화인들의 아지트가 되고있습니다.",,,,False,False,False,False,False,58,109,999,"동영상,동영상,동영상,동영상",0,0,0,16,0,"{""와인"": 7, ""맥주"": 3, ""뱅쇼"": 3, ""소세지"": 2, ""과일"": 1, ""샐러드"": 1, ""치즈"": 1, ""칵테일"": 1, ""피자"": 1, ""하이볼"": 1}","{""만족도"": 27, ""서비스"": 13, ""분위기"": 12, ""맛"": 8, ""음식량"": 2, ""위치"": 1, ""메뉴"": 1, ""가격"": 1, ""목적"": 1}",3,4000,12000,9333.3,False,"샐러드 커피 치즈, 포테이토",,"따뜻하고 아늑한 분위기의 술집. 2차로 조용하고 분위기 있는 곳을 찾으신다면 이곳이 제격일듯. 혼술하며 책읽기 좋은 자리에 앉아 친구와 벨기에 산 '라쇼페'를 먹었다. 도수 8%로에 단맛과 깔끔한 맛이 좋은 맥주여서 와인을 넣고 데워진 소세지와 페어링이 괜찮았다 다양한 병맥주들이 냉장고에 있어 꺼내 먹고 결제시 말씀 드리면 된다. 음식이 준비되면 가지러 가고, 다 먹은 뒤엔 식기를 반납하는 시스템이다. 기본 안주가 좋아요+4
---
주문할 때, 음식 나왔을 때 모두 직접 카운터까지 가서 말해야하고 주문할 때도 제가 말한 건 다 별로라고 하고 혼내듯이 말해서 제 돈주고 사먹겠다는데 혼나서 억울하고 기분 나쁩니다 글고 계속 다른 걸로 유도해서 주문만 10분은 한 거 같아요 이럴거면 메뉴에는 왜 넣어놓은건지..? 그냥 팔고싶은 메뉴로만 메뉴판 만들어서 장사하세요 그리고 음식도 너무 맛없어서 돈아까움요 심지어 나갈 때는 다 먹은 그릇이랑 잔도 카운터에 반납하래요ㅋㅋ 술집에서 이런 대접 처음 받아보네요
---
저 촛농만큼이나 어떤이들의 추억이 켜켜이 쌓인 보물창고같은 곳이네요 멋지고 멋집니다 혼술하기에도 좋고 담소나누기에도 좋아요 혼술하기 좋아요+3
---
가게에 첫인상은 인테리어에 놀라 반하게 되었고 촛불에 의지하여 다른사람의 일기장을 훔쳐보며 분위기에 취하게 되었습니다. 혼술하시는분도 계시고 커플끼리 친구끼리 다양한 손님이 계셨어요. 와인한병과 안주를 두개시켰는데 사장님께서 직접 마시는 방법도 알려주시고 안주 양이 많다며 하나만 주셔서 정말 딱 적당하게 잘 마시고 잘 먹고 왔습니다. 사장님께서 가게에 대한 애정이 느껴지고 그래서 더 특별한 경험이 된것 같아요. 잔잔한분위기라 다음에는 혼자 생각정리하러올꺼같습니다. 잘먹고 갑니다 음식이 맛있어요+4
---
정말 최고의 장소예요오… 🥹🥹🥹 어떻게 이런 공간이 있나 싶을정도로 .. 사장님께서 와인 마시는법부터 안주 추천까지 다 섬세하게 해주시는데 비밀 아지트같은 느낌이 드네요… 한 번 가면 계속 갈 수밖에 없는 장소인 것 같아요 .. 너무 멋있는 곳이어서 친구들이랑 갔는데 다음번엔 남자친구도, 부모님도, 다른 친구들도 데려오고 싶을정도예요… ㅜㅜ 음식이 맛있어요+4
---
사장님이 정겹고 요리를 정말 잘하세요!(๑˃̵ᴗ˂̵) ꪑ 안주 나오기도 전에 오렌지선셋이 너무 맛있어서 원샷 때려버렸지 모에요٩( ᐛ )و 추천맥주 받아 마셨는데 저 맥주가 거품이 기가 막혀요 ! 가서 뭐 골라야할지 모르겠다 하시는 분은 난쟁이맥주 꼭 드셔보셔요 맛은 블랑인데 거품이 일품최강~ 안주는 모둠소세지 아주 강추강추합니당 ☆*:.｡. o(≧▽≦)o .｡.:*☆담에 또 올게요 멋쟁이 사장님. ̮.ᡣ𐭩 음식이 맛있어요+4
---
고즈넉한 분위기에 사장님이 홀로 운영하시는 매장이에요! 칵테일, 와인, 맥주 생각했을 때, 뭔가 반짝반짝하고 화려한 분위기가 생각나지만, 이 매장은 정반대로 정적인 분위기가 매력적인 곳이에요 ㅎㅎ 또 방문하고 싶고, 사장님 유쾌하셔서 좋아요🫶🏻🥹 음료가 맛있어요+3
---
음식 주문하고 사진을 찍고있었는데 갑자기 “학생들 사진 좀 그만 찍어” 이러시더라고요. “왜 허락도 없이 사진을 찍으시나 최소한 주인인 자기에게 허락을 구하고 찍어야하는 것이 예의 아니냐”라고 하셨습니다. 정말 계속 뭐라고 하셔서 제가 경솔했다. 죄송하다는 말만 5-6번은 했습니다. 실컷 혼나고 친구랑 자리에 앉아 둘 다 넋이 나가 아무말 없이 앉아있었습니다. 정말 체할 것 같고 그냥 나가버리고 싶었습니다. 그러다 앞에 손님 조언 들었는지 갑자기 자기가 미안했다 마음껏 찍으라고하고 중간에 또 와서 왜 안찍어? 맘껏 더 찍어요~ 이러는데 찍고싶겠습니까.. 낭만 가득한 가시방석에서 돈내고 고문받다 갑니다. 허락 받고 찍으세요! 안 그럼 6절로 혼납니다. 아늑해요
---
✮곧 삭제당할 리뷰입니다✮ 내 살다살다 이런 몰상식하고 제정신 아닌 사장은 처음 봅니다. 내 나이 30 중반인데 이런 정신나간 대접을 받는 건 처음입니다. 어린 대학생들 등쳐먹는 배짱장사 접으시고 평생 사회생활 하지 말고 골방에 틀어박혀 살다가 가십쇼. 당신은 요식업 및 주류업에 종사할 자격이 없습니다. 반말지거리, 안주 강매, 다른 고객 험담, 결제 사기, 되도않는 꼬장 등 완전체입니다. 네이버 리뷰는 삭제 요청을 별도로 하는지 부정적인 리뷰가 생각보다 적군요. 워낙 바와 주류 문화를 좋아해서 지역별, 가격대별로 다양하게 100군데 이상은 방문해본 것 같은데 여긴 근본부터 잘못됐습니다. 내돈 내고 개취급받는거 좋아하는 이상성욕자들만 방문하시길 바랍니다. 카악~ 퉤!! 퉤!!
---
분위기가 너무 좋고, 음료도 음식도 다 맛있어요😍😍 특히 나오는 음악들이 너무 취향이라 친구들 다 데리고 가서 항상 기분 좋게 즐기다 갑니당 사장님이 항상 친절하게 이것저것 다 챙겨주셔서 너무 감동이에요 또 가겠습니당❤️",저녁,0.0,0.0,1.0,친구,0.111,0.333,0.556,친목,1,,
7dd6213d-256e-5cac-9240-8f08529b640d,9coffeeroasters,디저트,서울 종로구 자하문로 100,종로구,,,0507-1407-2547,,,,,주차 불가,True,True,False,True,True,218,98,999,"음식·음료,아메리카노,라떼,동영상",0,92,0,25,0,"{""커피"": 37, ""라떼"": 12, ""바닐라빈라떼"": 2, ""아메리카노"": 2, ""드립커피"": 1, ""말차라떼"": 1, ""바닐라라떼"": 1, ""스콘"": 1, ""은행"": 1, ""핫초코"": 1}","{""맛"": 42, ""만족도"": 35, ""분위기"": 10, ""서비스"": 4, ""메뉴"": 3, ""음식량"": 1, ""가격"": 1}",3,4500,6500,5333.3,False,아메리카노 라떼 brewed coffee,,"공간이 따스하고 편안해요. 2층에서 바라보는 풍경이 힐링이네요. 비오는날 가도 너무 좋을거 같은…커피와 스콘도 너무나 취저에요:)
---
커피가 넘 맛있었어요 .. 마시는동안 카페에서 은은한 커피향이 느껴져서 더 좋았습니다
---
지나가다가 괜춘한 느낌이 들어서 방문했습니다. 2층까지있던데 귀찮아서 올라가진 않았습니다. 1층에 화장실도 있구요 메뉴에 디카페인도 있습니다! 커피맛있어요 바닐라빈라떼 먹었는데 바닐라 시럽을 맛은 쓰시는거같았어용 좌석이 엄청 편하진않지만 지나가다 쉴정도는 됩니다 ㅎㅎㅎ 사장님이 커피에 진심인가같았습니다 ! 맛있게 잘먹었습니다.
---
분위기 좋고 커피 맛있어요~
---
창가 은행나무 이뻐요 디저트가 맛있어요+1
---
굿
---
맛나요
---
조용하고 갬성있는 카페 혼자와서 책 읽고싶은 카페에요 라떼도 맛있어요
---
친구가 자주 가는 곳이라 추천해서 같이 왔는데 라떼가 맛있어요 분위기도 좋고요 또 오고 싶네요 뷰가 좋아요+2",점심,0.1,0.9,0.0,연인·배우자,0.143,0.286,0.286,데이트,1.1,,
e412db9f-d5de-5a32-80ed-f2efed66df0d,서비스 이용이 제한되었습니다.,,,,,,,,,,,,False,False,False,False,False,,,,"내부,음식·음료,크로플,바닐라라떼,아메리카노,콜드브루,아이스티,메뉴판,동영상,동영상,동영상,로딩중",0,0,0,0,0,{},{},6,,,,False,플레이스 서비스 이용이 제한되었습니다. 과도한 접근 요청으로 서비스 이용이 제한되었습니다. 잠시 후 다시 시도해주세요. 이전화면 새로고침,IP: 211.192.210.178(09/Mar/2026:14:36:00 +0900),,,,,,,,,,,,,
51a4a05b-b604-50a3-9c8a-b78c1af94f7d,놀숲 잠실새내점,,서울 송파구 올림픽로12길 4 4층,송파구,2잠실새내역 4번 출구,223,,http://krbda.com/nolsoop,,,,,False,True,False,False,True,182,84,999,"플레이스,서비스 이용이 제한되었습니다.,과도한 접근 요청으로 서비스 이용이 제한되었습니다.,잠시 후 다시 시도해주세요.,IP: 211.192.210.178(09/Mar/2026:14:29:28 +0900),이전화면,새로고침",0,0,72,0,0,{},{},6,3600,20000,11766.7,False,온종일(음료미포함) 기본1시간 1시간 +음료 2시간+음료 3시간+음료 5시간+음료,,"오랜만에 오니 대면주문말고 NFC / QR코드 주문 기능이 생겼네요. 올때마다 은은한 향기에 잔잔한 음악에 조용히 쉬다가기에 좋아요. 늘 아이스티만 마시다 초코바나나 도전해봤는데 맛있어요.^^ 책 읽기 쾌적해요+4
---
학교 동아리 시간 때 알게된 놀숲! 전에는 다른 곳만 갈까 말까 하다가 여기 알고나니 만화방은 여기만 와욬ㅋㅋㅋ 전에도 친구랑 왔었는데 오늘은 다른 친구랑 재방문 했어용~ (아이스티랑 라면 등 음식들 넘넘 맛있는건 안비밀) 책 읽기 쾌적해요+4
---
아늑하구 편안한 분위기에서 푹 쉬다갑니당🥰 책 읽기 쾌적해요+4
---
코난보러 자주오는곳입니다 커피도맛있고 초코바나나도 맛있어요 화장실도 깨끗해서 좋아요 책 읽기 쾌적해요+4
---
여자친구랑 놀러왔는데 편하게 놀고 쉬기 너무 좋은 것 같아요 ! 음식도 맛있고 만화책, 보드게임, 스위치 등등 놀거리가 많아서 재밌게 놀았어요 !! 음식이 맛있어요+3
---
만화책 소설책을 좋아하시는 당신! 책 사이에서 행운을 발견하실지도 몰라요 ^^ 책 읽기 쾌적해요+3
---
께끗하고 조용하고 좋아요~강추해요 책 종류가 다양해요+2
---
놀숲에서 재밌게 놀고 보고싶던 연의편지 관람권도 얻게 되어 너무 좋았어요!! 받은 날 바로 데이트 하는 날로 예매 해두고 덕분에 영화도 재밌게 봤어용😆 책 읽기 쾌적해요+4
---
담배냄새없고 화장실깨끗하고 책상태좋아서 잠실새내놀숲만옵니다.추천합니다. 좌석이 편해요+3
---
아이랑 자주 놀러오는 곳입니다. 감사하게도 추석에도 문을 열어주셔서 실컷 뒹굴뒹굴하고 가요 😁 인테리어 깔끔하고 자리가 무척 편합니다 책 읽기 쾌적해요+4",점심,0.0,0.6,0.4,,0.0,0.0,0.0,,1.8,,
3cf4bbc8-9da6-54a9-8683-5cc5cae2f1ad,다인스카페,카페,서울 종로구 율곡로 190,종로구,1종로5가역 3번 출구,742,,,,,,,False,False,False,False,False,175,6,,"이전 페이지,다인스카페,페이지 닫기,다인스카페카페,디저트,방문자 리뷰 175블로그 리뷰 6,출발,도착,저장,거리뷰,공유,홈,리뷰,사진,정보",0,0,0,0,0,{},"{""맛"": 26, ""만족도"": 19, ""서비스"": 4, ""분위기"": 2, ""가격"": 2}",76,3,66,27.1,False,"이전 페이지 다인스카페 페이지 닫기 다인스카페카페,디저트 방문자 리뷰 175블로그 리뷰 6 출발 도착 저장 거리뷰 공유 홈 리뷰 정보 주소 서울 종로구 율곡로 190 1종로5가역 3번 출구에서 742m 미터 영업시간 정보 수정 영업시간 수정 제안하기 추가 사장님, 플레이스를 무료로 직접 관리하세요! 권한 받기 방문자 사진·영상 방문자 사진·영상 더보기 방문자 리뷰175 ""커피가 맛있어요"" 이 키워드를 선택한 인원 ""음료가 맛있어요"" 이 키워드를 선택한 인원 ""친절해요"" 이 키워드를 선택한 인원 ""디저트가 맛있어요"" 이 키워드를 선택한 인원 ""가성비가 좋아요"" 이 키워드를 선택한 인원 BIove 1.141번째 방문영수증 . LOVECHO가자 25.8.64번째 방문영수증 굿 음료가 맛있어요 LOVECHO가자 25.8.53번째 방문영수증 굿 커피가 맛있어요 방문자 리뷰 더보기 블로그 리뷰6 베러의페달 인프제 중년의 조용한 일상 - D+6_장례지도사 교육 스따뜨! 1.20.화 2026년 1월 20일 화요일 율 율's Story 22.10.29.토 2022년 10월 29일 토요일 이미지 수 끄적끄적 365 끄적끄적 365 (재방문) 변함없는 다인스카페 22.7.18.월 2022년 7월 18일 월요일 이미지 수 블로그 리뷰 더보기 로딩중 알고 계신 정보와 다른 정보가 있나요? 사진으로 간단하게 제보해 주세요. 정보 수정 제안하기 관련 링크2 다이닝코드에서 보기 식신에서 보기","새벽 4시에 일어나는 건 좀 마니 힘들지만 지옥철을 피해서 느긋하게 수업 1시간 전에 도착해 1층 카페에서 따뜻한 라떼를 한모금 마시면 기분이 아주 뿌듯하다. 심지어 오늘은 지하철역 에서부터 2킬로 가량을 느린 조깅을 하며 왔다. 영하로 내려간 날씨에 버스를 타도 됐지만 피곤하고 시간 없다고 운동 안하는 내 자신을 반성하는 의미로다가. 그래서 더욱 뿌듯함 오늘도 귀여운 동기들과 즐거운 하루 보냅세다! 아침 출근길 너무너무 피곤하시죠? 아침에 준비해서 나오기도 바쁘고 벅찬데 아침밥까지 어떻게 먹냐고 하시는 분들도 많으실거에요 저는 부모님과 같이 살기 때문에 왠만하면 아침을 간단하게라도 챙겨먹으려고 하는 편인데요! 그럼에도 늦잠을 잤거나 몸이 너무 힘들거나 하는 경우에는 챙겨가지도 못하고 그냥 뛰어나가는 경우가 허다합니다 그럴 때는 빈 속에 커피를 때려 붓기도 버거워진 30..대 이기에 계란이나 브레드 같은 것을 사가서 떼우거든요 이번에 소개해드릴 곳도 아침대용으로 먹기 괜찮은 저렴한 카페에요 follow follow me!! 위치 서울시 종로구 율곡로 190 (종로5가역 3번출구에서 763m) 운영시간 알수없음 Tel 없음 (X) 결제방식 카카오페이, 제로페이 가능 주차여부 여전도회관 건물 안에 있어서 밖에 있는 주차장을 이용하면 될 것 같아요 외관 외관은 건물 내에 있는거라 반통유리?로 심플하면서도 깔끔하게 되어있었어요 DAINS인데 NS가 지워졌네요ㅋㅋ 누가 뜯었나? 스티커 같은데 저게 뜯어진거면 일부러 뜯은 것 아닐까요? 이런걸로 또 상상의 나래를 펼치는 mbti N성향...ㅎㅎ 전 원래도 혼자 있으면 여러가지 생각이 많아지는데 요즘은 더 오만가지 생각들이 드는 것 같아요ㅎㅎ 다시 본론으로 돌아와서! 입구에는 마스크 착용 후 입장가능 하다는 문구가 적힌 안내문이 부착되어 있구요 바로 옆에는 DAINS 카페의 저렴 아메리카노를 홍보하는...?게 있었어요 홍보할 때 세워두는 저거를 지칭하는 용어가 있는데 갑자기 생각이 안나네요ㅠ 그래서 포스팅하다가 급 홍보마케팅하는 친구에게 물어봤습니다 곧 답이 오겠죠ㅎㅎ 알게되면 추가해서 적어둘게요!! ++++추가 엑스배너나 POP라네용! 고마워 친구야 내부 저는 좋았던게 위처럼 tea에 대해 설명해주는 설명글이 카운터에 있어서 차에 관심은 많지만 잘 모르는 저에게 아주 도움이 되었어요 구석에 있어서 잘 안보였다는건 안비밀 카카오페이와 제로페이도 가능하네요! 근데 전 삼성페이...ㅎㅎ 청귤차는 따뜻하게 해서 추운 겨울에 마시면 상큼하니 맛있을 것 같아요 더 추워지면 후기를 남겨보겠습니당 음료&브레드&디저트 포스팅 하기 전 찾아보니 DAINS카페는 디저트맛집, 빵맛집이라는 후기들을 증말 많이 봤는데요 왠지 쿠키들이 더 맛나보이는건 기분탓일까요.. 담에 아메리카노에 화이트초코 마카다미아 쿠키를 먹어봐야겠어요 샌드위치 반개도 파는데 왠지 저는 아침에 반개로는 배고플 것 같은 느낌쓰...... 역시 교육원에서 가까운 곳 가까운 카페가 가장 좋치요~ 요건 햄치즈센드위치에용~ 아침 식사를 안했으면 간단하게 먹기 딱 좋아용~❗️ (저는 아침에 먹었답니다.) 오후에 배가 허해서 다시 방문 이것은 카야잼 토스트입니다. 빵 사이에 있는 쨈이 특이했어요. (제 입맛엔 안맞았어요.) 치즈 맛이 살짝 나던데. 저는 치즈를 아쉽게도 싫어한답니다.ㅠㅠ 더 자세한 메뉴와 후기는 아래 링크에서 확인해주세요~❤️ 링크로 들어가시면 자세한 위치와 메뉴가 있습니다.~ ⭐️내돈내산찐후기⭐️ 본인의 경험과 바탕으로 블로그 글을 작성하였음을 확인합니다. #재방문 #다인스카페 #다인스카페재방문 #카야잼 #카야잼토스트 #토스트 #햄치즈토스트 #햄치즈 #야채 #한정판매 #한정수량 #한정 #신선함 #맛있음 #커피와 #커피와토스트 #커피 #아이스아메리카노 #간식 #아침 #점심 #간단한식사 #가벼운식사 #사이드메뉴 #토스트맛집 #한정판매토스트 #디져트맛집 #디져트 #1층카페 #1층 #종로다인스카페 #다인스카페디져츠후기 #찐후기 #내돈내산 #블로그끄적이 #끄적끄적 #끄적이 #네이버블로그 #맛집후기 #맛집재방문후기 #재방문찐후기 #인생을끄적끄적 #인생공유",".
---
굿 음료가 맛있어요
---
굿
---
아담하니 분위기 좋아요
---
. 디저트가 맛있어요
---
수제대추차~~굿 음료가 맛있어요
---
생강차 맛있네요 음료가 맛있어요
---
무난하고 깔끔합니다. 조명이 은은하고 좌석이 쾌적하여 대화 나누기가 좋아요. 집중하기 좋아요+2
---
미니 붕어빵 맛있었어요. 사장님인지, 알바생인지는 모르겠으나 실수로 음료를 쏟아 죄송하다고 하고 닦을 수 있는것좀 달라고 했더니 완전 짜증난 말투와 표정으로 그냥두세요 라고 하더니 행주로 닦는데 싫은티 팍팍 내더라구요...그래서 바로 나왔어요... 디저트가 맛있어요
---
에이드주문했지만 다른음료도 괜찮아요 ㅎ",점심,0.3,0.7,0.0,지인·동료,0.2,0.1,0.3,일상,1.7,"새벽 4시에 일어나는 건 좀 마니 힘들지만 지옥철을 피해서 느긋하게 수업 1시간 전에 도착해 1층 카페에서 따뜻한 라떼를 한모금 마시면 기분이 아주 뿌듯하다. 심지어 오늘은 지하철역 에서부터 2킬로 가량을 느린 조깅을 하며 왔다. 영하로 내려간 날씨에 버스를 타도 됐지만 피곤하고 시간 없다고 운동 안하는 내 자신을 반성하는 의미로다가. 그래서 더욱 뿌듯함 오늘도 귀여운 동기들과 즐거운 하루 보냅세다!
---
역시 교육원에서 가까운 곳 가까운 카페가 가장 좋치요~ 요건 햄치즈센드위치에용~ 아침 식사를 안했으면 간단하게 먹기 딱 좋아용~❗️ (저는 아침에 먹었답니다.) 오후에 배가 허해서 다시 방문 이것은 카야잼 토스트입니다. 빵 사이에 있는 쨈이 특이했어요. (제 입맛엔 안맞았어요.) 치즈 맛이 살짝 나던데. 저는 치즈를 아쉽게도 싫어한답니다.ㅠㅠ 더 자세한 메뉴와 후기는 아래 링크에서 확인해주세요~❤️ 링크로 들어가시면 자세한 위치와 메뉴가 있습니다.~ ⭐️내돈내산찐후기⭐️ 본인의 경험과 바탕으로 블로그 글을 작성하였음을 확인합니다. #재방문 #다인스카페 #다인스카페재방문 #카야잼 #카야잼토스트 #토스트 #햄치즈토스트 #햄치즈 #야채 #한정판매 #한정수량 #한정 #신선함 #맛있음 #커피와 #커피와토스트 #커피 #아이스아메리카노 #간식 #아침 #점심 #간단한식사 #가벼운식사 #사이드메뉴 #토스트맛집 #한정판매토스트 #디져트맛집 #디져트 #1층카페 #1층 #종로다인스카페 #다인스카페디져츠후기 #찐후기 #내돈내산 #블로그끄적이 #끄적끄적 #끄적이 #네이버블로그 #맛집후기 #맛집재방문후기 #재방문찐후기 #인생을끄적끄적 #인생공유",20
ff4070e6-2c88-52f4-8106-a9f36343eb53,더리터 고양향동점,,경기 고양시 덕양구 꽃마을로 68 로데오프라자 108호,고양시,,,,,,,,,False,False,False,False,False,93,9,,"플레이스,서비스 이용이 제한되었습니다.,과도한 접근 요청으로 서비스 이용이 제한되었습니다.,잠시 후 다시 시도해주세요.,IP: 211.192.210.178(09/Mar/2026:14:38:02 +0900),이전화면,새로고침",0,0,0,0,0,{},{},9,100,4500,3000,True,[패스오더전용] 100원 아메리카노 아메리카노 크레마가 풍부한 아메리카노 아주홍시 ML L 5300 아주베리 ML L 5300 아주카도 ML L 5500,"패스오더 앱 설치하면, 최소 주문 금액 없이 100원에 커피 주문+1,500원 쿠폰까지",,,,,,,,,,,,"안녕하세요 수콩새댁입니다 가성비 카페인 더리터에 다녀왔는데요 예전에 방문했을땐 이렇게 메뉴가 많은지 몰랐는데 알고보니 메뉴 종류가 정말 많더라구요^^ 저는 고양향동지점을 방문했어요ㅎㅎ 더 리터의 전면모습입니다 내부에 인테리어도 넓진 않지만 깔끔하게 신경쓴 듯한 느낌이었어요^^ 이런 모습이었구요ㅎㅎ 내부가 정말 예뻤어요 맛난 메뉴들이 참 많네요~ 초당 옥수수는 담에 함 도전해보고싶어여ㅎㅎ L사이즈와 ml사이즈 2가지 종류가 있는데요 ml사이즈도 꽤나 커서 다 먹기까지 한참 걸린것 같아요ㅎㅎ 더 리터의 역사는 2015년부터 시작되었네요~ 메뉴판입니다ㅎㅎ 종류가 정말 다양한데요 저는 소다 쉐이크(3,800)와 유자 요거스(3,800)를 주문했어요^^ 얼핏봐도 색깔이 넘나 예쁘네요ㅎㅎ 푸르른 소다쉐이크와 흰색빛 유자요거스입니다. 소다쉐이크는 아이스크림 뽕따가 생각나는 맛이었어요 간만에 추억도 느껴보고 맛난 음료를 먹으니 좋았답니다^^ 더 리터엔 다양한 메뉴들이 많고 가성비도 좋으니 한번씩 즐겨보시기 바래요~ #더리터소다쉐이크 #뽕따맛음료 #더리터고양향동 #더리터메뉴추천 #더리터유자요거스
---
끝없이 오픈하는 향동의 상가들^^ 이번엔 더리터가 오픈했어요! 같은 라인에만 컴포즈커피, 메가커피, 와플대학, 파리바게트 등 갖가지 커피집이 있지만 더리터도 위풍당당하게 문을 열었더라구요ㅎㅎ 빨간색 간판이 눈에 확 띕니다! 인테리어도 깔끔뽀짝해요. 테이블과 의자는 금장을 둘렀네요ㅎㅎ 메뉴판은 이렇게 됩니다^^ 더리터커피도 디카페인은 콜드브루만 가능하네요ㅠ.ㅠ 아아랑 아바라 ML사이즈로 한잔씩 주세요! 주문하고 괜히 회원가입도 했답니다^^ 오픈행사때 아메리카노와 복숭아숭숭을 할인했었는데 제가 왔을땐 제빙기가 고장나서ㅠㅠ 행사가 지나고 다시 방문해봤어요ㅎㅎ 아메리카노 작은 사이즈 가격 장난아니게 저렴하지요?ㅎㅎ 간식류도있구요, 커피에 들어가는 우유는 멸균우유를 쓰시나봐요. 아무래도 유통기한이 기니까요^^ 그렇게 커피를 사들고 룰루랄라 집으로 돌아갑니다^^ 워메 큼직~하니 좋네요. L사이즈는 정말 1L라 부담스러워서 ML 사이즈로 주문했는데, 이 크키가 메가커피나 컴포즈커피만한듯요. 생각해보니 더리터 커피의 사이즈 L은 리터를 표현한것 같네요^^ 괜히 위에서 한번 찍어주고~~ 오빠에게 아메리카노를 건네니 커피맛 괜찮다고 해요^^ 오랜만에 먹는 아바라라.. 신나게 저어줍니다. 오호라! 더리터 커피 괜찮은데요? 더리터도 살짝 닝닝한 느낌이 나지만 그래서 부드~럽고 적당히 달아서 좋아요. 근데 다 먹고나니 얼음이 크고 많아서 양이 작게 느껴지더라구요. 아무래도 1리터짜리를 시켜야하나봐요^^ 더리터커피도 부드러운 커피맛! 가성비카페의 오픈은 언제나 환영입니다^0^ #더리터커피 #더리터 #향동더리터 #더리터향동 #향동카페 #향동커피
---
요즘 날씨가 너무 기분 좋아요! 요맘때 날씨들이 활기차고 좋거든요~ 약간 놀러가고 싶어지는 날씨랄까요? 가끔씩은 편하게 쉬어버리고 싶네요 언제 놀았었는지 기억도 안나거든요.. 물론 금융치료 되면 괜찮아질테니까 어떻게든 버텨볼 생각입니다 커피에 대해서는 모르는 게 많지만 그렇대도 나름 자주 가는 커피숍은 있는데요 제가 제일 자주가는 집에서 5분 거리의 더리터 고양향동점인데요 카페 안 분위기도 고즈넉하니 어느 때나 항상 가는 곳이네요~ 확실히 퀄리티가 좋다보니 여러 커피들을 먹는데요 최근 한 달은 우롱 버블티 마신다고 다른 메뉴는 먹지 못하고 있네요...ㅎㅎ 일단 먹어봤던 커피 가운데서는 제일 맛있다고 생각합니다. 아직 못 먹어보신 분들 혹시 있으시다면 꼭 한 번은 먹어보시면 좋겠습니다~! 내일 드디어 대학원 동창이랑 전시회가고 놀거 같아요~ 정말 오랜만에 만나는거라서 불편할거 같기도하고 조금은 기대되기도 하네요!ㅎㅎ 얼른 씻고 잠들어서 내일은 빨리 일어나야겠습니다~",11
14e66822-dfa1-5a7f-aa2e-1641513934e3,더머커피 대학동점,카페,서울 관악구 신림로 109 1층,관악구,신림서울대벤처타운역 2번 출구,345,,https://blog.naver.com/dumber_coffee,,,,,True,True,True,True,True,811,76,999,"플레이스,서비스 이용이 제한되었습니다.,과도한 접근 요청으로 서비스 이용이 제한되었습니다.,잠시 후 다시 시도해주세요.,IP: 211.192.210.178(09/Mar/2026:14:31:58 +0900),이전화면,새로고침",0,702,0,375,0,"{""커피"": 347, ""샌드위치"": 128, ""휘낭시에"": 101, ""라떼"": 74, ""구움과자"": 33, ""바닐라빈라떼"": 31, ""밀크티"": 15, ""우유"": 15, ""아인슈페너"": 14, ""아메리카노"": 13, ""연어"": 12, ""플랫화이트"": 12, ""까눌레"": 11, ""토스트"": 8, ""마들렌"": 7}","{""맛"": 587, ""만족도"": 444, ""분위기"": 216, ""서비스"": 80, ""메뉴"": 59, ""가격"": 19, ""목적"": 17, ""위치"": 15, ""음식량"": 7, ""주차"": 7, ""방역"": 5, ""청결도"": 4, ""전망"": 2}",18,100,7500,4663.6,True,사워도우 샌드위치 변동 사워도우 토스트 매달 달라지는 드립커피 매달 달라지는 드립커피를 소개합니다. 변동 바닐라빈 라떼 [패스오더전용] 100원 아메리카노 훈제연어 샌드위치 바베큐 치킨 샌드위치 리코타 햄 샌드위치 콜드 토마토 스프 카페 모카 카라멜 라떼 수제 카라멜 소스가 들어가 달달한 커피입니다. 카페 라떼 아메리카노 초코 플라워 디카페인 원두선택 가능,"천연발효종(르방)으로 발효한 사워도우 빵 슬랩으로 만든 건강한 샌드위치 입니다 :) 천연발효종으로 발효해서 구운 깜빠뉴 토스트 입니다. 원하시는 스프레드 선택 가능 수제 바닐라빈 연유가 들어가 고급스러운 단맛과 부드러움이 조화로운 커피입니다. 패스오더 앱 설치하면, 최소 주문 금액 없이 100원에 커피 주문+1,500원 쿠폰까지 직접구운 사워도우 슬랩 / 훈제연어 / 치즈 / 타프나드 / 샐러드 /아보카도 직접 구운 사워도우 슬랩 / 수비드 치킨 / 바베큐소스 / 샐러드 / 리코타 / 할라피뇨 직접 구운 사워도우 슬랩 / 리코타 / 햄 / 샐러드 / 바질페스토 / 차갑게 숙성한 토마토 스프와 사워도우 토스트 1장이 제공됩니다. 반호튼과 기라델리 초코릿들이 들어간 수제 초코소스가 들어간 달콤한 커피입니다. 라떼는 추출을 진하게 하여 우유의 고소함과 진한맛을 잘 살려서 만듭니다.","학교 때문에 상도역이랑 신대방삼거리에 있는 더머커피 정말 자주 갔었는데 저희 동네에도 생겨서 너무 행복해요 원래는 바닐라빈 라떼만 먹는데 이번에 먹어보니 말차랑 헤이즐넛 휘낭시에랑 밀크티 다 너무 맛있어요
---
비오는 날 모처럼 아침먹으러 왔어요. 유독 라떼가 맛있네요. 바비큐치킨샌드위치도 겉바속촉 맛있어요!! 자주 오지만 또 오고 싶은 곳입니다.
---
지나갈때마다 와보고 싶었는데, 늘 사람으로 가득차 있어서 못갔다가 오늘 방문했어요 ! 공간이 너무 쾌적하고 좋고..게다가 이 세상 차가운 물가들사이에서 더머커피의 착한 가격으로 치유받고 갑니다 ,, ✴︎
---
분위기가 너무좋아요 인테리어가 환상 스터디 환경조성 조용히작업하기 최적의 환경이에요 샌드위치 너무 맛있네요 푸짐하고 재료는 신선한데 가격이 너무싸요 손님들 코스처럼 주문하는 이유 알겠어요 휘낭시에 너무 맛있고 원두초이스 가능합니다 커피바보들 무조건 무조건이에요!!!!
---
벌써 세번째 방뭉하는 곳이에요! 샌드위치는 이번에 처음 먹어봤는데 양도 많고 맛있었어요 휘낭시에는 말모말모 다음엔 토스트도 먹어봐야겠어요 공부하기도 좋고 작업하기도 좋은 공간이에요 녹두에 생겨주셔서 감사합니다 ㅎㅎ
---
대학동 찐 휘낭시에 맛집, 더머커피입니다! 다양한 종류의 휘낭시에를 싼 가격에 맛보고 싶다면 더머커피에 오시는 걸 추천 드려요👍 저희는 레몬 마들렌, 무화과 크림치즈 휘낭시에를 먹고, 리뷰서비스로 말돈 솔트 휘낭시에까지 다 먹었는데도 6,000원 밖에 안 하는 혜자스러운 가격👀 게다가 통창을 통해 햇살도 들어오고, 예쁜 뷰를 보면서 책을 읽거나 공부할 수 있어요🥹 대학동이라서 카공하시는 분들도 많고, 대화하시는 분들도 적어서 집중해서 공부할 공간을 찾는 분들 적극추천드립니다🥳 저도 올해만 벌써 4번 정도 갔고, 앞으로 제 최애 대학동 카페가 될 것 같아요🫶🏻 아, 그리고 리뷰 이벤트 절대 잊지 말고 참여하시면 맛난 휘낭시에 받아갈 수 있어용! 디저트가 맛있어요+4
---
가격도 넘 합리적이고 공간도 넓고 깨끗하고 차분하고 빵이랑 커피 원두 선택도 할 수 있구 너무 맛있어요!!!! 토마토?포카치아 추천합니다.🩵
---
오랜만에 왔어요~~ 빵들이 추가되었네요 달달한 아인슈페너 한잔 마시고갑니다
---
산책이나 나들이 갈때 꼭 참새가 방앗간 들리듯 방문하는 카페... 🩷🩷💛💛 커피도 맛있고 휘낭시에 진짜 맛있어요 오셔도 후회 안합니다
---
주말에 꼭 방문하는 곳. 커피와 휘낭시에 모두 맛있어요!! 직원분들도 친절하시고 분위기도 좋아요👍",점심,0.4,0.6,0.0,연인·배우자,0.429,0.429,0.143,일상,2.5,,
b9817a60-454c-5627-a13f-f7d81f2b5c18,더벤티 신방학점,카페,서울 도봉구 방학로 172 1층,도봉구,,,,http://theventi.co.kr/,"*매장 운영 시간 및 휴무일은 매장 별로 상이합니다. *시즌 메뉴의 운영 상황은 매장 별로 상이합니다. *메뉴 금액은 기본 Take out 구매 기준이나, 매장 별 연동 플랫폼에 따라 노출 가격이 상이할 수 있습니다.",,,,True,True,True,False,False,,,,,0,708,111,0,0,"{""커피"": 59, ""라떼"": 27, ""아메리카노"": 9, ""헤이즐넛"": 7, ""헤이즐넛라떼"": 6, ""카페라떼"": 3, ""바닐라라떼"": 2, ""아인슈페너"": 2, ""연유라떼"": 2, ""우유"": 2, ""딸기라떼"": 1, ""딸기우유"": 1, ""미숫가루"": 1, ""버블티"": 1, ""쉐이크"": 1}","{""만족도"": 182, ""맛"": 121, ""서비스"": 37, ""가격"": 10, ""음식량"": 5, ""청결도"": 3, ""위치"": 2, ""메뉴"": 2, ""분위기"": 1, ""대기시간"": 1}",80,2000,7500,4140.7,True,포장 배달 대표메뉴 (핫)더쌍화차 (핫)더쌍화라떼 (핫)오미자석류티 (핫)꿀배생강티 신메뉴 두바이 콜드브루 아인슈페너 두바이 초콜릿 쉐이크 두바이 초콜릿 요거트 아이스크림 두바이 초콜릿 소금빵 딸기펄피치라떼 펼쳐서 더보기 로컬 에디션 (아이스)이천쌀 라떼 (핫)이천쌀 라떼 (아이스)이천쌀 흑임자폼 라떼 (핫)이천쌀 흑임자폼 라떼 (아이스)율무오트라떼 펼쳐서 더보기 커피 (아이스)아메리카노 (핫)아메리카노 (아이스)카페라떼 (핫)카페라떼 (아이스)오트카페라떼 펼쳐서 더보기 디카페인 디카페인 (아이스)아메리카노 더벤티의 깊고 진한 커피풍미를 느낄 수 있는 아메리카노 디카페인 (핫)아메리카노 더벤티의 깊고 진한 커피풍미를 느낄 수 있는 아메리카노 디카페인 (아이스)카페라떼 디카페인 (핫)카페라떼 디카페인 (아이스)오트카페라떼 펼쳐서 더보기 저당 메뉴 (아이스)저당 바닐라딥라떼 (핫)저당 바닐라딥라떼 (아이스)저당 바닐라딥오트카페라떼 (핫)저당 바닐라딥오트카페라떼 (아이스)저당 믹스커피 펼쳐서 더보기 라떼&드링크&버블티 (아이스)로얄밀크티 (핫)로얄밀크티 (아이스)초코라떼 (핫)초코라떼 (아이스)멜팅초코 펼쳐서 더보기 티 복숭아아이스티 (아이스)리치캐모마일 (핫)리치캐모마일 (아이스)청귤얼그레이 (핫)청귤얼그레이 펼쳐서 더보기 에이드&주스 애플과채주스 오렌지과채주스 체리콕 크림소다 메론소다 펼쳐서 더보기 아이스 블렌디드 드래곤스무디 소다 드래곤스무디 요거트 초코쉐이크 밀크쉐이크 에스프레소쉐이크 펼쳐서 더보기 사이드 메뉴 이천쌀 플레인 베이글 후르츠딸기 쫀득쿠키 코코비스킷 쫀득쿠키 달콤한 마시멜로우에 코코볼과 초코가 들어간 쫀득쿠키 블루베리맘모스 달콤촉촉 고구마빵 펼쳐서 더보기,"전통 쌍화차의 쓴맛과 약재향을 줄이고 대추, 생강, 계피의 밸런스를 감미롭게 조합한 데일리 티 진한 쌍화와 부드러운 우유가 어우러진, 대추의 달콤함과 생강 계피의 향이 돋보이는 라떼 오미자의 떫은맛은 줄이고 석류의 산뜻함을 더한, 맑고 가볍게 즐기는 블렌딩 티 배숙의 부드러운 단맛에 꿀과 생강의 은은한 향을 부담 없이 즐기는 건강 블렌딩 티 피스타치오 콜드브루라떼에 고소한 피스타치오크림을 올린 아인슈페너 피스타치오와 초콜릿을 블렌딩해 바삭한 카다이프를 올린 디저트 쉐이크 요거트아이스크림을 베이스로 두바이 초콜릿 토핑과 믹스베리를 레이어드한 디저트 아이스크림 소금빵에 피스타치오 스프레드와 카다이프를 채우고 초코쉘을 가득 뿌린 두바이 스타일 베이커리 달콤한 피치라떼에 딸기청과 딸기향 타피오카펄을 토핑하여 다양한 식감을 느낄 수 있는 음료 임금님표 이천쌀의 깊은 풍미에 현미쌀 토핑을 더해, 담백함과 고소함이 매력적인 이천쌀 라떼 임금님표 이천쌀의 깊은 풍미에 현미쌀 토핑을 더해, 담백함과 고소함이 매력적인 이천쌀 라떼 임금님표 이천쌀에 흑임자를 더해 고소함을 극대화하고, 진한 풍미와 부드러운 맛이 조화로운 이천쌀 흑임자폼 라떼 임금님표 이천쌀에 흑임자를 더해 고소함을 극대화하고, 진한 풍미와 부드러운 맛이 조화로운 이천쌀 흑임자폼 라떼 고소한 연천율무에 담백한 귀리음료를 더해 더욱 부드럽게 즐기는 율무 오트라떼 더벤티의 깊고 진한 커피풍미를 느낄 수 있는 아이스 아메리카노 더벤티의 깊고 진한 커피풍미를 느낄 수 있는 핫 아메리카노 더벤티의 진한 에스프레소에 부드러운 우유가 어우러진 고소한 카페라떼 더벤티의 진한 에스프레소에 부드러운 우유가 어우러진 고소한 카페라떼 리치한 풍미의 귀리음료에 다크로스트 원두의 풍미가 어우러지는 오트카페라떼 더벤티의 진한 에스프레소에 부드러운 우유가 어우러진 고소한 카페라떼 더벤티의 진한 에스프레소에 부드러운 우유가 어우러진 고소한 카페라떼 리치한 풍미의 귀리음료에 디카페인 원두의 풍미가 어우러지는 오트카페라떼 더벤티의 진한 에스프레소에 고급스러운 바닐라 풍미가 부드럽게 어우러진 바닐라딥라떼(저당) (당알코올(에리스리톨) 함유 제품으로 과량 섭취 시 개인에 따라 복통 및 설사를 일으킬 수 있으니 민감하신 분은 주의해 주시기 바랍니다. 더벤티의 진한 에스프레소에 고급스러운 바닐라 풍미가 부드럽게 어우러진 바닐라딥라떼(저당) (당알코올(에리스리톨) 함유 제품으로 과량 섭취 시 개인에 따라 복통 및 설사를 일으킬 수 있으니 민감하신 분은 주의해 주시기 바랍니다. 진한 에스프레소와 고급스러운 바닐라 풍미, 리치한 귀리음료가 어우러진 부드럽고 깊은 맛의 바닐라오트카페라떼 (저당) (당알코올(에리스리톨) 함유 제품으로 과량 섭취 시 개인에 따라 복통 및 설사를 일으킬 수 있으니 민감하신 분은 주의해 주시기 바랍니다. 진한 에스프레소와 고급스러운 바닐라 풍미, 리치한 귀리음료가 어우러진 부드럽고 깊은 맛의 바닐라오트카페라떼 (저당) (당알코올(에리스리톨) 함유 제품으로 과량 섭취 시 개인에 따라 복통 및 설사를 일으킬 수 있으니 민감하신 분은 주의해 주시기 바랍니다. 원조 인스턴트 커피의 맛을 부드럽게 느낄 수 있는 더벤티의 믹스커피(저당) (당알코올(에리스리톨) 함유 제품으로 과량 섭취 시 개인에 따라 복통 및 설사를 일으킬 수 있으니 민감하신 분은 주의해 주시기 바랍니다. 최적의 비율로 블렌딩한 홍차와 우유가 만나 깊고 풍부한 맛과 향을 담은 밀크티 최적의 비율로 블렌딩한 홍차와 우유가 만나 깊고 풍부한 맛과 향을 담은 밀크티 진하고 풍부한 초콜릿과 부드러운 우유가 어우러진 달콤한 초코라떼 진하고 풍부한 초콜릿과 부드러운 우유가 어우러진 달콤한 초코라떼 진한 초콜릿 크림이 크리미한 우유와 어우러져 달콤하고 부드럽게 즐기는 더벤티 시그니쳐 멜팅초코 진한 블랙퍼스트 홍차에 달콤한 복숭아가 어우러진 더벤티만의 특별한 복숭아아이스티 캐모마일 레몬밤 등 풍성한 허브에 다양한 과일이 어우러진 블렌딩 티 캐모마일 레몬밤 등 풍성한 허브에 다양한 과일이 어우러진 블렌딩 티 두 가지 블랙 티에 다양한 시트러스 과일이 어우러진 산뜻한 블렌딩 티 두 가지 블랙 티에 다양한 시트러스 과일이 어우러진 산뜻한 블렌딩 티 사과, 딸기, 비트, 레몬, 당근을 듬뿍 담아 새콤하고 건강하게 즐기는 과채주스 오렌지, 사과, 당근, 감귤을 듬뿍 담아 상큼하고 건강하게 즐기는 과채주스 상큼한 체리시럽과 콜라가 만나 톡톡쏘는 청량감 가득한 체리콕 소다맛에이드에 바닐라아이스크림을 올려 청량함과 부드러움을 동시에 즐길 수 있는 에이드 [배달시 아이스크림은 음료안에 넣어 제공됩니다] 메론맛에이드에 바닐라아이스크림을 올려 청량함과 부드러움을 동시에 즐길 수 있는 에이드 [배달시 아이스크림은 음료안에 넣어 제공됩니다] 상큼한 트로피컬용과 스무디에 달콤한 소다맛을 더하고 팝핑캔디를 넣어 톡톡 터지는 식감을 구현한 드래곤 스무디 부드러운 요거트 스무디에 상큼한 트로피컬용과 맛을 더하고 믹스베리를 토핑한 드래곤 스무디 부드러운 밀크쉐이크와 진한 풍미의 초콜릿이 어우러져 더욱 풍성하게 즐길 수 있는 초코쉐이크 부드러운 밀크와 얼음을 함께 블렌딩한 더벤티만의 스페셜한 밀크쉐이크 부드러운 밀크쉐이크와 진한 에스프레소가 만나 더욱 풍성하게 즐길 수 있는 에스프레소쉐이크 이천쌀가루로 쫄깃하게 구운 고단백 로우슈가 베이글. 달지 않게 담백하게, 어떤 재료와도 잘 어울리는 데일리 베이글 달콤한 마시멜로우에 후르츠링과 딸기,오레오 쿠키가 들어간 쫀득쿠키 달콤한 블루베리와 부드러운 크림치즈가 듬뿍 촉촉한 빵 속에 상큼함과 고소함이 어우러져 한 입 베어 물면 풍부한 맛이 퍼지는 특별한 맘모스빵 NO밀가루, 촉촉하고 달콤한 고구마가 가득 담긴 리얼 고구마빵(1ea)","근처 요양병원 계시는 엄마 휄체어로 모시고 산책갔다 가벼이 음료구입해보았어요 벤티는 처음방문한거라 , , 군고구마라떼와 카페라떼포장 신호기다리면서 주문하고 앞족에 앉을수있는 곳에서 엄마랑 마시며 천천히움직여보았어요 매장은 작은듯하고 벤트컵이 크던데 내용물도 괜챦은양이라 좋네요 가성비가 좋아요
---
맛있어요
---
음료 마시고 싶으면 집 근처라 자주 가요. 항상 음료에 화이트펄을 따로 추가했는데, 안들어간 것 같아서 안들어갔다고 말씀 드렸거든요. 근데 직원분이 들어간거라고 하셔서 가지고 와서 마시니 일도 들어가있지도 않네요ㅎ... 가성비가 좋아요
---
시원하다
---
음료 두 잔을 시켰는데 나오는 속도는 상당히 느린 편이었다. 혼자서 일하셔서 그런 것 같다. 율무 아인슈페너를 덜 달게 시켰는데 아주 고급스럽고 맛있었다. 그런데 일반 아인슈페너는 분명히 덜 달게 시켰는데 너무 달아서 시럽이 가라앉아 있는 아랫부분은 거의 먹지 못하고 버렸다. 정말 덜 달게 만들어. 주신 게 맞는지 아니면 그냥 만드신 건지 잘 모르겠다. 그거 빼고는 만족스러웠다. 그리고 더벤티는 번호로만은 쿠폰 적립이 안 되는 듯하다. 무조건 어플을 깔으라고 하는데 그것이 불편하고 메가커피보다 약점이라고 생각된다.
---
ㄱㅅ
---
ㄱㅅ
---
비가 갑자기 내려서 잠시 피할겸 들렀습니다 벤티는 얼음이 갈아져 있어서 좋아요 ^^
---
굿 가성비가 좋아요
---
ㅇ",점심,0.1,0.7,0.2,친구,0.5,0.0,0.5,일상,2.1,,
01782f23-bcfa-5fc8-8349-81f6bb7e9c68,더스키,디저트,서울 종로구 동숭길 63 191빌딩 지하,종로구,4혜화역 2번 출구,254,,http://www.theski.kr/,"1. 국내 최초로 프리스타일스키 전문가에 의해 스키와 커피로 절묘한 조화를 이룬 멀티샵입니다. 2. 문화예술의 거리 대학로에서 최고의 관광 명소로 자리매김 되도록 여러분의 많은 관심을 바랍니다. 3. 프리스타일스키장비 전시품 감상과 함께 에스프레소 커피의 진한향기, 예술라떼를 즐겨보세요. 4. 더스키의 넓은 공간에는 디자이너주얼리 자밀라양주얼리하우스의 주얼리도 전시 되어 있습니다. 위생 정보 세스코 멤버스 2026.02 2027년08월 최근 통합방제 점검월",,,,True,True,False,True,True,887,202,999,"내부,음식·음료,아메리카노,마끼야또,동영상,동영상",0,276,0,0,0,"{""커피"": 61, ""아이스크림"": 24, ""와플"": 21, ""라떼"": 15, ""아메리카노"": 12, ""다쿠아즈"": 10, ""빙수"": 8, ""아이스크림와플"": 8, ""스무디"": 5, ""치즈"": 4, ""팥빙수"": 4, ""고구마라떼"": 2, ""녹차"": 2, ""녹차라떼"": 2, ""바닐라라떼"": 2}","{""만족도"": 132, ""맛"": 123, ""서비스"": 24, ""분위기"": 16, ""메뉴"": 8, ""음식량"": 5, ""위치"": 4, ""가격"": 4, ""목적"": 1}",5,3500,4200,3840,False,아메리카노 에스프레소 룽고 에스프레소 마끼아또 에스프레소 콘파냐,,"아이랑 대학로 걷다가 잠시 쉬려고 들른카페였는데 스키로 장식되어있고~ 차마시면서 앉아 쉬다가기좋은카페 분위기였어요 커피랑 아이스크림 맛있어요 가성비가 좋아요+4
---
혜화역 근처 카페 더스키 아이스크림, 빙수, 다쿠아즈 등 다양한 메뉴들이 있습니다. 커피도 맛있고 볼카노프스키처럼 열정 넘치는 카페입니다. 차이코프스키 음악을 들으며 도스토옙스키 죄와벌 읽으면 분위기 끝내줄 것 같습니다. 레몬차와 아아 한 잔 들고 산책하러 나왔습니다. 혜화면 역시 낙산공원이죠. 레반도프스키가 훈련할만한 경사와, 계단이 있었지만 오히려 소화 운동이라 좋았고 흐렸지만 칸딘스키도 감탄 할만한 서울 풍경이 아름다웠습니다. 모두 행복하스키~~~
---
바닐라라떼 맛있고 자리가 편해요
---
키위 주슨지 스무딘지 아주 걸쭉하고 그렇다고 막힘 없이 빨대를 타고 들어오는 부드러움과 적당히 씨의 씹힘. 너무 좋았어요! 빨대를 완전 기울려도 넘어지지 않는 고정감. 완전 99퍼의 키위를 먹는 느낌이었습니다! 완전 최고! 음료가 맛있어요+3
---
디저트가 맛있고 편안한분위기가 좋아요 디저트가 맛있어요+4
---
음료가 다양하진 않지만 맛은 괜찮아요 밖에서 봤을때는 괜찮아 보였는데 안에는 SOSO
---
커피가 맛있네요
---
대학로 맛집^^ 양도많고 맛있습니다. 사람들이 많은 이유가 있군요
---
라떼 맛있어요",점심,0.0,0.6,0.4,친구,0.167,0.0,0.5,친목,1,,
120106a3-3a18-5c23-be7a-9620aa62ccc5,더커피,카페,"서울 종로구 종로40가길 4 1,2층",종로구,14동대문역 9번 출구,273,,,,,,,False,False,False,False,False,420,13,,"이전 페이지,더커피,페이지 닫기,이미지 갯수,+243,더커피카페,알림받기,방문자 리뷰 420블로그 리뷰 13,샤인머스캣 파인 쥬스의 상큼한 매력,출발,도착,저장,거리뷰,공유,홈,리뷰,사진",0,150,0,0,0,"{""쥬스"": 20, ""커피"": 18, ""과일"": 10, ""과일주스"": 7, ""생과일쥬스"": 7, ""생선"": 5, ""딸기쥬스"": 3, ""생선구이"": 3, ""닭한마리"": 2, ""수박주스"": 2, ""키위주스"": 2, ""라떼"": 1, ""매실차"": 1, ""복숭아주스"": 1, ""야채빵"": 1}","{""만족도"": 50, ""맛"": 48, ""서비스"": 8, ""가격"": 3, ""청결도"": 1, ""분위기"": 1, ""주차"": 1}",86,9,150,56.5,False,"이전 페이지 더커피 페이지 닫기 이미지 갯수 +243 더커피카페 알림받기 방문자 리뷰 420블로그 리뷰 13 샤인머스캣 파인 쥬스의 상큼한 매력 출발 도착 저장 거리뷰 공유 홈 리뷰 주소 서울 종로구 종로40가길 4 1,2층 14동대문역 9번 출구에서 273m 미터 영업시간 정보 수정 영업시간 수정 제안하기 추가 전화번호 02-2272-1420복사 클립 클립 올리고 네이버페이 포인트 적립하기 방문자 사진·영상 방문자 사진·영상 더보기 방문자 리뷰420 ""커피가 맛있어요"" 이 키워드를 선택한 인원 ""음료가 맛있어요"" 이 키워드를 선택한 인원 ""가성비가 좋아요"" 이 키워드를 선택한 인원 ""친절해요"" 이 키워드를 선택한 인원 ""디저트가 맛있어요"" 이 키워드를 선택한 인원 밀크티7554 2.141번째 방문영수증 음료가 맛있어요+3 개의 리뷰가 더 있습니다 펼쳐보기 은빛달의기사 2.71번째 방문결제내역 커피가 맛있어요+3 개의 리뷰가 더 있습니다 펼쳐보기 코쏘 2.222번째 방문영수증 음료가 맛있어요 방문자 리뷰 더보기 블로그 리뷰13 핫이슈 오늘은 김 뽀슝의 일상핫이슈 커피나무 커피콩 나오는법 23.1.26.목 2023년 1월 26일 목요일 이미지 수 야옹님 자유부인 야옹님 안국역 카페 넓은 공간이 아름다운 더커피 안국점 25.12.30.화 2025년 12월 30일 화요일 이미지 수 꺄르르M 꺄르르M의 맛있는 여행 안국역 창덕궁뷰 카페 더커피 안국점 25.11.10.월 2025년 11월 10일 월요일 이미지 수 블로그 리뷰 더보기 로딩중 알고 계신 정보와 다른 정보가 있나요? 사진으로 간단하게 제보해 주세요. 정보 수정 제안하기 관련 링크2 식신에서 보기 다이닝코드에서 보기","일단 음료가 맛있어요 샤인머스캣+파인 쥬스 추천합니다 매장도 청결하게 관리하시고 사장님 인상이 좋아 들어왔는데 넘넘 친절하십니다 ^^ 번창하세요 동대문 걸을 때마다 꼭 들리는 곳이에요. 커피도 맛나고 주스도 신선해서 좋은 곳이지요! 꽤 오랜 시간 이 곳에서 열심히 음료 만들어주시는 가족분들 감사합니다! 샤인머스켓 주스 진짜 온몸에서 기운이 나요! 생선구이 먹고 꼭 들림 안녕하세요~^^ 김뽀슝입니다 명절 잘 보내셨나요? 저는 자~알 보내드렸습니다 다신 오지막!!! 불태기를 격고 있어요 ㅡㅡㅠ 이걸 왜 하고 있지? 하고욤ㅜㅠ 오늘도 그냥 넘어가려다가 옷방에서 크고 있는 커피나무가 잎이 시들시들하길래 물을 줬는데요 잎이 신기하게 나서 신기한김에 사진을 찍었습니다~^^ 신기하쥬~~^^ 큰잎두개밑에 작은잎 두개가 꼭 쌍둥이 같네요 이케 자라기도 쉽지않을것 같아서 사진으로 남겨 봅니다 물을 주지않아서? 픽하고 이파리가 주저앉아있너ㅣ요 ㅜㅜ 미안하다 커피나무야 © Skitterphoto, 출처 Pixabay 커피나무인데 커피콩이 하나도 나질않슴돠 커피콩아 나와라 돈나무도 새싹이 돋아나네요 커피콩도 나오구 돈나무도 잘 자라니 돈도 많이 들어오기를 기대해봅니다 신기한 커피나뭇잎 예쁘다요 지난 주 항암하러 갔다가 안국역 근처에서 맛있는 보리굴비를 먹고 엄마랑 헤어지기 전에 커피한 잔 할까 싶어 최근 새로 생긴 더커피 안국점에 들렀다 위치는 안국역 4번 출구 서울우리소리박물관 근처 길 건너편에 바로 창덕궁이 있고 걸어서 대학로까지 갈 수 있는 곳에 위치해 있음 한참 공사하느라 복잡했는데 어느 순간 멋진 건물이 떡 하니 들어섰다 어쩌다보니 매번 가던 가게만 가니까 새로 생긴 건물에도 식당이 있던데 한번도 가보질 못했군.... 다음 번엔 여기 입점되어 있는 식당도 한 번씩 가봐야겠음 안에 들어서니 밖에서 예상했던 것 만큼 카페에서 바라보는 뷰가 훌륭했다 2층에 육박하는 높은 층고와 통창 그리고 바로 앞에 펼쳐지는 서울 구도심의 모습까지 내가 안국역 카페를 비롯한 이 부근의 거리를 좋아하는 이유 중 하나 수서에 있는 회사에 다닐 때 돈암동에서 안국역까지 매일 아침 40분을 운동삼아 걸어서 출근했었는데 창경궁-종묘-창덕궁-안국역까지 이어지는 돌담길과 거리들이 정말 예뻐서 매일 봐도 질리지 않았다는 평일 점심 피크 시간 지난 뒤에 가서 그런가 한적하니 우리가 안국역 카페 전체를 전세낸 것마냥 이용할 수 있었다 직장인 점심 피크시간대에는 조금 혼잡할듯 안국역은 강남이나 광화문처럼 초 오피스 밀집지역은 아니라 평일 오전 오후의 유동인구는 비슷할 거 같긴 한데 관광객이 더 많은 동네 특성상 주말은 시간대 무관 무척 붐빌 것으로 예상된다 그래서 우리 가족은 주말엔 안국역에 안나온다 ㅋㅋㅋㅋㅋㅋㅋㅋ 여긴 평일에 오는 곳이야 좌석 종류도 다양하고 (쇼파, 테이블, 혼합) 일단 공간이 엄청 넓어서 마음이 평화로워짐 다음엔 아기랑 같이 와 봐야지 안그래도 맨날 어린이집 하원하면 엄마랑 카페가서 까까 먹겠다는 녀석인데 ㅎ 안국역 카페 데려오면 엄청 좋아할 것 같다 창덕궁이 보이는 통창 쪽에만 더커피 안국 테이블이 있는 줄 알았는데 화장실에 손씻으러 갔다가 돌아오는 길 저기 안쪽에도 테이블이 있다는 걸 알았다 건물 1층 로비 절반을 거의 다 쓰는 셈인데 엄청난 규모에 놀라고 깔끔한 디자인에 놀람 요로케 넷이 둘러 앉을 수 있는 테이블도 있네 여럿이서 와도 편하게 커피 한 잔 하다 갈 수 있을 듯 무엇보다 화장실이 넘나 깨끗해서... 굿 아기 낳고 기르느라 요즘 트랜드에 뒤쳐져 있어서 더커피라는 이름도 여기서 처음 알았다는 근데 찾아보니 여기저기 지점이 많은 카페였구만 나만 몰랐네.....나만 몰랐어 한 가지 재밌는 건 브랜딩이 영어/일본어로 되어 있어서... 창덕궁뷰 카페 더커피 안국점 안녕하세요! 꺄르르M이에요~ 오늘은 안국역 신상카페 창덕궁뷰 커피숍 더커피 안국점에 다녀왔어요! ㅇ 더커피 안국점은 창덕궁 건너편 새로생긴 빌딩 1층에 위치한 신상카페인데요, 로비 앞에 통창뷰라 시야도 탁트이고 천장도 높아 개방감도 좋더라고요! 운 좋게 창가자리 겟! 단풍이 곱게 물든 은행나무뷰와 창덕궁뷰를 한번에 감상할 수 있어요. 벽면에 써있는 걸 보니 세계 여러 도시에 지점이 있는듯해요. 주문은 테블릿으로! 간단한 쿠키나 베이커리류도 있습니다. 커피 외에 말차나 에이드 메뉴도 있어요. 저는 더커피 시그니처메뉴라는 이치고말차 한잔과 아이스 아메리카노 한잔 주문! 에코백이나 머그컵같은 굿즈도 있어서 음료 기다리는동안 잠시 구경. 음료는 금방 나오더라고요. 왼쪽이 이치고말차 오른쪽이 아이스아메리카노 딸기베이스에 우유 그리고 말차가 가득 들어있는데 생각보다 딸기맛이 강하지않은 말차라떼맛입니다. 아이스아메리카노는 약간 연하더라고요. 샷추가하면 더 맛있을듯! 안국역근처에 모두 주말에 너무 복잡한커피숍들만 가득한데 더커피는 매장도 엄청 넓고 개방감도 좋아서 편히 쉬다 올 수 있었어요. 다음에는 티라미수라떼도 한번 도전해보려고요. 오늘도 맛있게 먹었습니다! 이상 안국역 창덕궁뷰 카페 ""더커피 안국점""후기였습니다! 꺄르르M은 또 더욱더 맛있는 이야기와 함께 찾아오겠습니다! 조만간 더 알찬 정보로 또 만나요!","일단 음료가 맛있어요 샤인머스캣+파인 쥬스 추천합니다 매장도 청결하게 관리하시고 사장님 인상이 좋아 들어왔는데 넘넘 친절하십니다 ^^ 번창하세요 음료가 맛있어요+3
---
동대문 걸을 때마다 꼭 들리는 곳이에요. 커피도 맛나고 주스도 신선해서 좋은 곳이지요! 꽤 오랜 시간 이 곳에서 열심히 음료 만들어주시는 가족분들 감사합니다!
---
샤인머스켓 주스 진짜 온몸에서 기운이 나요! 생선구이 먹고 꼭 들림 음료가 맛있어요
---
샤인머스켓파인애플, 딸기바나나 주문 딸기바나나 강추 합니다 바나나가 많이 들어가는 편이어서 달달하니 좋았어요 2층도 있어 마시고 가기 좋아요 음료가 맛있어요
---
생과일주스 굿
---
생선골목에 위치한 작은 커피집
---
맛있어요 가끔 갑니다
---
맛있어요. 좋아요.. 디저트가 맛있어요
---
커피 굿
---
싸고 맛있어요~ 음료가 맛있어요",점심,0.1,0.8,0.1,연인·배우자,0.0,0.5,0.333,데이트,1.4,"안녕하세요~^^ 김뽀슝입니다 명절 잘 보내셨나요? 저는 자~알 보내드렸습니다 다신 오지막!!! 불태기를 격고 있어요 ㅡㅡㅠ 이걸 왜 하고 있지? 하고욤ㅜㅠ 오늘도 그냥 넘어가려다가 옷방에서 크고 있는 커피나무가 잎이 시들시들하길래 물을 줬는데요 잎이 신기하게 나서 신기한김에 사진을 찍었습니다~^^ 신기하쥬~~^^ 큰잎두개밑에 작은잎 두개가 꼭 쌍둥이 같네요 이케 자라기도 쉽지않을것 같아서 사진으로 남겨 봅니다 물을 주지않아서? 픽하고 이파리가 주저앉아있너ㅣ요 ㅜㅜ 미안하다 커피나무야 © Skitterphoto, 출처 Pixabay 커피나무인데 커피콩이 하나도 나질않슴돠 커피콩아 나와라 돈나무도 새싹이 돋아나네요 커피콩도 나오구 돈나무도 잘 자라니 돈도 많이 들어오기를 기대해봅니다 신기한 커피나뭇잎 예쁘다요
---
지난 주 항암하러 갔다가 안국역 근처에서 맛있는 보리굴비를 먹고 엄마랑 헤어지기 전에 커피한 잔 할까 싶어 최근 새로 생긴 더커피 안국점에 들렀다 위치는 안국역 4번 출구 서울우리소리박물관 근처 길 건너편에 바로 창덕궁이 있고 걸어서 대학로까지 갈 수 있는 곳에 위치해 있음 한참 공사하느라 복잡했는데 어느 순간 멋진 건물이 떡 하니 들어섰다 어쩌다보니 매번 가던 가게만 가니까 새로 생긴 건물에도 식당이 있던데 한번도 가보질 못했군.... 다음 번엔 여기 입점되어 있는 식당도 한 번씩 가봐야겠음 안에 들어서니 밖에서 예상했던 것 만큼 카페에서 바라보는 뷰가 훌륭했다 2층에 육박하는 높은 층고와 통창 그리고 바로 앞에 펼쳐지는 서울 구도심의 모습까지 내가 안국역 카페를 비롯한 이 부근의 거리를 좋아하는 이유 중 하나 수서에 있는 회사에 다닐 때 돈암동에서 안국역까지 매일 아침 40분을 운동삼아 걸어서 출근했었는데 창경궁-종묘-창덕궁-안국역까지 이어지는 돌담길과 거리들이 정말 예뻐서 매일 봐도 질리지 않았다는 평일 점심 피크 시간 지난 뒤에 가서 그런가 한적하니 우리가 안국역 카페 전체를 전세낸 것마냥 이용할 수 있었다 직장인 점심 피크시간대에는 조금 혼잡할듯 안국역은 강남이나 광화문처럼 초 오피스 밀집지역은 아니라 평일 오전 오후의 유동인구는 비슷할 거 같긴 한데 관광객이 더 많은 동네 특성상 주말은 시간대 무관 무척 붐빌 것으로 예상된다 그래서 우리 가족은 주말엔 안국역에 안나온다 ㅋㅋㅋㅋㅋㅋㅋㅋ 여긴 평일에 오는 곳이야 좌석 종류도 다양하고 (쇼파, 테이블, 혼합) 일단 공간이 엄청 넓어서 마음이 평화로워짐 다음엔 아기랑 같이 와 봐야지 안그래도 맨날 어린이집 하원하면 엄마랑 카페가서 까까 먹겠다는 녀석인데 ㅎ 안국역 카페 데려오면 엄청 좋아할 것 같다 창덕궁이 보이는 통창 쪽에만 더커피 안국 테이블이 있는 줄 알았는데 화장실에 손씻으러 갔다가 돌아오는 길 저기 안쪽에도 테이블이 있다는 걸 알았다 건물 1층 로비 절반을 거의 다 쓰는 셈인데 엄청난 규모에 놀라고 깔끔한 디자인에 놀람 요로케 넷이 둘러 앉을 수 있는 테이블도 있네 여럿이서 와도 편하게 커피 한 잔 하다 갈 수 있을 듯 무엇보다 화장실이 넘나 깨끗해서... 굿 아기 낳고 기르느라 요즘 트랜드에 뒤쳐져 있어서 더커피라는 이름도 여기서 처음 알았다는 근데 찾아보니 여기저기 지점이 많은 카페였구만 나만 몰랐네.....나만 몰랐어 한 가지 재밌는 건 브랜딩이 영어/일본어로 되어 있어서...
---
창덕궁뷰 카페 더커피 안국점 안녕하세요! 꺄르르M이에요~ 오늘은 안국역 신상카페 창덕궁뷰 커피숍 더커피 안국점에 다녀왔어요! ㅇ 더커피 안국점은 창덕궁 건너편 새로생긴 빌딩 1층에 위치한 신상카페인데요, 로비 앞에 통창뷰라 시야도 탁트이고 천장도 높아 개방감도 좋더라고요! 운 좋게 창가자리 겟! 단풍이 곱게 물든 은행나무뷰와 창덕궁뷰를 한번에 감상할 수 있어요. 벽면에 써있는 걸 보니 세계 여러 도시에 지점이 있는듯해요. 주문은 테블릿으로! 간단한 쿠키나 베이커리류도 있습니다. 커피 외에 말차나 에이드 메뉴도 있어요. 저는 더커피 시그니처메뉴라는 이치고말차 한잔과 아이스 아메리카노 한잔 주문! 에코백이나 머그컵같은 굿즈도 있어서 음료 기다리는동안 잠시 구경. 음료는 금방 나오더라고요. 왼쪽이 이치고말차 오른쪽이 아이스아메리카노 딸기베이스에 우유 그리고 말차가 가득 들어있는데 생각보다 딸기맛이 강하지않은 말차라떼맛입니다. 아이스아메리카노는 약간 연하더라고요. 샷추가하면 더 맛있을듯! 안국역근처에 모두 주말에 너무 복잡한커피숍들만 가득한데 더커피는 매장도 엄청 넓고 개방감도 좋아서 편히 쉬다 올 수 있었어요. 다음에는 티라미수라떼도 한번 도전해보려고요. 오늘도 맛있게 먹었습니다! 이상 안국역 창덕궁뷰 카페 ""더커피 안국점""후기였습니다! 꺄르르M은 또 더욱더 맛있는 이야기와 함께 찾아오겠습니다! 조만간 더 알찬 정보로 또 만나요!",14.3
0bd50138-8ff1-5ea6-8197-9065e1a9ef98,,,,,,,,,,,,,False,False,False,False,False,,,,,0,0,0,0,0,{},{},0,,,,False,,,,,,,,,,,,,,,
20c06f08-eee6-501e-be35-3215bb741297,더한옥,디저트,서울 종로구 계동길 75,종로구,3안국역 3번 출구,440,,https://www.instagram.com/thehanok_seoul/,옛 한옥을 그대로 느낄 수 있는 북촌 한옥카페,,,,True,True,False,True,True,331,89,999,"내부,음식·음료,쌍화차,커피,빙수,동영상,동영상",0,75,0,87,0,"{""커피"": 12, ""대추차"": 11, ""와플"": 9, ""빙수"": 6, ""전통차"": 5, ""매실차"": 4, ""쌍화차"": 4, ""에이드"": 3, ""오미자차"": 3, ""크로플"": 3, ""모과차"": 2, ""베이글"": 2, ""생강차"": 2, ""아이스크림"": 2, ""아이스크림와플"": 2}","{""만족도"": 78, ""맛"": 39, ""분위기"": 37, ""서비스"": 16, ""목적"": 3, ""음식량"": 2, ""가격"": 1, ""대기시간"": 1}",15,5000,12900,7500,True,한옥빙수 아메리카노 카페라떼 카푸치노 바닐라라떼 카페모카 아포카토 핫초코 아이스크림 고구마라떼 말차라떼 대추차 쌍화차 수정과 꽃차,,"1박 2일 서울 나들이 중 <더한옥>에서 <베이글브런치 & 크로플브런치 & 와플브런치>와 <대추차 & 매실차 & 레몬에이드 & 페퍼민트(아이스 추가)> 먹었어요. 대추차 진하고 맛있어요~~^^ 디저트가 맛있어요+4
---
북촌 안국역에서 조금 올라가면 있는 전통 찻집입니다. 이주변에 요즘 핫한 카페들 많지만 여긴 오래되고 조용한 곳이에요. 안에 한옥이 정말 예쁘고 분위기 좋습니다. 전통차가 다양한데 생강차와 쌍화차 맛있네요. 인절미 크로플 추천합니다. 와플 안에도 떡을 넣으셨는지 폭신하고 쫄깃하네요. 주변에 외국인 분들도 많습니다. 음료가 맛있어요+4
---
한옥이라 좋고, 따뜻한 차 좋아요^^ 음료가 맛있어요+4
---
카페이름처럼 고즈넉하고 고풍스런 분위기에 전체적으로 조용해서 괜챻네요 와플도 맛있답니다 디저트가 맛있어요+1
---
더 한옥이니 전통차가 있어야 하는 편견을 깨는 곳. 한옥의 정겨움과 아름다움을 느끼는 날. 아포카토와 한옥빙수를 주문. 한옥빙수는 팥빙수~팥만 먹었지만 팥빙수를 좋아하는 사람에겐 많은 양도 아닐 듯. 음료가 맛있어요+1
---
워크숍 중간에 빙수 먹으려고 방문했습니당!!!! 단체라서 사전에 예약 후 방문했는데 자리도 넘 잘 만들어주시고 음식메뉴도 빠르게 준비해주셔서 넘 감사했어요!! 무엇보다 한옥이라 다들 너무 좋아하셨네요 :) 대화하기도 좋고 흘러나오는 노래가 잔잔해서 쉬기 넘 좋았어요!! 특히나, 빙수+한옥조합 100점♥️♥️ 넘 만족스럽습니당!! 개인적으로도 또 방문하러 올게요~~ 오늘부터 최애카페입니당><!!! 감사했어요 사장님😖😖
---
식사와 카페가 같이 해결 가능한 곳을 찾다 오게되었어요. 베이글 브런치랑 오미자 에이드 먹었는데 브런치 양도 푸짐하고, 음료도 맛있었어요. 분위기도 고즈넉하고 한옥 감성도 한가득 담겨있는 장소라 다음에도 오고 싶어요!
---
음료가 맛있어요+4
---
좋아요 대화하기 좋아요
---
멋있어요 옛날 와플st",아침,0.333,0.333,0.333,지인·동료,0.167,0.167,0.167,친목,1,,
31b73634-7168-56f5-850f-8ab55c1e1ca8,,,,,,,,,,,,,False,False,False,False,False,,,,,0,0,0,0,0,{},{},0,,,,False,,,,,,,,,,,,,,,
647da076-58c9-54e2-ac58-5b297bb8ff1d,델리카,카페,서울 용산구 녹사평대로46길 11 일층,용산구,6녹사평역 2번 출구,388,0507-1464-9060,http://instagram.com/cafe_delica,파니니 전문점입니다!!!!!!!!!! 쿠팡이츠 배달 주문만 가능합니다 월요일휴무 결제수단1 제로페이 SNS1 인스타그램 http://instagram.com/cafe_delica 알고 계신 정보와 다른 정보가 있나요? 사진으로 간단하게 제보해 주세요. 정보 수정 제안하기 이용약관고객센터리뷰운영정책신고센터 네이버,,,,False,False,False,False,False,61,32,,,0,0,0,0,0,"{""커피"": 3, ""파니니"": 3, ""빙수"": 2, ""티라미수"": 2, ""뱅쇼"": 1, ""샌드위치"": 1, ""토스트"": 1, ""파스타"": 1, ""팥빙수"": 1, ""프렌치토스트"": 1}","{""만족도"": 8, ""맛"": 7, ""서비스"": 5, ""분위기"": 4, ""음식량"": 1, ""가격"": 1}",1,5500,5500,5500,False,라떼,,"좋아요 가성비가 좋아요
---
점 점심에 방문 지인 추천으로 처음 방문했습니다. 연세드신 여사장님이 정성껏 음식을 준비해주십니다. 1번 파니니 담백하고 고급지네요. 아이들은 4번 파니니 잘먹었습니다. 파스타도 인기 만점이었습니다. 커피도 라바짜로 일품입니다. 티라미슈도 강추입니다 재료하나하나 고급지고 특히 파니니 빵이 맛있었습니다. 인테리어도 깔끔하고 매장내에 책도 꽤많아서 책읽기 좋습니다 다만 영업시간이 다소 짧아서 방문전에 전화로 문의하시는것을 추천드립니다 다음에도 재방문의사있습니다
---
점 점심에 방문 인테리어도 예쁘고, 커피랑 샌드위치 맛있어요 ~ 사장님도 친절하고 좋으세요 :) 친절해요+3
---
ㅣ 디저트가 맛있어요
---
3.5 점 점심에 방문 카페좋아용 ㅎㅎ
---
점 점심에 방문 잠깐 시간때우려고 들어갔는데 기대이상으로 아늑하고 맛있어요. 밥먹기전에 간가라 파니니나 프렌치토스트 못먹었는데 옆테이블꺼 보니 다음에 먹으러와야겟어요ㅠ
---
점 점심에 방문 음료도 맛있었고 사장님이 정말 친절하셨어요
---
점 점심에 방문 사장님이 친절 하시고 그자리에서 파니니를 눌러주시더라구요 따뜻하고 정말 맛있었습니다 경리단길 입구여서 분위기도 좋았어요 다음번엔 앉아서 즐길 수 있기를 바라겠습니다!
---
점 점심에 방문 사장님 친절하시고 음료가 맛있다",점심,0.0,0.667,0.333,,0.0,0.0,0.0,,1.2,"이태원대장님 기다리려고 카페를 찾다가 우연히 발견한 경리단길 카페 '델리카'. 델리카는 이태원 초등학교 근처입니다. 녹사평역 쪽!!! 아늑한 분위기랑 조명을 보고 홀린 듯이 카페에 들어갔어요. 이태원 카페들은 왜 이리 분위기가 좋은거얏...!♡ 메뉴판이 입구에 있으니 미리 보고 들어가는 것도 좋아요~ 테이블이 많진 않지만 좁다는 느낌은 안 드네요. 아늑아늑~ 거의 마감시간 다 되어서 들어갔는데 저 말고 여성분 4분이 수다떨고 있으셨어요 ㅋㅋㅋㅋㅋㅋㅋㅋㅋㅋㅋ 해리야.... 얼른와...ㅋㅋㅋㅋㅋㅋ(외롭) 무엇을 마실까 고민하다가 저는 '티라미수라떼'를 주문했습니다. 가격은 7천원이었어요. 비오는 날에 어울리는 티라미수라떼. 경리단길 맛집이라는데, 과연 맛은? 사실 가격값 못할까봐 걱정 많이 했어요ㅋㅋㅋㅋ 무려 7천원인데!!!!! 하지만.... 매우 맛있었다고 합니다. ♡♡♡♡♡ 정무린의 니즈를 충족시켜주었어요ㅋㅋㅋㅋㅋ 양도 혜자혜자~.~ 폭폭 찌르며 먹는 재미가 있어요ㅋㅋㅋㅋ 이태원 카페 찾으시는 분들 '델리카'에서 티라미수라떼 한잔 꼬꼬우~? * 티라미수라떼 맛보고 나니까 다른 메뉴 맛도 궁금해지네요:>
---
안녕하세요. 블로거 호끼입니다. 오랜만에 소개하는 맛집. 이제 블로그 다시 열심히 해보려구요.. 약간 사이판 갔따와서 아프기도하고 뭔가 텐션이 떨어졌었음... 구루망 포스팅부터 시작 경리단길 깔끔한 맛집 구루망 소개. 경리단길에 위치하고 있는 일본식 가정식 집이에요. 뭔가 입구부터 재팬틱하죠? (일본에 대해 많이 아는 척) 스테끼 덥밥이 여기 시그니처래요. 참고하시면 좋구요. 아맞다 위치를 안알려드렸구나 흠 네이버 지도에 안나오네요? 같은 건물이니 여기로 가시면 됩니당! 서울시 용산구 녹사평대로 46길 11 내부가 깔끔하고 너무 이뻤어요. 제가 좋아하는 인테리어 같은 느낌적인 느낌? 저 목욕탕 바닥 같은 타일 너무 좋아요. 구루망은? 일본어로 대식가 식도락가 라는 뜻이라는군요. 전 대식가는 아니지만...? 마스터셰프 코리아 이창수, 강형구 셰프의 프로젝트 중 하나래요. 트렌디한 일본 가정식 요리를 먹고 싶다면 여기로! 메뉴는 스테이크 덮밥(스테끼 덮밥) 연어 덮밥 불닭 덮밥 카레 우동 게살 우동 제가 먹은 메뉴들이에요. 경리단길 갔을 때 깔끔하고 간단히 먹기 좋은 일본 가정식 집인 듯! 포스팅 끝
---
안녕하세요, 데이비드입니다. :) 오랜만에 카페 리뷰네요. 볼일이 있어서 녹사평역에 갔다가,, 사실은 다른 카페를 찾아가려다가 길을 잃고 발견한 카페 되겠습니다. 맛이 그저 그랬다면 올릴 생각은 없었는데,, 꽤 괜찮은 곳이었던 카페 델리카. 아시는 분은은 이미 아실 골목길 골목에 위치한 델리카 작지만 분위기 있는 델리카 나들이 하기 좋은 날씨에만 나돌아다니는 데이비드. 생각해보니 이런 활동 패턴으로 카페 리뷰라니. ;) 녹사평역에서는 그렇게 먼 곳은 아니랍니다..골목길 들어와서 2-3분만 걷다보면 보이는 곳이니까요. 경리단길 끝자락에 위치하고 있습니다. 낮에 간다면 채광이 꽤 좋습니다. 와이파이 빠른 편이었습니다. 나름 실내화장실이 있답니다. 안쪽에는 시간을 보낼 수있는 책들도 몇점 배치되어 있네요. 너무 기대하면 안되기에, 기대하지 않고 성공했던 델리카의 수제 티라미수입니다. ;) 아름다운 자태를 구경해보실까요. 요로콩 안에도 달달한 초코가 들어있어요. 입에서 녹는게 이런 느낌이랄까요. 채광이 좋은 분위기 티라미수도 맛있었지만 카페라면 뭐니해도 커피가 맛이 있어야겠죠. 커피 원두를 라바짜 탑클래스를 사용하고 있었습니다. 아메리카노 가격이 다소 높아보이지만, 한모금 마셔본다면 확실히 좋은 원두를 쓴다는 느끼실 겁니다. ;) 크레마가 풍부하고 고소한 맛이 일품인 라바짜 원두. 영업시간 월-금: 15:00 - 22:00 토-일: 13:00 - 22:00",18
51e7fd87-ee66-5f3a-bcea-6ede26c62cc2,동네커피,디저트,인천 중구 오작로20번길 10-19 1층(중산동) 동네커피,중구,,,0507-1340-8766,,동네커피 12월7일 OPEN,,,,True,True,True,True,True,204,56,,"내부,음식·음료,바닐라라떼,동영상,동영상,동영상",0,146,58,63,0,"{""커피"": 64, ""라떼"": 27, ""샌드위치"": 15, ""바닐라라떼"": 8, ""아메리카노"": 3, ""딸기라떼"": 2, ""마들렌"": 2, ""소금빵"": 2, ""에이드"": 2, ""치킨"": 2, ""카페라떼"": 2, ""팥빙수"": 2, ""돌체라떼"": 1, ""딸기요거트"": 1, ""딸기요거트스무디"": 1}","{""맛"": 95, ""만족도"": 62, ""분위기"": 20, ""서비스"": 15, ""메뉴"": 10, ""가격"": 4, ""목적"": 3, ""청결도"": 2, ""위치"": 2, ""음식량"": 1}",4,4000,5000,4666.7,True,동네라떼 리스트레토샷과 수제휩크림으로 동네커피 시그니처 바닐라라떼 솔티라떼,숙성시킨 바닐라빈과 동네커피만의 특별한 레시피로 만든 수제바닐라라떼! 매장에서 직접 내리는 더치 위 부드러운 100%동물성크림과 히말라야 핑크솔트의 환상조합@,"아이가 두바이쫀득쿠키에 빠져있어요~! 다른곳 두쫀쿠는 달아서 잘 못먹겠다고 하는데 동네커피 두쫀쿠는 달면서 고소함이 가득퍼져서 너무 맛있다고 해요 ㅎ 월요일 방문해서 먹고.. 오늘도 사와서 집에서 맛있게 먹고있어요 ~! 제가 먹어본 두쫀쿠(다른지역)보다 고소하고 맛있어요 ^^
---
커피 디저트 다 너무 맛있어서 자주 방문해요 ㅎㅎ 다음에는 샌드위치도 먹어보려구요!!
---
가끔 기분전환하러 공부하러 오는데 아늑해서 좋아요😋 두쫀쿠도 파는데 나중에 도전하러 와야겠어요 (여기 두쫀쿠 맛있다고 계속 사람들이 와서 파냐고 물어보더라구요 (솔깃😗))
---
동네커피. 오랜만에 갔는데 두쫀쿠있어서 얼른 먹어봤어요. 처음 먹어봤는데 맛있더라고용
---
호밀빵 바게뜨인데 엄청 부드럽고 슈크림마냥 잘 넘어갑니다. 먹어보고 깜짝놀라서 리뷰씁니다.
---
대화가 울려서 시끄럽긴하지만 인테리어가 멋져요
---
커피도 맛있고 카페분위기도좋아요~~
---
커피도 맛있고 디저트도 맛있는데 커피는 주문한지 50분걸려 받았고 디저트는 까먹으셔서 주문한지 1시간반걸려 받았어요..개선이 필요해 보여요 다른손님들도 짜증내더라구요..
---
아메리카노 종류가 다양해서 좋습니다. 인테리어가 아늑하고 친절합니다.
---
분위기 좋아요 사진이 잘 나와요 음료가 맛있어요+2",점심,0.0,1.0,0.0,연인·배우자,0.111,0.444,0.222,일상,1.3,,
a4a867ed-6f9a-5511-bcec-7b7f7d98e6aa,디끌레,디저트,서울 서초구 신반포로42길 11 1층 101호,서초구,7신분당논현역 6번 출구,270,,https://smartstore.naver.com/decle,<디끌레>는 고급재료와 정성으로 쁘띠갸또와 구움과자를 만드는 파티셰리입니다.,,,,True,True,True,False,True,450,210,999,"내부,음식·음료,휘낭시에,까눌레,피스타치오,마들렌,밀푀유,외부,메뉴판,동영상,동영상,동영상,동영상",0,115,0,106,227,"{""까눌레"": 88, ""케이크"": 39, ""휘낭시에"": 32, ""마들렌"": 29, ""커피"": 24, ""타르트"": 23, ""구움과자"": 21, ""밀푀유"": 20, ""몽블랑"": 15, ""에그타르트"": 15, ""다쿠아즈"": 9, ""밀크티"": 9, ""과일"": 7, ""옥수수"": 7, ""초콜릿"": 7}","{""맛"": 264, ""만족도"": 166, ""서비스"": 57, ""목적"": 35, ""메뉴"": 29, ""분위기"": 25, ""위치"": 14, ""청결도"": 4, ""예약"": 4, ""배달"": 3, ""가격"": 3}",17,3300,10800,6000,True,"피스타치오프레지에 디끌레 시그니처 노밀가루 케이크 피스타치오+딸기 조합 두바이초콜릿 까눌레 커피밀푀유 두바이에그타르트 밤몽블랑까눌레 디끌레 시그니처 메뉴 에그타르트 두바이초콜렛 다쿠아즈 요즘 인기인 두바이 피스타치오 다쿠아즈 버전!!! 휘낭시에 2,900~3,500원 마들렌 3,200~3,800원 까눌레 겉은바삭 속은 촉촉한 디끌레 추천메뉴 갈레트브루통",,"논현동에서 유명한 디저트맛집! ㅎㅎ엄마에게 맛있는거 드리고싶어서 엄마만나러 가는길 선물로 사가요♥️♥️언제 먹어도 맛있고 선물로 사기 딱좋아요❤❤
---
두바이 디저트 너무 땡겨서 다쿠아즈랑 까눌레 구매했어요ㅎㅎ 카다이프 너무 촉촉하고 원물맛 많이 나서 존맛!! 까눌레는 엄청난 겉바속촉 식감이네용ㅋㅋㅋ 다쿠아즈는 사실 겉이 좀 메말라서 퍽퍽했는데 필링이 넘 맛있어요😋 디저트가 맛있어요+3
---
직장동료의 극찬으로 방문히게 됐어요. 역시 입맛까다로운 미식가 지인의 결정이 맞았어요!! 너무 맛있어요!! 이제 방앗간을 못 지나치는 참새가 될듯요 ㅎㅎ 번창하세요 ;)
---
구움과자 1등 맛집🥹 한번 먹어보고 너무너무너무 맛있어서 근처 오면 들려요!! 사장님 너무 친절하시고 다양한 맛 다양한 종류로 구움과자 즐길 수 있어서 너무 좋아용😊 까눌레 휘낭시에 마들렌 다 맛있어요 자주 방문할게요🍀 디저트가 맛있어요+2
---
리뷰는 처음 남기지만, N번째 방문하는 디저트 맛집이에요 :) 시즌별로 나오는 과일 프레지에와 커피 밀푀유가 정말 맛있어용 ㅎㅎㅎ 디저트가 맛있어요+3
---
디끌레 딸기 피스타치오 프레지에 넘나 고소해요 ♥ 두바이 초코렛 까눙레는 필수 입니당! 선물하기 좋은 맛있는 구움과자 맛집이에요!! 디저트가 맛있어요+1
---
커피도 맛있고 강아지 목욕 맡기면서 항상 들리는곳이에요 이번엔 피스타치오베리마들렌 먹었는데 이것도 존맛이네용 그래도 원탑은 두바이까눌레임𖤐
---
메뉴정말 다양허고 맛있어ㅇ 피스타치오딸기 츄천드립니다
---
최애 디저트 카페 디클레에서 두쫀쿠 나왔다는 소식 !! 발견하자마자 달려갔어요. 쌉쌀하고 고소하고 좋지만, 저는 두바이 초콜릿 까눌레가 최애입니다 ♥ 유후!! 디저트가 맛있어요+2
---
피스타치오 프레지에가 너무 좋아서 n년째 방문하는 곳..🥰 너무맛있어요 두바이 유행보다 훠어ㅓ어얼씬 근본적인 피슷땃쥐오~~♥︎ 디저트가 맛있어요+4",점심,0.0,0.8,0.2,연인·배우자,0.4,0.5,0.0,데이트,3.1,,
23e8b89d-2955-5e7e-9c81-2112639d17d1,서비스 이용이 제한되었습니다.,,,,,,,,,,,,False,False,False,False,False,,,,"동영상,동영상,동영상,동영상,동영상",0,0,0,0,0,{},{},6,,,,False,플레이스 서비스 이용이 제한되었습니다. 과도한 접근 요청으로 서비스 이용이 제한되었습니다. 잠시 후 다시 시도해주세요. 이전화면 새로고침,IP: 211.192.210.178(09/Mar/2026:14:31:57 +0900),,,,,,,,,,,,,
c8911048-7ee6-5983-b5f8-2825ff791946,루프탑스테이 야장 룸,,서울 용산구 한강대로84길 11 2층,용산구,4숙대입구역 6번 출구,78,0507-1355-2862,https://www.instagram.com/stay_sookdae,"숙대입구 루프탑 펍, 루프탑스테이 _ 감성의 밤이 머무는 곳",,,주차 불가,True,True,False,True,True,923,1,999,"내부,음식·음료,파닭꼬치,떡볶이,감자튀김,맥주,감바스알아히요,외부,메뉴판,동영상,동영상,동영상,동영상,동영상,동영상",0,0,0,331,0,"{""꼬치"": 94, ""떡볶이"": 65, ""맥주"": 49, ""모듬꼬치"": 44, ""하이볼"": 33, ""스테이크"": 25, ""감바스"": 17, ""찹스테이크"": 17, ""생맥주"": 15, ""치킨"": 15, ""빙수"": 13, ""튀김"": 12, ""피자"": 11, ""감자튀김"": 8, ""닭꼬치"": 8}","{""맛"": 577, ""만족도"": 569, ""분위기"": 310, ""서비스"": 180, ""목적"": 69, ""음식량"": 30, ""메뉴"": 28, ""예약"": 25, ""위치"": 17, ""전망"": 9, ""가격"": 8, ""청결도"": 5}",20,15000,36000,25666.7,True,수제 직화 모듬꼬치 당일 입고 신선한 닭다리살 불맛 가득 수제 꼬치 플래터 치떡꼬 (치킨+오뎅꼬치+떡볶이) 오떡꼬 (오징어튀김+치킨+떡볶이) 철판 모듬소세지 매쉬포테이토 올리브 갈릭 감바스 얼큰마라 소고기 샤브샤브 한치 마른안주 모듬구이 한치 쥐포 견과류등이 어우러진 마른안주 모듬구이 나쵸 & 감자튀김 바삭짭짤한 감자튀김과 즐기는 고소한 나쵸 [시즌] 프리미엄 생딸기 눈꽃빙수 생과일 생크림 카스테라 순우유 눈꽃빙수 순수 100% 우유로 만들어 고소달달한 우유눈꽃빙수 망고치즈케잌눈꽃빙수 수제순살치킨후라이 프라임등급부드러움이 남다른찹스테이크 최고급 프라임등급!근막제거로 더 부드러운 찹스테이크 매콤치즈불닭,"바삭한 치킨과 튀겨낸 어묵에 꾸덕한 부산식 매운 양념소스를 더한 중독적인 메뉴 바삭한 치킨과 튀긴 어묵, 통오징어 튀김과 꾸덕한 부산식 매운소스 떡볶이 수제 소세지와 매쉬포테이토 그래미소스와 함께 즐기는 페어링 탱글한 새우와 마늘 풍미, 바삭 바게트와 함께 즐기는 스페인식 감바스 얼큰한 마라 육수에 프리미엄 소고기와 신선한 야채를 곁들인 루프링 샤브샤브 시즌 한정, 싱싱한 생딸기를 듬뿍, 4~5인이 먹어도 되는 푸짐한 양 촉촉한 카스테라에 수제로 만든 생크림과 제철과일을 듬뿍! 망고와치즈케잌을 순수우유눈꽃빙수와 함께 만든 프리미엄 망고치즈케잌눈꽃빙수 신선한닭다리살과 스테이만의 염지방법으로 직접손질하여 튀겨낸 순살 후라이드치킨 신선한 닭다리살에 매콤한 양념으로 불맛을 낸 철판 치즈 닭볶음구이","국물 떡볶이랑 감바스 비주얼 대박이죠 큰 접시에 나와서 한눈에 봐도 양이 많고 재료가 아낌없어서 완전 푸짐 그자체🔥 ​ 버섯이랑 토마토 듬뿍 들어간 감바스도 새우가 엄청 많고 튼실해서 존재감 대박👍🏻 재료가 전부 푸짐해서 취향저격 당했어요 루프탑에는 대형 이글루룸이 있는데 바람 걱정 없이 아늑하고 따뜻하면서도 야장 감성은 그대로 느낄 수 있어요😙 남영역이나 숙대입구역 근처 오시면 맛 분위기는 물론 가성비도 너무 좋은 루프탑스테이 야장룸 강추드립니당💗 음식이 맛있어요+4
---
분위기 좋은 술집 찾다가 왔어요~ 루프탑에 분위기 좋은 이글루가 있더라구요!! 저는 떡볶이를 시켰는데 매콤하니 맛났어요😊 특히 오징어랑 어묵이 맛났습니다! 데이트하기도 좋고 회식하기도 좋은 곳 같아요~~ 가성비가 좋아요+4
---
진짜 너무 즐거운 모임이었습니다. 지인들과 모임으로 왔는데 블랙루비하이볼, 조니워커 하이볼로 시작해서 일품진로까지 야무지게 마시고왔네요ㅎㅎㅎ ㅕ기 빙수 진짜 맛있어요. 적당히 술 오르니까 시원한 안주가 어울리더라구요ㅎㅎㅎ 사장님도 친절하셔서 덕분에 넘 줄거운 모임을 했습니다!!! 좋은 추억이 되어 다음에 또 오고싶습니다ㅎㅎ 음식이 맛있어요+4
---
단체로 와서 어디로 갈지 고민했는데 저희는 12명인데 널널하니 너무 잘 사용했어요 에약해서 단독으로 사용하니 너무 편하고 좋았어요 사장님도 친절하시고 너무 잘해주세요~ 안주도 맛있고 좋았어요 음식이 맛있어요+4
---
진짜 여기 강!력!추!천!!!!!!! 서울 근교에 느낌있고 프라이빗한곳이 있다는게 너무 감동에 좋아요😀 BGM은 잘들려서 분위기 있는데 대화 보완도 잘되구 너무 따뜻하구 사장님 친절하구 우리 멍뭉이도 같이 보낼수 있어서 너무 만족입니다! 음싣도 진짜 맛있구~ 오떡꾸 추천합니다!! 맵긴한데 조화 너무 좋아요 다시 또 올게요!!!!😄 음식이 맛있어요+4
---
비가오니 다닥다닥 소리도 들려 운치도있구 너무 좋아요ㅎ 음식도 너무 맛나고 사장님도 직원분도 다들 넘나 친절하고 또 와야겠어요~^^ 모든게 굿!! 음식이 맛있어요+4
---
남영돈 왔다가 2차로 오게되었어요! 아주 디저트가 예술입니다 크로플 기대안했는데 너무 맛있고 분위가도 좋아요! 남영돈 맛집으로 인정합니다 다들 크로플 주문하세요~~~! ㅎㅎ 음식이 맛있어요메뉴 구성이 알차요 디저트가 맛있어요+4
---
숙대입구역 근처에서 술 한 잔 하기 좋은 곳입니다 코젤 다크 생맥에 크림이랑 시나몬 꿀 조합 좋아요 데이트로도 좋고 분위기도 좋습니다~ 가성비가 좋아요+4
---
빙수 꼭 드세요오 진짜 빙수 너무 맛있습니당ㅠ 친구들이랑 남영돈에서 고기먹고 여기 2차와서 간단하게 루프탑에서 놀고있어여ㅠㅠㅠㅠ 다른거 안주도 너무 맛있어요 #남영동맛집 #루프탑감성 #데이트맛집 #회식하기좋은곳 가성비가 좋아요+4
---
루프탑 뷰가 너무 좋아요~~별보면서 술마시니까 술이 술술술~~🍺🍺🍺~음식도 너무 맛있고~추운 날씨인데도 이글루 안에 난방도 잘되있어서 재밌게 잘놀았어요~~❤️루프탑 분위기랑 음식맛에 취해서 정말 잘먹었습니다!! 음식이 맛있어요+4",저녁,0.0,0.0,1.0,친구,0.0,0.3,0.5,친목,1,,
6b600e76-28c6-563b-9959-ad8fc0864749,따우전드 성수점,디저트,서울 성동구 연무장1길 7 1층,성동구,2성수역 4번 출구,552,0507-1407-8332,https://www.instagram.com/thousand_official_/,어느 한 걸음으로 시작된 여정이 끝도 없는 즐거움으로 이어지는 '따우전드 성수점'에 오신 것을 환영합니다.,,,주차 불가,True,True,False,False,False,481,1,999,"내부,음식·음료,피칸파이,애플파이,펌킨파이,외부,메뉴판,동영상,동영상,동영상,동영상,동영상",0,230,0,314,149,"{""커피"": 82, ""치즈"": 34, ""라떼"": 29, ""아메리카노"": 22, ""애플파이"": 19, ""바닐라라떼"": 15, ""피칸파이"": 14, ""얼그레이"": 9, ""케이크"": 8, ""밀크티"": 6, ""에이드"": 6, ""타르트"": 6, ""과일"": 5, ""카페라떼"": 5, ""크림치즈"": 5}","{""맛"": 319, ""만족도"": 257, ""분위기"": 115, ""메뉴"": 52, ""서비스"": 49, ""대기시간"": 16, ""목적"": 14, ""음식량"": 9, ""배달"": 5, ""위치"": 5, ""가격"": 4, ""청결도"": 3, ""방역"": 1}",15,7000,8500,7700,True,바나나 크림 파이 펌킨 파이 보스턴 크림 파이 체리치 파이 유자파인 파이 애플 파이 with 바닐라 아이스크림 치즈 블루베리 파이 레몬&라임 파이 birthday 오레오 파이 피넛버터 파이 머드 파이 콘 크림 파이 피칸 파이 스윗포테이토 파이 스트로베리 파이,"달콤함은 테네시주의 노래처럼 간직된 추억과 사랑을, 바삭함은 해안가를 따라 펼쳐진 찬란함을 우리 할머니 레시피는 아직 밝혀지지 않았는데 분명 사랑이라는 비밀 재료가 들어있었을 거예요 보스턴 사람들은 인생의 특별한 순간을 이 파이와 함께했지. 결혼식, 졸업식, 흔한 일상마저 체리향 가득한 꿈을 그리면서 한 걸음씩 나아가는 것 뿐이죠 달콤한 순간들로 가득할테니까요 어차피 인생은 한입 베어 문 유자처럼 달콤 씁쓸한 순간들로 가득할테니까 그냥 즐기자구요! 작은 창문에는 노란빛이 반짝이고, 뜨거운 오븐에서 퍼지는 달콤한 향기는 거리를 가득 메웠다 사형수인 그는 마지막 식사로 아들과의 소중한 추억을 담은 블루베리 파이를 골랐다고 해요 태양빛 물든 플로리다 해변에 앉아, 부드러운 바람을 맞으며 라임의 향을 맡는 느낌일까요 엄마가 불러주셨죠 ♬아가야 울지마라 파이를 만든단다 ♬너를 내 맘 속에 영원히 담을 거란다 눈을 감으세요. 1968년, 9살, 우리 거실, 사랑하는 부모님, 아빠의 레코드, 땅콩버터 그냥 막 더러워져도 괜찮아요! 진흙 속에서 모든 걸 잊고 어린 아이처럼 즐기면 되는걸요! 상상했던 푸른 하늘과 푸른 풀밭, 그리고 햇살 아래 자라나는 광활한 옥수수 밭이 펼쳐졌어요 작은 등불이 부엌을 포근하게 비추면, 이 공간은 이미 따뜻한 피칸파이의 향기로 가득하답니다 미네소타주에 사는 로즈맥기는 미국 전역의 인권 시위 현장을 찾아다니며 고구마파이를 나눠준다 미국에서는 상상도 못했던 입 속 전체로 퍼지는 딸기의 신선함 달콤함","지금 스머커스와 콜라보(?) 팝업(?)중!! 그래서인지 인테리어가 귀엽고 잼이랑 잘어울리네요. 아쉽게도 키링은 품절이라 못받았지만 ㅠㅠ 2먼원 이상 주문해서 잼은 받을수 있었어요 ㅎㅎ 오늘의 파이 두가지 ! 스매커스파이와 라즈베리 두바이파이 주문했어요~ 둘다 매력이 넘치는 파이들 :) 사이즈가 작아서 1인1파이가 되어버림 .. 금방 사라져서 아숴워요 ㅠㅠ 직원분들 많이 친절하시고, 대화 나누기 좋은곳! 디저트가 맛있어요+3
---
인스타 SNS 이벤트 하러 왔다가 너무 예뻐서 쉬었다 갔어요🥹❤️ 크리스마스때도 오고 싶었는데 사람 너어어무 많아서 포기했었는데, 오픈런하길 잘했네여😌🍓❤️ 사장님도 예쁘시고, 카페도 예쁘고, 파이도 예쁜 곳에서 넘나 기분 좋은 시간이였습니다🫠🫣❤️ 그런데 제가 파이맛을 잘몰라서 그런걸까요 파이는 좀 더 촉촉하고 부드러웠으면했어용 아숩..!🥹❤️
---
따우전드 군자점에선 카페 즐기며 먹고 성수점에서는 포장으로 털어와서 먹는 여성 치즈케이크, 파이지, 부재료까지 넉넉하니 맛이 없을 수 없는 파이 맛집 ! ≧^◡^≦ 성수동 카페 / 성수 디저트카페 / 성수 디저트맛집 따우전드 성수 추우천〰️🥧🧡 디저트가 맛있어요+4
---
와우~ 할머니가 만들어 주신 가정식 파이 레시피 그대로 달지 않고 자연스러운 풍미가 최고였습니다! 펌프킨하고 체리, 바나나크림, 라이프오브파이 까지 포장했습니다. 안에서 드시려면 많이 기다려야 하고요 포장 하면은 바로 픽업 가능합니다! 집에 와서 남편하고 예쁘게 차려 먹었습니다. 종류가 넘 많아서 봄에 오픈런해서 다시 먹고싶네용~ 디저트가 맛있어요+4
---
마치 해리포터에 들어온것같은 감성의 성수 파이맛집🥧🫧🤤❤️ 농심 스머커스와 협업으로 딸기쨈파이가 출시되었다고 해서 다녀왔어요!🍓❤️ 웨이팅이 너무 길어서 포장했구 역시 대기업+대기업=맛없없..🤤❤️❤️ 그냥 먹어도 맛있는 스커머스 딸기쨈이 그 유명한 따우전드 파이와의 조합이라니 과하지않게 당충전 싹 되는맛😋 한입 먹자마자 완전 행복해지더라구요🥰 음료는 무조건!! 👉피스타치오라떼🤍 짱맛있어요..🥹 두번 세번 먹어야합니다ㅠㅠㅠ
---
【스머커스 X 따우전드 콜라보 팝업 】[런칭 이벤트] 참여하러 왔어요‼️새벽런 🌅 자주 하는 입장으로서, 그래도 늦장 부리고 온 건데.. 다들 오픈 2시간 전인 10시부터 슬슬 오셨더라고요 😂 (* 1등으로 들어온 저는, 8시 초반에 옴 🤣) 들어오시면 자리부터 잡고, 주문하시면 되요! 참고로 음료는 아메리카노만 될 줄 알았는데❗️' 피스타치오 💚 ' 들어간 메뉴만 아니면, 선택 가능하더라고요‼️(쓴 ☕️ 못 먹는 저로서는 이런 선택은 환영입니다 🤭) 앉으신 자리 말씀해드리면, 직원 분이 직접 갖다주세요 ❤️ 그리고 🥧 전문점이라 그런지, 진짜~~ 맛있더라고요 😋 바삭한 페이스트리에, 달콤한 🍓 쨈과 부드러운 생크림까지‼️ 맛이 없을 수 없는 조합이예요 ㅎㅎ (아! 파이가 원래 다니까, 음료는 단 거 🚫) 디저트가 맛있어요+4
---
보통 체리파이 생각하면 나오는 거랑 다르게 생크림 치즈 속에 절임 체리가 들어있는 파이라기 보단 타르트에 더 가까운 스타일입니다. 달콤한 체리가 크림치즈랑 섞여서 꽤 맛있었고 파이지는 포크가 안들어갈 정도로 단단했습니다. 다만 가게 공간이 좁아서 그런가 2인석을 한 6개쯤 다닥다닥 붙여서 긴 테이블 같이 해놨는데 원하던 원치 않던 옆사람 사생활까지 다 들으면서 먹어야합니다. 시끄러운 매장에서 8천원 내고 조각 케익보다 작은 타르트 먹는거 좋아하시면 갈만합니다. 디저트가 맛있어요
---
파이와 커피 즐길 수 있는 공간입니다. 평소와 다르게 평일이라 그런지 웨이팅 없이 이용가능했음. 커피는 평범했고 디저트(파이)가 중심이라 단걸 싫어할 경우 맞지 않을 수 있지만, 파이 자체는 맛있고 가장자리까지도 맛있어서 남김없이 먹었음. (인테리어도 컨셉에 맞게 꾸며져 있어서 재미있었음)
---
파이가 이쁘고 다양하게 판매하니 디저트 러버인 저로서는 넘 행복한 카페였네요 ~ 스머커스 잼과 팝업을 한다고 해서 방문했는데 딸기잼파이가 달콤하면서도 딸기잼이 들어가 있어서 상큼 달달하고 바삭해서 최고 맛있었습니다 커피 맛도 너무 좋고 직원분이 주문하면 자리로 가져다 주셔서 친절하시고 너무 좋았네요 파이가 다양하게 판매하고 있어서 디저트가 맛있어서 넘 만족했습니다 💕
---
인테리어가 넘 이쁘고 직원분들도 친절하셔서 좋았고 딸기잼파이가 바삭한 페이스트리에 달콤한 딸기쨈과 생크림이 들어가서 넘 달달하고 바삭하고 맛있었어요 오트 바닐라 라떼를 마셨는데 커피가 고소하고 살짝 달달하니 넘 맛있어서 즐거운 시간을 보냈네요 ~ 스머커스 잼과 따우전드 성수점이 팝업을 해서 딸기잼파이가 출시했는데 넘 맛있더라구요 성수가면 또 들려봐야 겠어요 ~",점심,0.0,0.8,0.2,연인·배우자,0.4,0.6,0.0,데이트,1.1,,
e6c4f40c-2bc8-5d67-b9f1-05d40b9a5227,래미안카페,카페,경기 고양시 덕양구 호국로 860,고양시,,,,,,,,,True,False,False,False,False,281,2,,"이전 페이지,래미안카페,페이지 닫기,거리뷰,래미안카페카페,디저트,방문자 리뷰 281블로그 리뷰 2,출발,도착,저장,거리뷰,공유,홈,메뉴,리뷰,사진",0,190,0,0,0,"{""1"": 9, ""6"": 0, ""4"": 8, ""리뷰"": 192, ""커피"": 28, ""샌드위치"": 4, ""베이글"": 3, ""소금빵"": 3, ""망고주스"": 2, ""아메리카노"": 2, ""치즈"": 2, ""쿠키"": 2, ""햄버거"": 2, ""대추차"": 1, ""라떼"": 1, ""모닝빵"": 1, ""소고기"": 1, ""수제버거"": 1, ""스콘"": 1}","{""맛"": 86, ""만족도"": 66, ""서비스"": 10, ""가격"": 7, ""메뉴"": 3, ""음식량"": 1}",19,2000,3200,2600,False,"이전 페이지 래미안카페 페이지 닫기 거리뷰 래미안카페카페,디저트 방문자 리뷰 281블로그 리뷰 2 출발 도착 저장 거리뷰 공유 홈 메뉴 리뷰 에스프레소 아메리카노 카페라떼 카푸치노 바닐라라떼",,"굿
---
좋아요
---
맛있어요
---
맛있어요
---
좋아요
---
맛있어요
---
맛있어요
---
맛있어요
---
좋아요",점심,0.0,1.0,0.0,친구,0.167,0.0,0.833,일상,32.8,"안녕하세요오 :D 새로미입니다 오늘은 얼마 전 포스팅했던 #원당래미안카페 #래미안카페 #원당커피맛있는카페 #원당햄버거추천 #원당샌드위치추천 원당래미안카페 에서 드디어 햄버거를 주문해서 먹게 되어 포스팅합니다 ! 영업시간 : 오전 9시 - 오후 9시 전화번호 : 031-967-8820 https://blog.naver.com/pookulkul/222606112707 커피가 맛있어서 종종 들렸지만 햄버거는 못 먹어 봤었거든요 ㅠㅠ 커피 후기는 위에 있는 예전 포스팅글로 확인해주세요 ! 친구들도 놀러와서 커피맛있다고 칭찬하고 갔어요 ㅋㅋㅋㅋㅋ 관계자 아닙니다 ! 내돈내산이에요 짠 미리 전화해서 주문하고 포장해왔습니당 ~ #래미안카페수제치즈버거 #래미안카페새우버거 이왕 먹는 거 두개다 먹어봐야게쬬? 래미안카페햄버거 가겨도 너무 착해요 ! 짜잔 ~ 치즈버거와 새우버거입니다 ! 먼저 새우버거 ! 생새우가 들어간 새우패티가 생각보다 두껍더라구요 ~ 요즘 토마토값 비싼데 ㅠㅠ 큼지막한 토마토도 들어가있어요 합격 ! 맛도 느끼하지 않고 롯데리아 새우버거보다 훨씬 건강한 맛이고 맛있어요 ! 수제치즈버거 입니다 ! 먹느라... 사진을 예쁘게 못 찍었지만 100%소고기패티는 맛이 깊고 제 입에서 어느새 녹아 없어져버렸답니다 ㅠㅠㅠㅠㅠ 예전에는 점심시간에 판매하셨는데 찾는 분이 많아서 이젠 일찍부터도 만드신다고 하더라구요 ! #원당햄버거맛집 #원당샌드위치맛집 #원당커피맛집 찾으시면 방문해보세요오오 ~ 다음엔 샌드위치도 먹어봐야겠어요 !
---
안녕하세요오 :D 새로미입니다 ! 오늘은 우리 아파트 카페 #원당래미안카페 #원당카페 포스팅해보려구요 집앞에 카페라닛 ! 전화번호 : 031-967-8820 제가 출근하는 시간에는 열지않아 아쉽어요 오전 8시 30분쯤 가니까 오픈하셨더라구요 !!! #원당래미안카페 #원당카페 #원당햄버거 햄버거 주문하고 싶어서 갔는데 오전 11시 30분 이후에 나온다고 ㅠㅠ 여러가지 샌드위치와 스콘도 판매하시더라구욤 ! 쿠키, 스콘 진짜 큼직큼직 #원당브런치카페추천 #래미안카페메뉴 입니다 ! 우유를 다양하게 고를 수 있어요 스벅과 같은 퀄리티 무엇! 사장님께서 신경을 많이 쓰신게 느껴져요 가격도 진짜 저렴 ! 카페 내부입니당 #원당카페래미안카페 환경을 생각하셔서 빨대도 그냥 빨대가 아니고 테이크아웃컵도 일반쓰레기가 가능한 컵이에요 완죤 신기 ! 요즘같은 #제로웨이스트 시대에 딱 맞는 카페같아요 ~ #원당제로웨이스트카페 #원당친환경카페추천 커피만 두 번 사마셨지만 커피맛은 좋더라구요 ~~ 다음엔 꼭 ! 햄버거를 먹어보겠습니당 먹게되면 후기 추가할께요 ㅋㅋㅋ 그럼 #원당카페 #원당래미안카페 방문해보세요 !",11.5
72bf5f4a-8b1e-5973-9efb-27634cb72b95,,,,,,,,,,,,,False,False,False,False,False,,,,,0,0,0,0,0,{},{},0,,,,False,,,,,,,,,,,,,,,
acefc868-acab-56ab-80ea-60576b170b88,레이지레이디케이크,,서울 강남구 테헤란로4길 6 128호 레이지레이디케이크,강남구,2신분당강남역 1번 출구,58,0507-1329-8222,http://pf.kakao.com/_dqxkmn/,※예약문의 카톡채널 레이지레이디검색! 그외 전화 dm 네이버톡 확인안됨,,,,True,True,True,False,True,473,115,999,"음식·음료,미니케이크,티그레,동영상,동영상,동영상,동영상",0,0,0,0,226,"{""케이크"": 209, ""쿠키"": 46, ""커피"": 32, ""레터링케이크"": 15, ""치즈"": 5, ""초콜릿"": 4, ""치즈케이크"": 3, ""마들렌"": 2, ""마카롱"": 2, ""모찌"": 2, ""바스크치즈케이크"": 2, ""잡채"": 2, ""브라우니"": 1, ""수제케이크"": 1, ""아메리카노"": 1}","{""만족도"": 336, ""서비스"": 231, ""맛"": 162, ""목적"": 87, ""예약"": 30, ""위치"": 20, ""배달"": 10, ""가격"": 9, ""대기시간"": 8, ""분위기"": 7, ""메뉴"": 4, ""음식량"": 3, ""청결도"": 1}",18,3100,103500,49060,True,"버터떡12구 할인세트 12구 단위로 할인 버터떡 기본4구 두쫀쿠 이어서 버터떡도 강남1등! 먼저 맛보세요 신메뉴]레이스티아라 미니 꽃 플라워 테디온바치케,구름위곰돌이,바스크치즈케 테디곰과 바스크치즈케이크의 완벽한 결합 [신부브라이덜]레이스티아라2단홀케이크 게이샤 세계최고가원두 아메리카노 대박 감성폭발]쿨파티 1호 플라워 케이크 감성충만]플라워 쿨파티 미니 케이크 신메뉴인기시그니처]레이스 티아라1호 최고급 스페셜티 아메리카노,절대고소함 두바이쫀득쿠키 모찌 6구세트할인가 플라워 빈티지핑크 1호2단 홀케이크 레터링 돈크라이테디 홀케이크 곰돌이 크리스탈티아라 위드펄앤플라워홀케이크 핑크블라썸1호1단 부담없는럭셔리케이크","레이스 티아라 미니 사이즈에 어울리는 생화를 곁들여 부케스타일로 재탄생,아름다워요 검증된 인기의 브라이덜샤워,웨딩케이크.2단의 만족감.강남 케이크 상도파괴.이 가격 실화 강남에서 Gesha게이샤를?! 게이샤를 이 가격에?! 레이지 크레이지?! 말 그대로 '쿨'이다 아이스블루 컬러의 생크림 위에 진짜 생화 장미를 정성스럽게 꽂았다 말 그대로 '쿨'이다 아이스블루 컬러의 생크림 위에 진짜 생화 장미를 정성스럽게 꽂았다 순백 레이스와 은빛 왕관,백색리본까지.더없이 우아한 디자인과 진한우유 풍미까지.당신을 위한 최고급 스페셜티 원두만 사용하여 깔끔하면서도 풍부한 풍미와 고소달달 결국이탈리아의 수치겠지 런칭특가 선착순 6구 46500원,웨이팅이 너무 많아 카카오예약 및 입금순으로 픽업합니다 고혹적인데 힙한매력,2단가성비,2단 이가격실화.플라워 2단이 정말 이가격.이게 맞나 곰돌이는 친구들에게 도움을 요청해보기로 결심했어요. '여러분, 제 꿀을 찾아주세요 조용한 짝사랑이 사랑이 된 순간을 담은, 내인생 최고의 기념품이야 생화를 적당히 고급스럽게 올리고,서울우유 동물성생크림과 최고급 재료로 만듭니다","대만족!! 함께 한 사람들 모두 다 케익 너무 예쁘다 했어요~~~🎂🥹😻 디테일이 너무 예뻐서 실물 받아보고 더 마음에 들었어요!^^ 포장도 특별해요. 사장님도 매우 친절하시고, 덕분에 소중한 사람들과 감사한 시간 보냈어요. 감사합니다^^ 여기는 영수증도 특별한데요 ㅎㅎ 뭐가 특별한지는 직접 방문하시면 알수있어용!0! 주문 정보 : ”클래식티아라 미니 힙한너와나 둘다힙해“ , 리본은 흰색(미색)으로, 글자색은 기본(민트~블루계열, 영문 문구)로 주문했어요^^ 종류가 다양해요+4
---
강남역 최고의 두바이 쫀득쿠키 맛집 레이지레이디케이크! 이번에는 친구네 커플 1주년 기념을 축하해주기 위해 귀여운 곰돌이 케이크도 같이 주문해봤는데 대만족입니당 두쫀쿠 고급 선물 포장도 해봤는데 너무 이뻐용 맛은 당연히 보장돼있고 비주얼도 무척이나 좋아서 기념일 선물용으로 강력추천드립니다~~
---
두쫀쿠 찾는다면 여기서 끝내도 됩니다. 제 기준 1등 두쫀쿠 맛집이고, 서울경기 통틀어도 탑티어급이라고 생각해요. 주변에도 몇 번 선물해봤는데 다들 맛있다고 인정했던 곳입니다. 오늘은 새로나온 딸기쫀쿠도 먹어봤어요. 첨엔 카다이프 양이 조금 적어 보였는데 막상 먹어보니까 딸기랑 밸런스가 넘 좋더라구요!! 상콤하고 과즙팡팡 터지면서 넘 맛있게 먹었어요~ 신메뉴도 개발중이라고 소개해주셨는데 쫀득한 마들렌?같은 느낌이었어요. 재료 좋은거 쓰셔서 그런지 이것도 꽤 맛있었습니다. 여긴 기본적으로 평타 이상은 하는 곳 같아요. 사장님도 너무 친절하시고 디저트에 대한 열정이 느껴져서 응원하고 싶네요ㅎㅎ 앞으로 맛있는 디저트 많이 많이 만들어주세요:) 디저트가 맛있어요+3
---
매장 오픈하자마자 가서 주문하고 2시간 후에 받아왔어요~ 근처 일이 있어서 기다리는게 어렵지는 않았어요~ 마시멜로의 쫀득함과 바삭한 식감때문에 정말 맛있게 먹었어요~ 포장해서 내어 주신 꽃 덕분에 추운 날씨지만 따뜻함과 기분좋음을 느꼈어요~ 보기엔 작지만 속이 꽉 차서 하나만 먹어도 만족감을 느낍니다~ 디저트가 맛있어요+3
---
너무 친절하게 응대해주셔서 좋았습니다!! 케이크도 너무 이쁘네용!! 남친 케이크로 적절한 것 같지는 않지만 저는 매우 만족합니다😊 가성비가 좋아요+2
---
예약 없이 친구 청모가는길에 선물로 줄 케이크 구매했어요!! 너무 예뻐서 다음에도 사러 올거예요ㅎㅎ 번창하세요° 음료가 맛있어요+4
---
급하게 케이크 사러 왔는데 사장님 정말 친절하세용 ㅠㅠ 이미 두쫀쿠로 신뢰도 높은 곳이였는데 케이크까지 정말 맛있어요!!! 강남역에서 케이크 필요하신분들은 레이지레이디로 오시면 됩니다 ㅎㅎ저는 이벤트 있을때마다 오려구요 ㅎㅎ 종류가 다양해요+4
---
진짜 급하게 방문해서 구매한건데 친절히 응대해주시고 이것저것 추천해주셔서 마음편히 약속장소에 가게 됐습니당🥹다음에는 예약방문할게여!!😃안경쓰시고 훈남이신 남자직원분 너무 친절해서 마음이 따숩슴다😊 다음에 또 뵈요! 친절해요+2
---
‘상하이 버터떡’ 입간판 보고 우연히 방문했습니다. 원래 끝맛이 아릿한가요? 구매하고 30분 정도 후에 취식했는데 겉바가 아니라 딱딱한 느낌이었어요, 바로 먹어야 하는 거였는지.. 네 개 들이 구매했는데 하나씩만 먹고 말았습니다 🥹
---
생일을 맞이해서 주문 케이크를 제작했어요! 예약도 친절하게 도와주셨고, 케익 픽업 후 2시간 뒤에 먹을 거라 말씀드리니 보냉백 안내도 해주셨어요. 들고가기 편하고 튼튼한 보냉백에 담아주셔서 신선하게 케익을 먹을 수 있었습니다. 원하는 디자인 잘 나오게 해주셔서 주변에서 너무 즐거워 하셨어요~~ 많이 달지 않고 맛있는 케익이었습니당!! 특별한날 이용하게 좋아요~!! 사장님께서 두바이쫀득쿠키 만드시느라 많이 바쁘셨는데... 여기 두쫀쿠도 맛집이라니 다음에는 두쫀쿠도 먹어봐야겠어요~~ 디저트가 맛있어요+4",점심,0.0,0.7,0.3,혼자,0.5,0.125,0.375,기념일,1.1,,
d9e64c92-5ca1-5fc5-9a32-d550f4e95518,서비스 이용이 제한되었습니다.,,,,,,,,,,,,False,False,False,False,False,,,,"플레이스,서비스 이용이 제한되었습니다.,과도한 접근 요청으로 서비스 이용이 제한되었습니다.,잠시 후 다시 시도해주세요.,IP: 211.192.210.178(09/Mar/2026:14:37:14 +0900),이전화면,새로고침",0,70,15,0,0,"{""커피"": 17, ""라떼"": 2, ""바닐라라떼"": 2, ""빙수"": 1, ""아메리카노"": 1, ""커피콩빵"": 1, ""쿠키"": 1, ""크로플"": 1, ""피자"": 1, ""화덕피자"": 1}","{""맛"": 19, ""만족도"": 14, ""분위기"": 6, ""서비스"": 3, ""메뉴"": 2, ""음식량"": 1, ""청결도"": 1, ""가격"": 1}",6,,,,False,플레이스 서비스 이용이 제한되었습니다. 과도한 접근 요청으로 서비스 이용이 제한되었습니다. 잠시 후 다시 시도해주세요. 이전화면 새로고침,IP: 211.192.210.178(09/Mar/2026:14:36:57 +0900),,,,,,,,,,,,,
5b23165f-1147-5ffa-8b29-ced0366c80d2,서비스 이용이 제한되었습니다.,,,,,,,,[Lokal Coffee Brand Story],,,,False,False,False,False,False,,,,,0,102,0,0,25,"{""커피"": 18, ""라떼"": 4, ""에이드"": 2, ""자몽에이드"": 2, ""플랫화이트"": 2, ""돌체라떼"": 1, ""밀크티"": 1, ""아메리카노"": 1, ""아인슈페너"": 1, ""자몽차"": 1, ""크림모카"": 1}","{""만족도"": 33, ""맛"": 21, ""위치"": 4, ""가격"": 2, ""서비스"": 2, ""메뉴"": 1, ""분위기"": 1}",2,3500,3500,3500,True,아메리카노 (HOT/ICED) 매일 로스팅하는 원두,,"패스오더만 사용하는데, 여기서도 사용 가능하면 더 자주 방문할 것 같아요.
---
회사 근처라 자주 가는데 커피 만들어주시는 분에 따라서 맛 차이가 커요ㅠㅠ 여자분이 만들어주실 때가 제일 맛있고(저도 여자예요 오해 노노) 다른 분은.... 라떼 거품 하나도 안쫀쫀하고 너무 아쉽..... 들어가기 전에 여자분 계신지 살피게됨....😥
---
맛있어요
---
코엑스에서 시소페어 신나게 구경하고 찾아간 로칼커피-!!! ㅋㅋㅋ 가을 한 가운데에서 친구랑 커피마시고 놀다 왔습니다😋😋😋 저는 피넛버터라떼 먹었는데 고소하고 맛있었어요-!!! 사진이 잘 나와요+4
---
헤즐넛 향은 안나지만 안달고..친절
---
라떼 선택옵션이 많아서 좋아요!
---
음료는 맛있고 가성비 좋은데, 이 날은 시킨 음료 미리 만들어놓은걸로 꺼낸건지 뭔지 직원들끼리 키득키득. 영수증 달라고 하니깐 예의없게 한손으로 던져서 줌ㅋㅋ 하 진짜 우리가 돈 내고 먹는데 기분이 너무 더러웠음 ㅎ다신 안갈듯
---
무난하게.가기 좋습니달 ㅎㅎ
---
매장 참 이쁩니다.메뉴도 무난한듯 특이한",점심,0.3,0.6,0.1,지인·동료,0.111,0.0,0.222,일상,1.1,,
f860d31a-8bf3-56a4-bd7b-9caf5dbd3fb3,,,,,,,,,,,,,False,False,False,False,False,,,,,0,0,0,0,0,{},{},0,,,,False,,,,,,,,,,,,,,,
b73ff802-af42-56a0-af5f-5786c70e2fb6,메가MGC커피 가재울북가좌초교점,카페,서울 서대문구 거북골로 184 1층,서대문구,,,,,안녕하세요. 메가MGC커피 가재울북가좌초교점입니다.,,,,True,True,False,False,False,,,,동영상,0,1095,245,0,0,"{""커피"": 71, ""라떼"": 10, ""쿠키"": 6, ""쿠키프라페"": 6, ""프라페"": 6, ""아메리카노"": 5, ""팥빙수"": 3, ""곡물라떼"": 2, ""딸기요거트"": 2, ""딸기요거트스무디"": 2, ""밀크티"": 2, ""빙수"": 2, ""스무디"": 2, ""요거트"": 2, ""요거트스무디"": 2}","{""만족도"": 327, ""맛"": 150, ""서비스"": 47, ""가격"": 18, ""대기시간"": 9, ""위치"": 6, ""메뉴"": 5, ""청결도"": 4, ""분위기"": 4, ""음식량"": 2, ""목적"": 2, ""배달"": 1}",10,1500,3900,3270,False,딸기쿠키 프라페 쿠키 프라페 메가초코 HOT 메가초코 ICE 메가리카노 ICE (ICE)디카페인아메리카노 아메리카노(HOT) 아메리카노(ICED) 퐁크러쉬 플레인/딸기/바나나 메가에이드,,"제조가 빠르고 친절하세요
---
픽업주문도 간편,편리해요 매장주문 후 제조도 빠르고 대기시간이 적어요
---
제조가 빠르고 연유라떼 맛있게 만들어주셨어요
---
음료빨리나와요 가성비가 좋아요
---
친절하고 커피 맛있어여 좌석 이용 가능해서 좋아요
---
메가커피 가재울북가좌초교점 매장이 쾌적하고 커피맛 아주 좋습니다^^
---
가성비 좋아요! 좌석도 많고요~ 가성비가 좋아요
---
가성비좋고 좌석도 편해요~ 가성비가 좋아요
---
좌석도편하고 위치도좋음
---
제조가 신속하고 친절하세요",점심,0.1,0.7,0.2,혼자,0.667,0.167,0.0,일상,42.7,,
f4c1feea-d92f-5436-bc07-b905de7beeca,메가MGC커피 고양화정점,카페,경기 고양시 덕양구 화신로272번길 38 1층,고양시,3화정역 2번 출구,250,,,고양시 화정동에위치한 메가커피 고양화정점입니다. 위생 정보 세스코 멤버스 2026.02 2027년08월 최근 통합방제 점검월,,,,True,True,False,False,False,,,,"음식·음료,아메리카노,동영상,동영상",0,1265,0,0,0,"{""커피"": 136, ""라떼"": 30, ""아메리카노"": 22, ""유자차"": 7, ""딸기라떼"": 6, ""바닐라라떼"": 5, ""수박주스"": 5, ""스무디"": 4, ""에이드"": 4, ""헤이즐넛"": 4, ""요거트"": 3, ""프라페"": 3, ""곡물라떼"": 2, ""꿀아메리카노"": 2, ""우유"": 2}","{""만족도"": 444, ""맛"": 226, ""서비스"": 56, ""가격"": 38, ""메뉴"": 14, ""음식량"": 12, ""대기시간"": 11, ""청결도"": 3, ""분위기"": 3, ""배달"": 1, ""예약"": 1, ""주차"": 1, ""목적"": 1}",2,1500,3800,2650,False,아메리카노 흑당버블그린티,,"마감시간쯤에 갔는데도 친절하시고 금방나왔어요!
---
딸기라떼 양이 적어도 너무 적음 맛은 있음 음료가 맛있어요
---
커피 맛있게 잘 마셨습니다
---
양도 많고, 맛도 진해요! 잘 먹었습니다. :) 음료가 맛있어요+1
---
시리얼 요거트 맛있네요 바삭하고
---
가성비 좋은 메가커피 티멤버십 할인에 카카오페이 결제도 가능해서 간편하게 사마시기 좋아요
---
맛있는커피가 가성비로 가득찬 이곳이 늘 좋아요 음료가 맛있어요+1
---
맛있어욜 ✨🩷
---
토스고양이 아아 2,000 가성비가 좋아요",저녁,0.1,0.3,0.6,혼자,0.4,0.4,0.0,일상,2.2,,
7281e323-1fec-52a9-aa00-1d8ff53b5402,메가MGC커피 다산새봄초교점,카페,경기 남양주시 다산순환로 420 1층 메가커피 다산새봄초교점,남양주시,,,,,,,,,False,False,False,False,False,,,,"플레이스,서비스 이용이 제한되었습니다.,과도한 접근 요청으로 서비스 이용이 제한되었습니다.,잠시 후 다시 시도해주세요.,IP: 211.192.210.178(09/Mar/2026:14:35:18 +0900),이전화면,새로고침",0,0,0,0,0,{},{},6,,,,False,플레이스 서비스 이용이 제한되었습니다. 과도한 접근 요청으로 서비스 이용이 제한되었습니다. 잠시 후 다시 시도해주세요. 이전화면 새로고침,IP: 211.192.210.178(09/Mar/2026:14:35:02 +0900),,,,,,,,,,,,,
c39a0da2-3377-54d8-a2f3-025ac07a8702,플레이스,,,,,,,,,,,,False,False,False,False,False,,,,"플레이스,서비스 이용이 제한되었습니다.,과도한 접근 요청으로 서비스 이용이 제한되었습니다.,잠시 후 다시 시도해주세요.,IP: 211.192.210.178(09/Mar/2026:14:38:17 +0900),이전화면,새로고침",0,0,0,0,0,{},{},7,,,,False,이전 페이지 플레이스 페이지 닫기 서비스 이용이 제한되었습니다. 과도한 접근 요청으로 서비스 이용이 제한되었습니다. 잠시 후 다시 시도해주세요. 이전화면새로고침,IP: 211.192.210.178(2026.03.09 14:38:02),,,,,,,,,,,,,
143d6714-302f-54c2-a809-300899acc40c,메가MGC커피 송파역점,카페,"서울 송파구 송파대로 345 주상가 1A동 1034,1035호",송파구,8송파역 4번 출구,32,,https://100원커피이벤트-선착순주문하기.com,합리적인 가격에 대용량의 음료를 제공하는 메가커피 송파역점입니다.^^,,,,True,False,True,False,False,,,,"음식·음료,프라페,아메리카노,카페라떼,외부,동영상",0,1061,0,0,0,"{""커피"": 99, ""라떼"": 31, ""프라페"": 15, ""쿠키"": 8, ""밀크티"": 7, ""아메리카노"": 7, ""쿠키프라페"": 7, ""유자차"": 6, ""큐브라떼"": 6, ""녹차"": 5, ""딸기라떼"": 5, ""스무디"": 4, ""녹차프라페"": 3, ""마카롱"": 3, ""버블티"": 3}","{""만족도"": 447, ""맛"": 188, ""서비스"": 57, ""가격"": 38, ""위치"": 10, ""메뉴"": 10, ""음식량"": 9, ""대기시간"": 7, ""목적"": 5, ""청결도"": 3, ""분위기"": 3, ""배달"": 1, ""예약"": 1}",79,3000,22000,5418,True,포장 배달 대표메뉴 (ICE)아메리카노 (ICE)메가리카노 대용량 1L 아이스 아메리카노~ (ICE)큐브라떼 복숭아아이스티 쿠키프라페 펼쳐서 더보기 신메뉴 크런치 피스타쵸 프라페 딸기라떼 말차젤라또 퐁당 딸기프라페 딸기젤라또 퐁당 딥 초코라떼 그린키위 콕콕 딸키스무디 펼쳐서 더보기 커피 할메가커피 왕할메가커피 (ICE)메가리카노 대용량 1L 아이스 아메리카노~ (HOT)아메리카노 (ICE)아메리카노 펼쳐서 더보기 디카페인 (ICE)디카페인 메가리카노 (HOT)디카페인 아메리카노 (ICE)디카페인 아메리카노 (HOT)디카페인 헛개리카노 (ICE)디카페인 헛개리카노 펼쳐서 더보기 콜드브루 (HOT)콜드브루오리지널 (ICE)콜드브루오리지널 (HOT)콜드브루라떼 (ICE)콜드브루라떼 콜드브루상품용 1L 콜드브루 원액입니다. 펼쳐서 더보기 스무디&프라페 코코넛커피 스무디 초코허니퐁크러쉬 플레인퐁크러쉬 딸기퐁크러쉬 바나나퐁크러쉬 펼쳐서 더보기 에이드&주스 딸기바나나주스 딸기주스 블루베리플럼주스 골드키위주스 체리콜라 펼쳐서 더보기 음료 (ICE)오레오초코라떼 핫초코 아이스초코 (HOT)토피넛라떼 달콤 고소한 토피넛에 부드러운 우유가 더해진 라떼 (ICE)토피넛라떼 달콤 고소한 토피넛에 부드러운 우유가 더해진 라떼 펼쳐서 더보기 티 복숭아아이스티 (HOT)사과유자차 애플 티의 향긋함과 유자청의 상큼함이 어우러진 과일 티 (ICE)사과유자차 애플 티의 향긋함과 유자청의 상큼함이 어우러진 과일 티 (HOT)허니자몽블랙티 (ICE)허니자몽블랙티 펼쳐서 더보기 디저트 핫 치킨&딥치즈 치아바타 초코스모어쿠키 크로크무슈 버터버터소금빵 버터버터소금빵(쥬에그잼) 펼쳐서 더보기,"(기본 2샷) 메가MGC커피 블렌드 원두로 추출한 에스프레소에 물을 더해, 풍부한 바디감을 느낄 수 있는 스탠다드 커피 연유를 섞은 라떼에 에스프레소를 얼린 커피큐브를 올려, 녹을수록 더 진한 커피가 느껴지는 라떼 홍차의 깊은 맛과 풍부한 복숭아 향이 어우러진 달콤한 여름철 인기 음료 오레오의 특유의 맛과 부드러운 우유, 그리고 바닐라 향의 조화를 느낄 수 있는 메가MGC커피 베스트 메뉴 피스타치오와 시리얼이 어우러진 고소한 풍미에 바삭바삭 씹히는 크런치 식감과 달콤한 초코 소스가 어우러진 시즌 한정 프라페 딸기과육이 풍부히 느껴지는 스테디 셀러 산뜻하고 달콤한 딸기가 가득해 부드러운 우유와 어우러져 더욱 기분 좋게 즐기는 아이스 라떼 한입 가득 진한 말차향이 퍼지는 말차 젤라또에 부드러운 딸기 밀크 쉐이크가 어우러져 기분 좋은 달콤 쌉싸름한 맛이 입안 가득 맴도는 프라페 상큼한 딸기청에 찌인한 초코가 만나 맛이 없을 수 없는 달콤한 마법 같은 맛 딸기가 콕콕 박힌 딸기 젤라또를 요리조리 섞어서 즐기면 상큼 달달 더욱 맛있어지는 초코 라떼 진한 딸기청에 키위 씨가 콕콕 박힌 그린키위 스무디를 가득 올려 한잔 가득 새콤달콤 즐기는 스무디 우리 할머니께서 즐겨드시던 달달한 믹스 커피 스타일로 만든 메가MGC커피만의 시원한 커피 음료 우리 할머니께서 즐겨드시던 달달한 믹스 커피 스타일로 만든 메가MGC커피만의 메가사이즈 커피 음료 (기본 2샷) 메가MGC커피 블렌드 원두로 추출한 에스프레소에 물을 더해, 풍부한 바디감을 느낄 수 있는 스탠다드 커피 (기본 2샷) 메가MGC커피 블렌드 원두로 추출한 에스프레소에 물을 더해, 풍부한 바디감을 느낄 수 있는 스탠다드 커피 메가MGC커피 디카페인 아메리카노를 '960ml' 더 크고 가볍게 즐길 수 있는 대용량 커피 향과 풍미 그대로 카페인만을 낮춰 민감한 분들도 안심하고 매일매일 즐길 수 있는 디카페인 커피 향과 풍미 그대로 카페인만을 낮춰 민감한 분들도 안심하고 매일매일 즐길 수 있는 디카페인 커피 국내산 헛개수와 메가MGC커피만의 디카페인 아메리카노를 더해 고소한 맛이 조화로운 블렌딩 커피 국내산 헛개수와 메가MGC커피만의 디카페인 아메리카노를 더해 고소한 맛이 조화로운 블렌딩 커피 차가운 물에 장시간 우려내 깔끔한 목넘김을 느낄 수 있는 콜드브루 차가운 물에 장시간 우려내 깔끔한 목넘김을 느낄 수 있는 콜드브루 콜드브루에 고소한 우유를 섞어, 깔끔함과 부드러움을 잡은 콜드브루 라떼 콜드브루에 고소한 우유를 섞어, 깔끔함과 부드러움을 잡은 콜드브루 라떼 바삭하고 고소한 코코넛 칩을 올리고 쌉싸름한 커피와 달콤한 코코넛이 조화로운 스무디 리얼 벌꿀이 들어가 더 달콤한 허니퐁시리얼과 달콤한 초코가 만나 시원하게 즐기는 달달한 프라페 우유와 퐁시리얼, 얼음을 함께 갈아 시원하게 즐기는 달달한 프라페 음료 우유와 퐁시리얼, 상큼한 딸기를 믹스하고, 얼음을 함께 갈아 시원하게 즐기는 달달한 프라페 음료 우유와 퐁시리얼, 부드러운 바나나를 믹스하고, 얼음을 함께 갈아 시원하게 즐기는 달달한 프라페 음료 상큼한 딸기와 부드러운 바나나가 만나, 새콤달콤한 매력이 살아 있는 과일 음료 탱글하게 살아 있는 딸기 과육의 상큼함을 만끽할 수 있는 과일 음료 새콤달콤한 블루베리와 식이섬유가 풍부한 플럼, 프리바이오틱스를 더해 건강한 블렌딩 주스 상큼달콤한 프리미엄 골드키위에 밀크씨슬을 더해 일상의 활력을 선사하는 건강한 블렌딩 주스 체리의 새콤함에 콜라의 청량함을 더해, 남녀노소 좋아하는 에이드 달콤한 초콜릿의 풍미와 아삭한 오레오 살아있는 아이스 초코음료 부드러운 우유에 진한 초코소스가 어우러져 달콤하게 입맛을 깨우는 초콜릿 음료 부드러운 우유에 진한 초코소스가 어우러져 달콤하게 입맛을 깨우는 초콜릿 음료 홍차의 깊은 맛과 풍부한 복숭아 향이 어우러진 달콤한 여름철 인기 음료 달콤한 꿀청에 재운 자몽에 홍차의 부드러움을 어우른 상큼한 과일티 달콤한 꿀청에 재운 자몽에 홍차의 부드러움을 어우른 상큼한 과일티 쫄깃 바삭한 치아바타에 통살 치킨텐더와 감칠맛 가득 매콤한 MGC 비법소스가 어우러진 따끈한 샌드위치 초코칩이 콕콕 박힌 촉촉한 초코 쿠키에 달콤하게 구운 마시멜로우가 만나 더 진한 초코 맛 쿠키 부드러운 빵에 햄과 치즈를 넣어구운 고소한 프랑스식 샌드위치 고소한 프랑스산 프레지덩 버터를 듬뿍넣어 더욱 부드러워진 버터소금빵과 아메리카노를 함께 즐길 수 있는 브런치 메뉴 고소한 프랑스산 프레지덩 버터를 듬뿍넣어 더 부드럽고 짭쪼롬하게 즐길 수 있는 버터소금빵과, 도톰한 과육이 느껴지는 이탈리아 전통 쥬에그잼","역세권에 교통도 좋아서 사람들이 많아요. 저거 커피치고는 맛이 있어요. 음료도 저렴해서 자주 이용 합니다.
---
딸기크림치즈빵이 보여 같이시켜서 먹었다. 맛있당
---
자주 가는 곳인데. ㅎㅎ 안경쓰신 분이셨나? 가장 친절하세요. 주문 후 메뉴 만드시기전에 메뉴변경 가능한지 부탁드렸더니 바쁘신 와중에도 최대한 요청사항을 들어주시려고 하셨습니다. 다른 알바분께서 듣지못하고 음료제조에 들어가셔서 결국 그냥 마셨지만 마음에 감동했어요 ^^
---
아몬드우유 라떼 짱입니다요 디저트가 맛있어요+1
---
커피 받았는데 이런 귀여운 그림이~~ 음료 맛있고 친절하시구 메가커피는 여기 지점만 방문해요
---
저렴이 중 최고는 메가! 디저트가 맛있어요+1
---
거의 매일 와요 👍🏻
---
허니자몽블랙티 마셨어요. 쫀득빵도 맛있네요~^^ 가성비가 좋아요
---
점심 먹고 한시간 정도 앉아서 일 하며 음료를 마셨는데, 명절이라 그런지 정말 너무 너무 바쁜 와중에도 아르바이트 하시는 분들이 친절하셔서 감동 받았어요. 친절해요+3
---
맛있고 매장도 넓어서 좋네요^^",점심,0.2,0.6,0.2,혼자,0.5,0.3,0.1,일상,7,,
c91399be-f903-5b72-86dc-2d3aa7ea9135,,,,,,,,,,,,,False,False,False,False,False,,,,,0,0,0,0,0,{},{},0,,,,False,,,,,,,,,,,,,,,
b566eff0-0271-5829-bbd0-a8187b889397,서비스 이용이 제한되었습니다.,,,,,,,,안녕하세요. 메가MGC커피 일산백마마을점 입니다:),,,주차 불가,True,True,False,False,True,,,,"음식·음료,아메리카노",0,723,0,0,0,"{""커피"": 76, ""라떼"": 37, ""아메리카노"": 8, ""바닐라라떼"": 6, ""아이스티"": 5, ""큐브라떼"": 5, ""딸기라떼"": 3, ""연유라떼"": 3, ""녹차"": 2, ""녹차라떼"": 2, ""스무디"": 2, ""에이드"": 2, ""자몽차"": 2, ""체리콕"": 2, ""고구마라떼"": 1}","{""만족도"": 346, ""맛"": 139, ""서비스"": 27, ""가격"": 21, ""음식량"": 11, ""메뉴"": 9, ""분위기"": 4, ""대기시간"": 2}",6,,,,False,플레이스 서비스 이용이 제한되었습니다. 과도한 접근 요청으로 서비스 이용이 제한되었습니다. 잠시 후 다시 시도해주세요. 이전화면 새로고침,IP: 211.192.210.178(09/Mar/2026:14:37:51 +0900),"디저트도 다 맛있어요
---
메가커피좋아하는데줄이길다
---
.
---
날씨 정말 추워졌어요. 감기조심하세요~ 😄 페퍼민트 따뜻하게 잘 마셨어요. 가성비가 좋아요+3
---
굿
---
커피맛있어요
---
굿
---
아이스아메리카노 한잔 마시고 왔어요 매장 직원들이 친절해요~",점심,0.1,0.5,0.4,연인·배우자,0.222,0.778,0.0,데이트,39.8,,
0f853dfc-1755-50fa-87d0-f54975674165,메가MGC커피 장안동사거리점,카페,서울 동대문구 장한로 165 1층,동대문구,,,0507-1438-5111,,2021/12/02오픈 메가커피 장안동사거리점 신규매장 입니다!친절한 대응과 맛있는 음료로 맞이하겠습니다.,,,,True,False,False,False,True,,,,"음식·음료,아메리카노,동영상,동영상,동영상,동영상",0,977,0,0,0,"{""커피"": 101, ""라떼"": 17, ""아메리카노"": 12, ""스무디"": 7, ""아사이볼"": 4, ""허니브레드"": 4, ""레몬차"": 3, ""브레드"": 3, ""케이크"": 3, ""에이드"": 2, ""요거트"": 2, ""요거트스무디"": 2, ""유자차"": 2, ""젤라또"": 2, ""카페라떼"": 2}","{""만족도"": 313, ""맛"": 157, ""서비스"": 40, ""가격"": 26, ""음식량"": 13, ""메뉴"": 7, ""위치"": 5, ""분위기"": 4, ""목적"": 4, ""대기시간"": 4, ""청결도"": 3, ""방역"": 1}",2,1500,1500,1500,False,아메리카노 HOT AMERICANO,,"메가MGC커피 장안동사거리점에 다녀왔습니다. 주말 점심시간이라서 그런지 사람이 많았습니다. 비오는 날씨에 따뜻하고 향기로운 아메리카노가 생각나 오게 되었어요. 차분하고 기분 좋은 주말을 커피와 함께 보냈습니다.
---
가성비로 즐기는 커피 가성비가 좋아요
---
왕 할메가먹어요
---
메가MGC커피 장안동사거리점에 다녀왔습니다. 커피 향이 좋고 가성비도 좋은 곳 입니다. 앉을 자리도 있어서 대화하기 좋아요.
---
굿
---
맛잇어요
---
굿
---
굿
---
저렴하고 맛있어요
---
굿",점심,0.1,0.6,0.3,연인·배우자,0.167,0.667,0.167,일상,9.7,,
efe05755-2321-5a00-bc10-af19bb7dfb32,서비스 이용이 제한되었습니다.,,,,,,,,,,,,False,False,False,False,False,,,,"플레이스,서비스 이용이 제한되었습니다.,과도한 접근 요청으로 서비스 이용이 제한되었습니다.,잠시 후 다시 시도해주세요.,IP: 211.192.210.178(09/Mar/2026:14:35:28 +0900),이전화면,새로고침",0,0,0,0,0,{},{},7,,,,False,이전 페이지 플레이스 페이지 닫기 서비스 이용이 제한되었습니다. 과도한 접근 요청으로 서비스 이용이 제한되었습니다. 잠시 후 다시 시도해주세요. 이전화면새로고침,IP: 211.192.210.178(2026.03.09 14:35:12),,,,,,,,,,,,,
10db61c2-837e-554c-8e74-a1f86aad61ed,서비스 이용이 제한되었습니다.,,,,,,,,,,,,False,False,False,False,False,,,,"이전 페이지,플레이스,페이지 닫기,서비스 이용이 제한되었습니다.,과도한 접근 요청으로 서비스 이용이 제한되었습니다.,잠시 후 다시 시도해주세요.,IP: 211.192.210.178(2026.03.09 14:35:22),이전화면새로고침",0,0,0,0,0,{},{},6,,,,False,플레이스 서비스 이용이 제한되었습니다. 과도한 접근 요청으로 서비스 이용이 제한되었습니다. 잠시 후 다시 시도해주세요. 이전화면 새로고침,IP: 211.192.210.178(09/Mar/2026:14:35:04 +0900),,,,,,,,,,,,,
f52c4eb3-0338-5851-a484-ce3d49c8d0d0,모노커피,,서울 종로구 대학로11길 32 1층,종로구,4혜화역 3번 출구,254,,,대학로 소나무길에 위치한 음료와 와플이 유명한 카페 모노커피 입니다.,,,,True,False,True,False,False,507,29,,"동영상,동영상,동영상",0,192,0,0,16,"{""커피"": 40, ""아메리카노"": 7, ""라떼"": 5, ""에이드"": 4, ""자몽에이드"": 3, ""레몬차"": 2, ""과일"": 1, ""레몬생강차"": 1, ""바닐라라떼"": 1, ""사이다"": 1, ""생강차"": 1, ""수박주스"": 1, ""아인슈페너"": 1, ""연유라떼"": 1, ""쥬스"": 1}","{""만족도"": 69, ""맛"": 50, ""서비스"": 31, ""가격"": 12, ""메뉴"": 2, ""음식량"": 1, ""청결도"": 1, ""분위기"": 1, ""대기시간"": 1}",5,1500,3000,2400,False,에스포레소 아메리카노 녹차라떼 캐모마일/페퍼민트 레몬/유자/생강차,,"모노커피 지나가는 길에 커피 향에 이끌려 아메리카노 한 잔. #모노커피 #아메리카노 #커피한잔 #맛있다
---
모노커피에서 지나가는 길에 따뜻한 아메리카노 한 잔을 테이크아웃해서 맛있게.... #모노커피 #아메리카노 #따뜻한 #맛있다
---
디카페인 커피도 있어서 좋아요 친절하신 대학로 테이크아웃 카페☺️ 친절해요+1
---
커피도 맛있고 레몬차도 샹큼하니 좋아요 아이스싱글케냐 커피 2,500원 레몬차 3,500원 라떼 2,500원
---
혜화 가성비 테이크아웃! 아메리카노보다는 라떼가 더 낫고 주스도 맛있지만 감기기운있을때 생강차나 생강레몬차가 대박이에요👍사장님 오래오래 하세요~~
---
가성비가 좋아요+2
---
오랜만에 이 근처에 일이 있어 방문하게 되었습니다! 여기서 항상 가성비 있게 커피를 주문하곤 했는데 여전히 괜찮네요!😀
---
여사장님께서 엄청 친절하시고, 커피맛도 제가 좋아하는 산미가 없는 고소한맛입니다. 비 맞고 왔다고 물기 닦으라고 핸드타올도 건네주시고 감사했어요~
---
가성비짱 모노커피 근데 맛도 괜찮음
---
가성비가 좋아요+1",점심,0.3,0.6,0.1,혼자,0.833,0.0,0.0,일상,2.6,,
3ae2aca5-d817-5b65-9adb-f5d6823c651b,모모모,디저트,서울 관악구 양녕로 70 1층 104호,관악구,,,,,,,,,False,False,True,False,False,72,1,,로딩중,0,3,0,0,7,"{""토스트"": 4, ""간장계란밥"": 1, ""감자전"": 1, ""계란밥"": 1, ""녹차"": 1, ""녹차라떼"": 1, ""라떼"": 1, ""수박주스"": 1, ""수제비"": 1}","{""맛"": 12, ""만족도"": 6, ""서비스"": 3}",75,3500,12700,6534,True,"배달우리 매장은 배달 주문이 가능합니다 대표메뉴 딸기 쥬스(M) 딸기 쥬스(L) 딸기 쥬스(XL) 아이스 아메리카노(L) 아이스 아메리카노(XL) 펼쳐서 더보기 최신메뉴 먹자먹자집밥2(흰밥위에계란+두부김치찌개+김) 건강주스(애플+양배추+케일)설탕시럽x(L) 건강주스(애플+양배추+케일)설탕시럽x(XL) 신선귤주스1+1파격세일(XL) 미니라볶이 라면+컵떡볶이+비엔나 펼쳐서 더보기 오늘의메뉴 요즘귀한 수박주스 1+1 감사세일(오늘만)(L) 요즘귀한 수박주스 1+1 감사세일(오늘만)(XL) 바나나주스1+1폭탄세일(오늘만)(L) 바나나주스1+1폭탄세일(오늘만)(XL) 열무밥+국물오뎅 펼쳐서 더보기 세트메뉴 열무밥+간장계란밥 열무밥+계란찜 열무밥+국물오뎅 열무밥+간장계란밥 열무밥+국물오뎅 펼쳐서 더보기 모모모 신메뉴 열무밥(고추장+참기름)(1인분) 간장계란밥(1인분) 뜨끈한 국물오뎅 직접만든 달콤한 식혜(L) 직접만든 달콤한 식혜(XL) 펼쳐서 더보기 토스트 카야잼버터토스트(M) 카야잼치즈토스트(M) 카야잼토스트(M) 애플잼토스트 애플잼버터토스트 펼쳐서 더보기 생과일주스 상큼수박주스(L) 상큼수박주스(XL) 상큼수박주스(M) 신선 귤주스(M) 신선 귤주스(L) 펼쳐서 더보기 혼합생과일 딸기라떼(L) 딸기라떼(XL) 케일사과주스(L) 케일사과주스(XL) 케일바나나주스(L) 펼쳐서 더보기 커피 아이스 아메리카노(L) 아이스 아메리카노(XL) 카페라떼(L) 카페라떼(XL) 카푸치노(L) 펼쳐서 더보기 스페셜음료 초코라떼(L) 초코라떼(XL) 미숫가루(ICE)(L) 미숫가루(ICE)(XL) 복숭아아이스티(ICE)(L) 펼쳐서 더보기 원산지 접기 쌀:국내산. 배추,고춧가루, 콩,돼지고기:국내산",,"빠르게 서빙되는거 너무 좋아요 직장인들 점심시간 대라서 그런 것 같아요 번창하세요! 가성비가 좋아요
---
맛있어요~ 가성비가 좋아요
---
친절합니다! 가성비가 좋아요+1
---
토스트맛은 무난해서 가끔먹는데... 방문포장하면 중년남자사장님이 계시는데 코로나시국에 마스크 항상벗고 계시더라구여 조리중에도...마스크벗고 조리... 5번가면 5번다 안쓰고있었어요.. 알바생들은 잘쓰고있는데... 마스크는 폼으로 목에 걸고계신지... 코로나 시기인만큼 개선해주세요 왠만하면 리뷰안다는데 심각하다생각되네요...
---
굿 음료가 맛있어요+1
---
굿 친절해요+1
---
맛있어요 가성비가 좋아요
---
점 밤에 방문 배달로만 시키다 처음 직접 가봤는데 뜨거우니 더 바삭하고 맛있네요 그리고 뜨거울줄 모르고 봉지 안받으려고 하니 알바생분이 들고가기 뜨거울거라고 친절히 담아주시네요. 감사함당 웃는얼굴에 오늘 하루 기분좋게 시작하네용
---
점 점심에 방문 토스트 맛있어요! 가성비가 좋아요
---
2.5 점 저녁에 방문 알바생 불친절함. 이삭토스트 따라해서 맛은 무난한데 손이 엄청 느리심",점심,0.0,0.833,0.167,,0.0,0.0,0.0,,1.5,,
c4950de2-4e4a-55fe-b38e-f7764de6533d,몬드리안서울이태원 블라인드 스팟,디저트,서울 용산구 장문로 23 몬드리안 서울 이태원 1층,용산구,6녹사평역 3번 출구,921,,https://www.instagram.com/mondrianseoulitaewon/,블라인드 스팟은 L1 (로비 1층)의 오픈된 캐주얼 바 형태로 모임이나 식사 전 가벼운 차와 칵테일 또는 와인을 즐기기 좋은 장소 입니다. 숲과 계절에 영감을 받은 차 한잔의 여유와 블라인드 스팟만의 다양한 시그니처 크래프트 칵테일의 즐거움을 누릴 수 있습니다. 오후 2시 30분부터 6시까지는 애프터눈티 세트를 선보이고 있습니다. 인증 정보 식약처 인증 위생등급 매우우수 음식점,,,,False,True,False,True,True,96,192,999,"내부,음식·음료,케이크,커피,메뉴판,동영상,동영상,동영상,동영상,동영상",0,0,0,35,18,"{""케이크"": 11, ""커피"": 9, ""빙수"": 4, ""파스타"": 4, ""로제파스타"": 3, ""스콘"": 3, ""아이스크림"": 3, ""칵테일"": 2, ""고기"": 1, ""과일"": 1, ""꼬치"": 1, ""당근케이크"": 1, ""라떼"": 1, ""롤케이크"": 1, ""바질"": 1}","{""만족도"": 46, ""맛"": 38, ""서비스"": 15, ""목적"": 9, ""분위기"": 7, ""메뉴"": 5, ""가격"": 4, ""음식량"": 2, ""예약"": 2, ""전망"": 1}",7,11000,98000,40666.7,True,"딸기 애프터눈티 세트(2인) 이용 가능 시간 14:30 - 18:00 몬드리안 케이크 65,000~75,000원 시그니처 에이드 & 아이스티 4종 특색 있는 맛과 비주얼의 시그니처 음료 4종 시그니처 커피 4종",고급스러운 맛과 비쥬얼을 자랑하는 몬드리안의 페스티브 한정 델리 케이크를 만나보세요. 블라인드 스팟에서 자체 개발해 유니크한 시그니처 커피 4종,"점심에 방문예약 후 이용대기 시간 바로 입장일상혼자 딸기 애프터눈티 세트를 이용했어요. 이번엔 메뉴 구성이 로제 파스타 + 딸기 디저트 세트 + 커피나 티 이더라구요. 세이보리 메뉴 대신 파스타에 디저트 종류를 더 늘리셔서 색다르구요. 로제 파스타는 맛이 강하지 않아서 오히려 더 맛있구요. 딸기 디저트는 9~10종류가 제공되어서 정말 다양해요. 디저트파이신 분들이라면 더 좋아하실거 같아요. 여기에 시즌 칵테일 메뉴인 뱅쇼는 신기하게도 이 세트와 정말 어울리니까 추가해서 드시는거 강추드려요. 이 뱅쇼가 다른 곳과 달리 와인 맛과 알코올을 살리셔서 따끗하면서도 디저트의 느끼함을 잡아주더라구요. 매니저님들께서는 정말 친절히 대해 주셔서 감사했어요.
---
점심에 방문예약 후 이용대기 시간 바로 입장연인・배우자 생일,발렌타인 겸해서 선물용으로 구입했습니다. 인스타그램에서 보자마자 반해서 올해는 이거다 했는데 역시 정말 예쁘네요💕 케이크 시트는 촉촉보다는 단단한 느낌이라 처음 먹을땐 응??싶었는데 겉면에 아이싱을 하지 않고, 묵직한 크림을 짜서 층층을 쌓는형태라, 단단한 시트여야하는것 같아요. 시트와 치즈크림 모두 하루 지나니 더 부드럽고 묵직한맛이 나네요. 특히 옆에 있는 CLEO에서 점심을 먹었는데 케이크 먹을수있게 배려해주셔서 더 좋은선물&행복한 디저트시간 이었습니다~ 친절해요+4
---
점심에 방문예약 후 이용대기 시간 바로 입장친목친구 구성 이쁘고 요즘 다 가격 올리는데 얘는 5년전 가격 그대로인건 좋는데, 이제 한번에 얼엇다 제공해서 그런지 차가운 해동맛이 좀 나고 퀄리티는 떨어졋음. 오히려 예전보다 디저트 갯수도 세이버리 핑거푸드 빼니까 늘긴햇는데, 세이버리가 로제파스타로 바뀌면서 뭔가 단짠단짠의 묘미도 못느끼구… 럼퍼스룸은 이제는 앞이 안하는거같구? 그냥 그래요. 이쁘지만 몇마넌 차인데 좀 더 돈 투자해서 딴데갈거같아요. 늘그랫듯 이뻐요 호텔 자체는 종류가 다양해요+3
---
점심에 방문예약 후 이용대기 시간 바로 입장친목, 나들이친구 생각보다 너무 맛있었습니다 특히 롤케이크가 진짜 너무너무 맛있었어요 ㅠㅠ 약간 로제파스타의 조합은 조금 뜬금스러웠지만 너무 행복한 시간을 보냈습니당 디저트가 맛있어요+4
---
점심에 방문예약 후 이용대기 시간 바로 입장일상혼자 망고 애프터눈티 세트를 이용했어요. 신기하게도 6월인데도 아직 스프링 애프터눈티라고 이름지어져 있더군요. 여름 메뉴가 또 따로 나오는걸로 추정되니 또 먹으러 와야겠어요 ㅋㅋ 딱 나오는 순간 이전보다 트레이 외관 자체의 개성은 좀 줄어들었지만. 상당히 풍성하다는 느낌이 들어서 더 만족스러워요. 특히 맛있는 토마토 파스타 포함은 최고. 망고 디저트들도 수건 케이크 등의 트랜드에 맞는 메뉴들로 구성되어서 개성있구요. 스콘과 클로티드 크림 만들어두신거 너무 이뻐서 좋더군요. 파스타는 너무 맛있어서 따로 사먹고 싶은 수준이었구요. 커피나 티는 같은 종류로 리필도 해주셔서 더 좋았어요. 양 많아서 최고😁
---
점심에 방문예약 후 이용대기 시간 바로 입장데이트연인・배우자 맛있고 좋았음 하지만 에프터눈티인데 깨진 티팟이 서빙된거는 조금 아쉬웠음 차가 맛있어요+4
---
저녁에 방문포장·배달 이용대기 시간 바로 입장기념일부모님 어머니 생신 겸 연말 행사로 화이트트리 케이크를 주문했어요. 예약할 때 보았던 사진과 동일하게 정말 예쁘게 만들어진 케이크를 받아서 만족스러웠습니다. 호텔 내 모담 헤리티지에서 저녁 식사도 함께 이용했는데, 호텔 시설을 이용하면서 케이크까지 함께 주문하니 동선도 편하고 분위기도 더 좋았어요. 특별한 날을 기념하기에 정말 좋은 선택이었던 것 같습니다. 디저트가 맛있어요
---
점심에 방문예약 후 이용대기 시간 바로 입장기념일연인・배우자 완벽한 분위기의 친절한 응대, 너무 좋아요 디저트가 맛있어요+2
---
당근케이크 좋아하는데 너무 맛있어요 디저트가 맛있어요+1
---
점심에 방문예약 후 이용대기 시간 바로 입장데이트연인・배우자 깔루아 빙수를 먹었는데 맛도 특별하고 맛있었어요. 자리도 창가 자리로 좋았습니다 디저트가 맛있어요+2",점심,0.0,1.0,0.0,,0.0,0.0,0.0,,1.5,,
d7d3e322-680b-5ce2-bb81-1f7d1da2c5fe,문경새재도립공원,,경북 문경시 문경읍 새재로 932,문경시,,,0507-1321-0709,https://www.gbmg.go.kr/tour/contents.do?mId=0101010100,"백두대간의 조령산 마루를 넘는 이 재는 예로부터 한강과 낙동강유역을 잇는 영남대로상의 가장 높고 험한 고개로 사회 문화 경제의 유통과 국방상의 요충지였다. 새재는 「새도 날아서 넘기 힘든 고개」, 옛 문헌에 초점이라고도 하여 「풀(억새)이 우거진 고개」 또는 하늘재와 이우리재 사이의 「새(사이)재」, 새로 된 고개의 「새재」 등의 뜻이라고도 한다.",,,,False,False,False,False,True,,,999,"이전 페이지,문경새재도립공원,페이지 닫기,이미지 갯수,999+,문경새재도립공원도립공원,알림받기,별점,4.41방문자 리뷰 5,251블로그 리뷰 8,419,출발,도착,저장,거리뷰,공유,홈,소식,리뷰,사진,정보,내부,외부,동영상,동영상,동영상,동영상,동영상,동영상,동영상,동영상,동영상,동영상,동영상",0,0,0,0,0,{},{},94,14,1558,556.8,False,"이전 페이지 문경새재도립공원 페이지 닫기 이미지 갯수 999+ 문경새재도립공원도립공원 알림받기 별점 4.41방문자 리뷰 5,251블로그 리뷰 8,419 출발 도착 저장 거리뷰 공유 홈 소식 리뷰 정보 주소 경북 문경시 문경읍 새재로 932 찾아가는길 내용 더보기 전화번호 0507-1321-0709 안내 복사 홈페이지 편의 남/녀 화장실 구분, 주차 정보 더보기 클립 더보기 클립 올리고 네이버페이 포인트 적립하기 방문자 사진·영상 동영상 동영상 동영상 방문자 사진·영상 더보기 방문자 리뷰5,251 ""산책로가 잘 되어있어요"" 이 키워드를 선택한 인원 ""볼거리가 많아요"" 이 키워드를 선택한 인원 ""주차하기 편해요"" 이 키워드를 선택한 인원 ""뷰가 좋아요"" 이 키워드를 선택한 인원 ""사진이 잘 나와요"" 이 키워드를 선택한 인원 어니언베이귤 2.283번째 방문 산책로가 잘 되어있어요+3 개의 리뷰가 더 있습니다 펼쳐보기 이미지 수 실버스톤과루피맘 3.81번째 방문 볼거리가 많아요+4 개의 리뷰가 더 있습니다 펼쳐보기 까만안경1 1.253번째 방문 볼거리가 많아요+4 개의 리뷰가 더 있습니다 펼쳐보기 방문자 리뷰 더보기 블로그 리뷰8,419 블루데이 여행의 즐거움!!! 3.15.일 2026년 3월 15일 일요일 이미지 수 두공주와 두공주와 더불어 행복해지는 공간 3.11.수 2026년 3월 11일 수요일 이미지 수 리리사랑 완벽한 엄마보다, 다시 안아주는 엄마가 더 중요하다 [문경]문경새재,진일미(중식당) 3.11.수 2026년 3월 11일 수요일 이미지 수 블로그 리뷰 더보기 로딩중 알고 계신 정보와 다른 정보가 있나요? 사진으로 간단하게 제보해 주세요. 정보 수정 제안하기","◎서울 (1시간 40분 소요) 중부고속도로 → 호법분기점 → 영동고속도로 → 여주분기점 → 중부내륙고속도로 → 문경새재IC → 문경새재도립공원 ◎부산 · 대구 (대구 1시간 20분 소요) 경부고속도로 → 김천분기점 → 중부내륙고속도로 → 문경새재IC → 문경새재도립공원 ◎대... https://www.gbmg.go.kr/tour/contents.do?mId=0101010100 대한민국 가장 걷고싶은길 1위 문경새재길 👍👍🏃‍♀️‍➡️🏃‍♀️‍➡️🏃‍♀️‍➡️🏃‍♀️‍➡️. 2관문 휴게소에서 두부김치 막걸리 팔아요~3관문 휴게소에도 있음~ ^^ ##3/1일 부터 2관문 까지 코끼리 열차 운행 시작합니다~ ​문경 가볼만한곳 문경새재도립공원에 다녀왔습니다. 조선시대 영남대로의 중심이었던 이곳은 울창한 숲길과 고풍스러운 관문들이 어우러져 걷는 내내 감탄이 절로 나오는곳입니다. ​제1관문인 주흘관부터 이어지는 황톳길은 맨발로 걷기에도 정말 잘 되어 있어 건강해지는 기분이었습니다. 길 옆으로 흐르는 맑은 계곡물 소리와 새소리 덕분에 제대로 숲캉스를 즐길 수 있었습니다. 중간에 있는 오픈세트장은 마치 사극 속으로 들어온 듯한 특별한 재미를 더해줍니다. 길이 평탄하고 경사가 완만해서 남녀노소 누구나 부담 없이 산책하며 인생샷 남기기에 최적인 장소입니다. ​문경 여행 코스나 가족 나들이 장소를 찾으신다면 방문해 보세요. 자연과 역사가 숨 쉬는 문경의 랜드마크로 추천합니다! 문경새재 걷기 너무 좋은곳이라 날씨도 추운겨울이지만 또 차끌고 와봤음 일욜이라 사람들 좀 있었고 경치도좋고 옆에 계곡에 물도 진짜 맑고 2관문가서 약수터 물맛도 보고하니 진짜 힐링되는듯 밑에입구 2주차장에 주차하고 2관문까지 왕복하면 1시간 30분정도 걸리고 3관문까지 왕복하면 3시간정도 걸리니 가시는분들 참고하세요 걷는길이 별로 힘들지도않고 나무냄새도좋고 볼거리도 많으니 꼭 가보세요 진짜 너무 좋은곳 주차비 안받는게 신기한곳🤩🤩 ⏰️ 여행일자는 2026년 2월 25일이다. 문경 당일치기 여행으로 문경새재 오픈세트장, 봉명산 출렁다리, 폐역인 가은역까지 연계한 여행이었다. 문경새재 오픈 세트장. 여행 전날 서울을 비롯하여 경기도 지역에 눈이 내린다는 예보가 있었지만 일부 지역만 빼고는 눈이 내리지 않았다. 최근 들어 개봉한 영화 '왕과 사는 남자'라는 영화가 개봉되어 인기를 얻고 있는데, 문경새재에 세트장이 있다 하여 찾아보았다. 주차시설. 문경새재 도립공원 입구에 제1주차장부터 제4주차장까지 있는데, 제1주차장이 입구에서 제일 가깝다. 이용료는 무료. 주차장에서 내리니 주차장 뒤편으로 위치한 산은 새하얀 모습을 하고 있어 처음부터 탄성을 지르게 만들었다. 문경새재 입구로 향하는 길에도 많은 눈이 쌓여있는 모습이 보이는데 '아~~! 올 겨울의 마지막 눈 구경인가 보다.' 하는 맘으로 눈길을 걷자니 발밑으로 ""뽀드득"" 하는 눈 밟는 소리가 기분을 좋게 만들어 주었다. 선비의 상을 지나 좀 더 안으로 들어가다 보면 #옛길박물관 이 보이는데 무슨 공사를 진행하는지 조금은 어수선한 분위기이지만 뒤편의 설산과 어울려 멋진 풍경을 보여주었다. 걸으며 쥬변의 풍경을 감상하느라 발걸음이 늦어진다. 누군가가 길가에 귀여운 눈사람을 만들어 놓은 모습도 보이고, 미로공원으로 건너갈 수 있는 징검다리에도 눈이 쌓여있어 정겨움을 준다. 멀리 바라보니 설경이 멋지다. 문경새재 제1관문 앞에 다다르니 이곳이 #문경새재과거길 이었음을 알려주는 커다란 바위가 자리하고 있고, 맞은편으로는 일곱 난쟁이와 백설 공주의 조형물이 보인다. 문경새재 제1관문인 주흘관을 지난다. 날이 따뜻해지면서 눈이 녹아 처마 밑으로 물이 떨어져 피해 가야 했다. 주흘관을 지나 얼마 안 돼 #문경새재오픈세트장 입구에 도착했다. 입구에는 #왕과 사는 남자를 비롯하여 많은 영화와 드라마가 촬영되었는지 보여준다. 문경새재 오픈세트장 운영시간은 09:00 ~ 18:00(11월부터 익년 2월까지는 17:00) 입장요금은 성인 기준으로 2,000원. 입구를 지나니 다리를 만나고 이를 건너 우측으로 돌아서니 <용사교> 광화문을 재현해 놓았는데 이곳은 나오면서 돌아보기로 하고 일반 고택의 세트장부터 돌아봤다. #소원연못 광화문 맞은편에 커다란 저택 안으로 들어가 보니 작은 연못 위로 다리가 놓인 모습이 보인다. 다리 가운데 인물을 세우고 마치 소원을 비는 자세로 사진을 담으면 좋을 것 같다. 처마끝의 낙수. 담장의 아지랑이? 날이 따뜻해지면서 담장에 쌓인 눈이 녹으며... 문경새재도립공원에서는 하루가 즐겁습니다 새재옛길 트레킹을 중심으로 먹거리, 볼거리 등 즐길거리가 집약되었습니다. 금강산도 식후경이라 맛있는 한 끼로 시작합니다. 수도권 집에서 출발하여 2시간 30분 남짓 문경새재 도립공원에 도착합니다. 당일치기 일정도 가능하고 주말 이틀간 1박 2일 나들이는 여유로워지네요. 그러한 여행의 출발지는 문경새재도립공원입니다. 1년에 3~4번 찾을 만큼 계절마다 달라지는 수려한 풍경 등 즐길 거리가 많습니다. 문경새재 도립공원 초입으로는 먹거리 식당가가 형성 하루를 조금 늦게 시작한 나들이 이른 점심으로 시작합니다. 주차장 초입에서 옛길박물관에 이르는 구간, 문경시농특산물직판장 등 식당가가 이어집니다. 르무통체험공간 르무통 카페도 있습니다. 새재옛길을 걷기 전 또는 걸은 후 맛있는 한 끼를 즐기기에 적당합니다. 하지만 방문 당시 도로 보수로 인해 조금은 부산스러웠습니다. 봄이 오기 전 재정비가 진행되는 듯 보였습니다. 백년가게 & 문경시 으뜸음식점 새재할매집 어디로 갈까? 고민하던 찰나 백년가게 문구에 들어갑니다. 대통령의 맛집 새재 할매집이었습니다. 여행을 하다 보면 그냥 지나칠 수 없는 간판이 있습니다. 식당의 경우, 착한가격업소, 백넌가게 등이며, 갈색의 문화유산 알림판 등입니다. 새재할매집은 SINCE 1973 백년가게가 안내됩니다. 백년가게란 30년 이상 명맥을 유지하면서 오래도록 고객의 꾸준한 사랑을 받아온 점포 가운데 중소벤처기업부로부터 우수성과 성장 가능성을 인증받은 점포입니다. 1973년 문경새재 1관문은 주흘관 안쪽 새재산장으로 시작된 새재할매집은 문경새재 관광지 개발정책으로 현재의 자리를 이주하여 50년을 이어오고 있었습니다. 새재할매집의 또 다른 명칭이 있었으니 대통령의 맛집입니다. 윤보선 대통령이 찾았었네요. 직접 담근 고추장과 된장으로 간을 한 고추장 약돌돼지 석쇠구이 전문점으로 고추장 양념 석쇠구이와 더덕구이가 주메뉴입니다. 두 가지 모두 맛보고 싶었으나 2인 이상 주문이 기본으로 석쇠구이만 주문합니다. 넓은 홀에는 이른 점심임에도 손님이 많네요. 기본 6찬, 상추쌈이 먼저 나오고 조금 있으니 바로 구워진 석쇠 구이도 차려집니다. 삼겹살 고추장 구이입니다. 먹기 좋게 잘라서는 한입에 쏘옥, 아는 맛이 무섭다 하지요. 한국인들이 가장 좋아하는 메뉴는 양념이 잘 배여서는 적당한 단맛과 깊은 맛이 좋았습니다. 고기와 밑반찬까지 깨끗하게 비웠습니다. 잡채를 비롯하여 기본 찬은 모두... 문경새재 뜻 새재(鳥嶺): ‘새도 날아서 넘기 힘든 고개’라는 뜻으로, 높고 험준한 고개를 가리키는 말로 설명됩니다 경상북도 문경시에 있는 대표적인 옛길로, 조선시대 과거 보러 가던 선비들이 넘던 고갯길이에요. 자연 풍경이 아름답고 성곽·관문이 잘 보존돼 있어 가족 나들이 코스로 인기 많아요. 볼거리 주흘관·조곡관·조령관: 옛 관문 3곳 (포토스팟) 드라마·영화 촬영 세트장 완만한 황톳길 산책로 (유모차 가능 구간 있음) ♀️ 코스 1관문(주흘관) → 2관문(조곡관): 왕복 약 6~7km 아이와 걷기 무난한 코스 저희도 2관문까지 갔다가 돌아왔어요^^ 이용 팁 주차장 넓은 편 (성수기엔 혼잡) 편한 운동화 필수, 여름엔 모자,물 필수준비 올라가는길 볼거리가 있어요 산세가 너무 멋있어요 날씨도 좋고 2구간까지 도란도란 얘기하면서 걷기 너무 좋았습니다~ 문경 진일미는 경북 문경시에 있는 중식(중국집) 맛집으로, 방송에도 나온 곳입니다. 무엇보다 지역 특산물을 이용한 음식이라 더 좋았어요~ 위치 경북 문경시 매봉2길 23-6 전화: 0507-1400-9799 ⏰ 영업시간 화~일: 11:00 ~ 22:00 브레이크타임: 15:00 ~ 17:00 월요일 정기휴무 대표 메뉴 족살해물짬뽕 (시그니처) 족살간짜장 족살해물순두부짬뽕 약돌등심 탕수육 유니짜장 / 볶음밥 등 ⭐ 특징 메뉴는 대표메뉴들로 시켜봤어요 지역 특산물을 이용한 요리라 특색있고 기본은 하는집 같아요 문경 새재근처니 한번 들러보시는것도 좋을듯요~^^ 유니짜장면+족살해물짬뽕 7천원/1만1천원 약돌 등심탕수육 1만7천원","대한민국 가장 걷고싶은길 1위 문경새재길 👍👍🏃‍♀️‍➡️🏃‍♀️‍➡️🏃‍♀️‍➡️🏃‍♀️‍➡️. 2관문 휴게소에서 두부김치 막걸리 팔아요~3관문 휴게소에도 있음~ ^^ ##3/1일 부터 2관문 까지 코끼리 열차 운행 시작합니다~ 산책로가 잘 되어있어요+3
---
​문경 가볼만한곳 문경새재도립공원에 다녀왔습니다. 조선시대 영남대로의 중심이었던 이곳은 울창한 숲길과 고풍스러운 관문들이 어우러져 걷는 내내 감탄이 절로 나오는곳입니다. ​제1관문인 주흘관부터 이어지는 황톳길은 맨발로 걷기에도 정말 잘 되어 있어 건강해지는 기분이었습니다. 길 옆으로 흐르는 맑은 계곡물 소리와 새소리 덕분에 제대로 숲캉스를 즐길 수 있었습니다. 중간에 있는 오픈세트장은 마치 사극 속으로 들어온 듯한 특별한 재미를 더해줍니다. 길이 평탄하고 경사가 완만해서 남녀노소 누구나 부담 없이 산책하며 인생샷 남기기에 최적인 장소입니다. ​문경 여행 코스나 가족 나들이 장소를 찾으신다면 방문해 보세요. 자연과 역사가 숨 쉬는 문경의 랜드마크로 추천합니다! 볼거리가 많아요+4
---
문경새재 걷기 너무 좋은곳이라 날씨도 추운겨울이지만 또 차끌고 와봤음 일욜이라 사람들 좀 있었고 경치도좋고 옆에 계곡에 물도 진짜 맑고 2관문가서 약수터 물맛도 보고하니 진짜 힐링되는듯 밑에입구 2주차장에 주차하고 2관문까지 왕복하면 1시간 30분정도 걸리고 3관문까지 왕복하면 3시간정도 걸리니 가시는분들 참고하세요 걷는길이 별로 힘들지도않고 나무냄새도좋고 볼거리도 많으니 꼭 가보세요 진짜 너무 좋은곳 주차비 안받는게 신기한곳🤩🤩 볼거리가 많아요+4
---
아이와 함께 산책하기 좋았어요. 가는 입구에는 이쁜 포토존이 있었어요. 안에는 영화촬영세트장이 있는데 입장료가 있어요. 문경패스투어로 문경새재, 오미자터널, 에코월드 저렴하게 잘 활용했어요. 한번쯤 와볼만 한것 같아요. 단 3월말까지 미로공원은 정비로 인해서 입장이 불가했어요. 산책로가 잘 되어있어요+4
---
문경오면 꼭 가봐야할곳!!! 문경세재. 현재는 공원쪽 공사로 이용을 못해서 아숴웠는데 3월이후면 이용가능할거 같아요 조용하고 운치 있어서 걷는동안 힐링되는 느낌이에요 왕과사는 남자를 아이와 함께 영화를 봤었는데 촬영지라고 되어있어서 느낌이 더 달랐다는~~ 아이들도 영화속 장면을 떠올리며 이곳저곳 둘러볼수 있어서 좋았다네요 따뜻한 봄이 오면 다시 찾아볼 예정입니다^^ 볼거리가 많아요+3
---
새해 첫 가족나들이로 문경을 택했는데 그사이 많이 변했네요. 예전에 갔던 드라마촬영장은 패스하고 문경새재도립공원 2관문까지 천천히 걸어서 다녀왔어요. 날이 쌀쌀해도 길이 좋아서 어렵지 않았는데 셔틀버스도 다니는 모양입니다. 우리가 간 날은 운행을 안 하더라고요. 볼거리가 많아요+2
---
백두대간의 조령산을 넘는 고갯길 문경새재. 여기도 단풍이들기 시작했네요. 국내유일 모든길이 흙길로 되어있어 걷기좋고 요근래는 새로운 포토스팟도생겻고, 1관문 근처에는 대규모 영화촬영 세트장이 있어 가을 단풍과 더불어 구경하기 좋은곳. 늦기전에 꼭 방문해보시길 볼거리가 많아요+4
---
괴산 조령산자연휴양림에서 제3관문을 넘어서 주흘관 제1관문까지 걷는길은 지금 🍁 단풍으로 물들어 있어요. 가을이 절정, 단풍도 예쁘고 걷기운동으로 몸도 건강해지고 몸과 마음이 해피 해피 해집니다. 일명 문경새재 꺼꾸로 걷기라고 할 수 있죠 😊🍁🚶‍♂️🤗 볼거리가 많아요+4
---
조금 선선해진 날씨에 문경새재도립공원을 다녀왔어요 ☀️ 예전엔 영남과 기호 지방을 잇는 관문이었다고 하는데, 지금은 누구나 편하게 걸을 수 있는 산책길로 정말 좋아요 🚶‍♀️ 제가 방문했을 땐 단풍이 막 들기 전이라 초록빛이 아직 남아 있었어요 🍃 그래도 숲속 공기가 맑고 흙길이 부드러워서 걷기만 해도 기분이 좋아지더라고요. 아마 지금쯤은 붉은 단풍으로 물들어 더 예쁜 풍경이 펼쳐졌을 것 같아요 🍁 드라마세트장 앞에 다다를 땐 조선시대로 들어온 듯한 분위기가 느껴졌어요 🎬 짧지만 마음이 편안해지는 산책이었습니다 😊 볼거리가 많아요+4
---
문경새재 도립공원 경주나 포항가기전에 중간에 산책과 구경하고 카페가고 밥먹으러 자주오는곳이다. 문경새재도립공원은 주차 무료에 주차장도 큽니다. 문경새재 관문까지 10분 그리고 드라마세트장까지 10분정도 더걸리는 잘되어 있는 산책로가 좋습니다. 가을에는 은행과 단풍이 매우 이쁜곳입니다. 주차장에서 드라마세트장까지 1~2시간 코스로 산책하고 구경하면 딱인듯. 오늘은 차가 많길래 봤더니 문경사과축제 와 사람이 엄청 많습니다. 사과 판매처도 많고 시식도 해서 좋습니다. 문경사과 유명하고 특히 감홍이 맛있습니다. 시상한 사과들은 너무 좋아 보이더군요. 문경새재 도립공원 구경할거리도 많고 경치도 좋으니 근처에 오시면 방문해보세요. 볼거리가 많아요+4",점심,0.0,1.0,0.0,연인·배우자,0.0,0.571,0.0,비즈니스,1.7,"⏰️ 여행일자는 2026년 2월 25일이다. 문경 당일치기 여행으로 문경새재 오픈세트장, 봉명산 출렁다리, 폐역인 가은역까지 연계한 여행이었다. 문경새재 오픈 세트장. 여행 전날 서울을 비롯하여 경기도 지역에 눈이 내린다는 예보가 있었지만 일부 지역만 빼고는 눈이 내리지 않았다. 최근 들어 개봉한 영화 '왕과 사는 남자'라는 영화가 개봉되어 인기를 얻고 있는데, 문경새재에 세트장이 있다 하여 찾아보았다. 주차시설. 문경새재 도립공원 입구에 제1주차장부터 제4주차장까지 있는데, 제1주차장이 입구에서 제일 가깝다. 이용료는 무료. 주차장에서 내리니 주차장 뒤편으로 위치한 산은 새하얀 모습을 하고 있어 처음부터 탄성을 지르게 만들었다. 문경새재 입구로 향하는 길에도 많은 눈이 쌓여있는 모습이 보이는데 '아~~! 올 겨울의 마지막 눈 구경인가 보다.' 하는 맘으로 눈길을 걷자니 발밑으로 ""뽀드득"" 하는 눈 밟는 소리가 기분을 좋게 만들어 주었다. 선비의 상을 지나 좀 더 안으로 들어가다 보면 #옛길박물관 이 보이는데 무슨 공사를 진행하는지 조금은 어수선한 분위기이지만 뒤편의 설산과 어울려 멋진 풍경을 보여주었다. 걸으며 쥬변의 풍경을 감상하느라 발걸음이 늦어진다. 누군가가 길가에 귀여운 눈사람을 만들어 놓은 모습도 보이고, 미로공원으로 건너갈 수 있는 징검다리에도 눈이 쌓여있어 정겨움을 준다. 멀리 바라보니 설경이 멋지다. 문경새재 제1관문 앞에 다다르니 이곳이 #문경새재과거길 이었음을 알려주는 커다란 바위가 자리하고 있고, 맞은편으로는 일곱 난쟁이와 백설 공주의 조형물이 보인다. 문경새재 제1관문인 주흘관을 지난다. 날이 따뜻해지면서 눈이 녹아 처마 밑으로 물이 떨어져 피해 가야 했다. 주흘관을 지나 얼마 안 돼 #문경새재오픈세트장 입구에 도착했다. 입구에는 #왕과 사는 남자를 비롯하여 많은 영화와 드라마가 촬영되었는지 보여준다. 문경새재 오픈세트장 운영시간은 09:00 ~ 18:00(11월부터 익년 2월까지는 17:00) 입장요금은 성인 기준으로 2,000원. 입구를 지나니 다리를 만나고 이를 건너 우측으로 돌아서니 <용사교> 광화문을 재현해 놓았는데 이곳은 나오면서 돌아보기로 하고 일반 고택의 세트장부터 돌아봤다. #소원연못 광화문 맞은편에 커다란 저택 안으로 들어가 보니 작은 연못 위로 다리가 놓인 모습이 보인다. 다리 가운데 인물을 세우고 마치 소원을 비는 자세로 사진을 담으면 좋을 것 같다. 처마끝의 낙수. 담장의 아지랑이? 날이 따뜻해지면서 담장에 쌓인 눈이 녹으며...
---
문경새재도립공원에서는 하루가 즐겁습니다 새재옛길 트레킹을 중심으로 먹거리, 볼거리 등 즐길거리가 집약되었습니다. 금강산도 식후경이라 맛있는 한 끼로 시작합니다. 수도권 집에서 출발하여 2시간 30분 남짓 문경새재 도립공원에 도착합니다. 당일치기 일정도 가능하고 주말 이틀간 1박 2일 나들이는 여유로워지네요. 그러한 여행의 출발지는 문경새재도립공원입니다. 1년에 3~4번 찾을 만큼 계절마다 달라지는 수려한 풍경 등 즐길 거리가 많습니다. 문경새재 도립공원 초입으로는 먹거리 식당가가 형성 하루를 조금 늦게 시작한 나들이 이른 점심으로 시작합니다. 주차장 초입에서 옛길박물관에 이르는 구간, 문경시농특산물직판장 등 식당가가 이어집니다. 르무통체험공간 르무통 카페도 있습니다. 새재옛길을 걷기 전 또는 걸은 후 맛있는 한 끼를 즐기기에 적당합니다. 하지만 방문 당시 도로 보수로 인해 조금은 부산스러웠습니다. 봄이 오기 전 재정비가 진행되는 듯 보였습니다. 백년가게 & 문경시 으뜸음식점 새재할매집 어디로 갈까? 고민하던 찰나 백년가게 문구에 들어갑니다. 대통령의 맛집 새재 할매집이었습니다. 여행을 하다 보면 그냥 지나칠 수 없는 간판이 있습니다. 식당의 경우, 착한가격업소, 백넌가게 등이며, 갈색의 문화유산 알림판 등입니다. 새재할매집은 SINCE 1973 백년가게가 안내됩니다. 백년가게란 30년 이상 명맥을 유지하면서 오래도록 고객의 꾸준한 사랑을 받아온 점포 가운데 중소벤처기업부로부터 우수성과 성장 가능성을 인증받은 점포입니다. 1973년 문경새재 1관문은 주흘관 안쪽 새재산장으로 시작된 새재할매집은 문경새재 관광지 개발정책으로 현재의 자리를 이주하여 50년을 이어오고 있었습니다. 새재할매집의 또 다른 명칭이 있었으니 대통령의 맛집입니다. 윤보선 대통령이 찾았었네요. 직접 담근 고추장과 된장으로 간을 한 고추장 약돌돼지 석쇠구이 전문점으로 고추장 양념 석쇠구이와 더덕구이가 주메뉴입니다. 두 가지 모두 맛보고 싶었으나 2인 이상 주문이 기본으로 석쇠구이만 주문합니다. 넓은 홀에는 이른 점심임에도 손님이 많네요. 기본 6찬, 상추쌈이 먼저 나오고 조금 있으니 바로 구워진 석쇠 구이도 차려집니다. 삼겹살 고추장 구이입니다. 먹기 좋게 잘라서는 한입에 쏘옥, 아는 맛이 무섭다 하지요. 한국인들이 가장 좋아하는 메뉴는 양념이 잘 배여서는 적당한 단맛과 깊은 맛이 좋았습니다. 고기와 밑반찬까지 깨끗하게 비웠습니다. 잡채를 비롯하여 기본 찬은 모두...
---
[문경]문경새재,진일미(중식당) 문경새재 뜻 새재(鳥嶺): ‘새도 날아서 넘기 힘든 고개’라는 뜻으로, 높고 험준한 고개를 가리키는 말로 설명됩니다 경상북도 문경시에 있는 대표적인 옛길로, 조선시대 과거 보러 가던 선비들이 넘던 고갯길이에요. 자연 풍경이 아름답고 성곽·관문이 잘 보존돼 있어 가족 나들이 코스로 인기 많아요. 볼거리 주흘관·조곡관·조령관: 옛 관문 3곳 (포토스팟) 드라마·영화 촬영 세트장 완만한 황톳길 산책로 (유모차 가능 구간 있음) ♀️ 코스 1관문(주흘관) → 2관문(조곡관): 왕복 약 6~7km 아이와 걷기 무난한 코스 저희도 2관문까지 갔다가 돌아왔어요^^ 이용 팁 주차장 넓은 편 (성수기엔 혼잡) 편한 운동화 필수, 여름엔 모자,물 필수준비 올라가는길 볼거리가 있어요 산세가 너무 멋있어요 날씨도 좋고 2구간까지 도란도란 얘기하면서 걷기 너무 좋았습니다~ 문경 진일미는 경북 문경시에 있는 중식(중국집) 맛집으로, 방송에도 나온 곳입니다. 무엇보다 지역 특산물을 이용한 음식이라 더 좋았어요~ 위치 경북 문경시 매봉2길 23-6 전화: 0507-1400-9799 ⏰ 영업시간 화~일: 11:00 ~ 22:00 브레이크타임: 15:00 ~ 17:00 월요일 정기휴무 대표 메뉴 족살해물짬뽕 (시그니처) 족살간짜장 족살해물순두부짬뽕 약돌등심 탕수육 유니짜장 / 볶음밥 등 ⭐ 특징 메뉴는 대표메뉴들로 시켜봤어요 지역 특산물을 이용한 요리라 특색있고 기본은 하는집 같아요 문경 새재근처니 한번 들러보시는것도 좋을듯요~^^ 유니짜장면+족살해물짬뽕 7천원/1만1천원 약돌 등심탕수육 1만7천원",40.7
8ac23c78-ee90-5163-aefc-f09f6bf3970e,벤처아리랑,,서울 종로구 창덕궁1길 31,종로구,3안국역 3번 출구,336,,http://arirang.pro/,,,,,False,False,True,False,False,,,,"이전 페이지,벤처아리랑,페이지 닫기,거리뷰,벤처아리랑공연,연극시설,알림받기,블로그 리뷰 1,출발,도착,저장,거리뷰,공유,홈,리뷰,사진,조건에 맞는 사진이 없습니다.",0,0,0,0,0,{},{},45,3,3,3,False,"이전 페이지 벤처아리랑 페이지 닫기 거리뷰 벤처아리랑공연,연극시설 알림받기 블로그 리뷰 1 출발 도착 저장 거리뷰 공유 홈 리뷰 주소 서울 종로구 창덕궁1길 31 3안국역 3번 출구에서 336m 미터 영업시간 정보 수정 영업시간 수정 제안하기 추가 전화번호 전화번호 보기 안내 홈페이지 http://arirang.pro/ 블로그 방문자 리뷰 방문 키워드 통계 그래프 예시입니다. 현재 0명 참여 10명 이상 참여하면 방문 키워드 통계가 공개됩니다! 아직 등록된 리뷰가 없습니다. 첫 리뷰를 작성해보세요! 블로그 리뷰1 팔일이삼플라워 ☎ 080-8123-8123 벤처아리랑꽃배달 계동화환 오만구천원 특급무료배송 18.3.22.목 2018년 3월 22일 목요일 이미지 수 로딩중 알고 계신 정보와 다른 정보가 있나요? 사진으로 간단하게 제보해 주세요. 정보 수정 제안하기","벤처아리랑꽃배달 계동화환 오만구천원 특급무료배송 오늘도 친절한 베스트플라워 소개올립니다. 벤처아리랑꽃배달 주문해주시면 3시간 이내로 배송을 도와드립니다. 당일배송은 벤처아리랑꽃배달 오전 9시부터 오후 7시까지입니다. 접수는 24시간 벤처아리랑꽃배달 가능하며 당일 접수 시간이 넘어가면 다음날 오전에 배송됩니다. 벤처아리랑꽃배달로 퀄리티 좋은 화환을 합리적인 가격에 구매해보세요. 축하화환도 벤처아리랑꽃배달이 되는 베스트플라워입니다. 근조화환도 벤처아리랑꽃배달이 되는 베스트플라워입니다. 근조화환은 국내산 대국을 사용하여 만들고, 축하화환은 계절소재와 그린소재로 가격대비 좋은 퀄리티로 제작합니다.",,,,,,,,,,,,"벤처아리랑꽃배달 계동화환 오만구천원 특급무료배송 오늘도 친절한 베스트플라워 소개올립니다. 벤처아리랑꽃배달 주문해주시면 3시간 이내로 배송을 도와드립니다. 당일배송은 벤처아리랑꽃배달 오전 9시부터 오후 7시까지입니다. 접수는 24시간 벤처아리랑꽃배달 가능하며 당일 접수 시간이 넘어가면 다음날 오전에 배송됩니다. 벤처아리랑꽃배달로 퀄리티 좋은 화환을 합리적인 가격에 구매해보세요. 축하화환도 벤처아리랑꽃배달이 되는 베스트플라워입니다. 근조화환도 벤처아리랑꽃배달이 되는 베스트플라워입니다. 근조화환은 국내산 대국을 사용하여 만들고, 축하화환은 계절소재와 그린소재로 가격대비 좋은 퀄리티로 제작합니다.",3
8071c461-720b-5abf-ba9f-851b4d873e27,미스터브리즈커피 남부터미널점,카페,서울 서초구 서초중앙로2길 34 1층 미스터브리즈커피,서초구,,,0507-1484-3304,,저렴한 가격과 고급스러운 맛으로 항상 고퀄리티의 커피맛을 내기 위해 노력합니다.,,,,True,True,False,True,True,132,1,,,0,52,17,0,0,"{""커피"": 17, ""라떼"": 2, ""카페라떼"": 2, ""밀크티"": 1, ""아메리카노"": 1, ""유자차"": 1}","{""맛"": 21, ""만족도"": 18, ""서비스"": 9, ""가격"": 3, ""메뉴"": 1, ""분위기"": 1}",17,2500,4800,3900,True,"브리즈 아메리카노 부드러운 풍미를 가진 브리즈 시그니쳐 메뉴 토피넛라떼 달달하고 고소한 토피넛의 매력을 사계절 즐겨보세요 카페라떼 부드럽게 넘어가는 브리즈 추천메뉴입니다. 로얄밀크티 영국 왕실의 향을 느낄 수 있는 정통 로얄밀크티 민트초콜릿 민초단 소환! 생과일쥬스 딸기바나나,유자요거트,바나나,키위,토마토 과일에이드 블루레몬,핑크레몬,오렌지,자몽,청포도 변동 premium tea 변동","과일티-루비 자몽티, 앨리스 레몬티 허브티-캐모마일, 페퍼민트 홍차","이직한 회사랑 가까워서 들렸는데 가성비도 좋고 커피도 너무 맛있어요 앞으로 정착할거 같아요 스탬프 카드 있으면 좋을텐데 ㅠㅠ
---
커피가 맛있다고 추천받았어요.
---
가성비가 좋네요. 근데 에어컨 을 안틀어서 약간 더웠어요
---
좋아요
---
음료 맛있어요!
---
굿굿 음료가 맛있어요
---
굳
---
친절해요 가성비가 좋아요
---
아이스 아메리카노 : 2,500원 아이스 카페라떼 : 3,000원 자리도 넓고, 커피에사 산미가 별로 없아서 좋아요ㅎㅎ
---
🙂",점심,0.3,0.7,0.0,지인·동료,0.167,0.0,0.0,일상,1.3,,
57d3c3f0-f704-5f53-9515-a396554c66e5,미스티,,서울 도봉구 도봉로110라길 70-11 미스티,도봉구,4쌍문역 2번 출구,730,,https://mistycompany.com/,전자담배 업체 주식회사 미스티 입니다. 도매 전용 쇼핑몰 https://mistycompany.com/,,,,True,True,True,True,True,,,,"이전 페이지,미스티,페이지 닫기,미스티전자담배,알림받기,방문자 리뷰 3,출발,도착,저장,거리뷰,공유,홈,소식,리뷰,사진,정보,로딩중",0,0,0,0,0,{},{},42,,,,False,이전 페이지 미스티 페이지 닫기 미스티전자담배 알림받기 방문자 리뷰 3 출발 도착 저장 거리뷰 공유 홈 소식 리뷰 정보 주소 서울 도봉구 도봉로110라길 70-11 미스티 4쌍문역 2번 출구에서 730m 미터 영업시간 영업 중 18:30에 영업 종료 18시 30분에 영업 종료 펼쳐보기 홈페이지 https://mistycompany.com/ 편의 정보 더보기 방문자 사진·영상 방문자 리뷰3 방이동물주먹 23.8.291번째 방문영수증 ㅇㅈㅎ49 23.5.221번째 방문결제내역 좋아요 비타민씨81 23.3.261번째 방문결제내역 좋아요 알고 계신 정보와 다른 정보가 있나요? 사진으로 간단하게 제보해 주세요. 정보 수정 제안하기,"단체 이용 가능, 주차, 포장, 배달, 예약, 무선 인터넷, 반려동물 동반, 남/녀 화장실 구분 지나가다가 와야지 하다가 온 곳 술좋아하고 안주 조금씩 많이 맛보기 딱좋음 사실 아직 안먹어봤는데 동행이 존맛이라고 해서 존맛이라고 적습니다 일단 평일에 오면 사람 없다는 가정하에 좋늠 테이블은 4인 테이블 열개정도 그리고 창가 테이블 비오는날 좋은것 같다 그리고 마침표","지나가다가 와야지 하다가 온 곳 술좋아하고 안주 조금씩 많이 맛보기 딱좋음 사실 아직 안먹어봤는데 동행이 존맛이라고 해서 존맛이라고 적습니다 일단 평일에 오면 사람 없다는 가정하에 좋늠 테이블은 4인 테이블 열개정도 그리고 창가 테이블 비오는날 좋은것 같다 그리고 마침표
---
좋아요
---
좋아요",저녁,0.0,0.0,1.0,,0.0,0.0,0.0,,1,,
832966f9-6b2d-5264-96f0-6361530bcc76,바닐라스카이,디저트,서울 종로구 종로 258 대학천상가 1층 C-27호,종로구,14동대문역 9번 출구,265,,,,,,,True,False,False,False,False,27,2,,"이전 페이지,바닐라스카이,페이지 닫기,이미지 갯수,+12,바닐라스카이카페,디저트,방문자 리뷰 27블로그 리뷰 2,출발,도착,저장,거리뷰,공유,홈,리뷰,사진",0,10,0,0,0,"{""과일"": 1, ""과일주스"": 1, ""딸기쥬스"": 1, ""수박주스"": 1, ""쥬스"": 1}","{""만족도"": 2, ""서비스"": 1, ""맛"": 1}",78,2,10,5.3,False,"이전 페이지 바닐라스카이 페이지 닫기 이미지 갯수 +12 바닐라스카이카페,디저트 방문자 리뷰 27블로그 리뷰 2 출발 도착 저장 거리뷰 공유 홈 리뷰 주소 서울 종로구 종로 258 대학천상가 1층 C-27호 14동대문역 9번 출구에서 265m 미터 영업시간 정보 수정 영업시간 수정 제안하기 추가 TV방송정보 전현무계획 7회, 24.03.29. 2024년 3월 29일 살박/얼박사 사장님, 플레이스를 무료로 직접 관리하세요! 권한 받기 방문자 사진·영상 방문자 리뷰27 ""커피가 맛있어요"" 이 키워드를 선택한 인원 ""음료가 맛있어요"" 이 키워드를 선택한 인원 ""친절해요"" 이 키워드를 선택한 인원 ""좌석이 편해요"" 이 키워드를 선택한 인원 ""가성비가 좋아요"" 이 키워드를 선택한 인원 양배추dear맘 1.71번째 방문영수증 커피가 맛있어요+1 개의 리뷰가 더 있습니다 펼쳐보기 oReAo 25.10.111번째 방문영수증 음료가 맛있어요 xy**** 24.5.311번째 방문영수증 수박주스, 딸기주스 다 맛있고 친절해요 음료가 맛있어요 방문자 리뷰 더보기 블로그 리뷰2 호호 어디에나 있고 아무데도 없는 25.1.27.월 2025년 1월 27일 월요일 이미지 수 여행하는 그림쟁이 여행하는 그림쟁이 전현무계획의 그 음료! MZ음료 살박 후기 24.5.16.목 2024년 5월 16일 목요일 이미지 수 TV · 매거진1 동영상 04:21 4분 21초 전현무계획 7회 로딩중 알고 계신 정보와 다른 정보가 있나요? 사진으로 간단하게 제보해 주세요. 정보 수정 제안하기 관련 링크2 다이닝코드에서 보기 식신에서 보기","오랜만에 찾아가서 마셔봅니다 여전히 사장님 친절하시고 정겨우세요. 감사합니다^^ 조금 기다렸어요 메뉴 만들기 빠른것부터 만들고 해주시네요;;; #동대문살박 #동대문박사 #동대문카페 #동대문이색음료 #동대문음료 #동대문핫바 #동대문수제핫바 #동대문길거리음식 #동대문맛집 #동대문한끼 #동대문종합시장간식 #동대문종합시장길거리음식 #동대문종합시장맛집 #길거리음식 #간단히한끼 #한끼대용 #식사대용 #시장간식 #동대문종합시장먹거리골목 #동대문간식골목 #동대문포장마차 #시장먹거리 #전현무계획 #종로신진시장 #대학천책도매상가 #동대문닭한마리골목먹거리 #신진시장카페 #신진시장음료 #신진시장간식 #시장카페 #핫바맛집 #더드림왕수제핫바 #동대문닭한마리골목간식 #동대문종합시장음료 #동대문마실거리 #동대문먹거리 #동대문간식 동대문 (박사 / 살박) 이색 메뉴 카페 [바닐라스카이] 핫바는 여기가 짱이다 [더드림왕수제핫바] 1호선 4호선 동대문역 9번 출구에서 207m 추억의 야채빵 이야기를 쓰다보니 바로 옆집 지난 여름 동대문 살박집과 수제핫바집이 생각나 밀린 포스팅을 해봅니다 ㅎㅎ 추억의 야채빵을 가고 싶으시면 위 지도를 참고하세요^^ 두 군데 모두 바로 옆집 옆집 입니다. 전현무계획에서 나온 살박 카페!! 박사 얼박 등은 먹어봤지만 살박은 처음이라 나도 살박으로~ 살박을 사서 옆집 핫바집으로 이동 ㅋㅋ 이땐 평일 낮이라 휑해보이지만 지난 토요일 방문시 사람이 너무 많아 구매 실패 ㅜㅠ 문어핫바에 살박한잔 분명 기억하건데 세상 부러울게 없는 맛이였습니다. 꽁짜 커피까지 지난주 토욜은 실패했지만 조만간 다시한번 이 믹스꽁짜커피에 어묵한입 도전!! 아 동대문은 너무 먹을게 많사옵니다. 길을 걷다 갑자기 나타났다! 전현무계획의 그 집을 발견했습니다. 카페도 아니요 좌판도 아니니 음료수 파는 집이라고 해야할까나요? 위치는 신진시장이라지만 오히려 동대문 종합시장이 훨씬 가깝습니다. 현무님이 전혀 무계획으로 주문했던 살박을 저도 따라 시켰지요. MZ라면 살박이지.. 라고 하던데요. MZ아니라 전혀 모르겠음. TV에서 넘넘 시원하고 맛있게, 두 잔이나 드시길레 맛이 정말 궁금했어요. 살구+박카스 믹스 음료입니다. 현무 오라버니처럼 쭈욱~~~ 들이키면... 악??? ㅋㅋㅋㅋ 아뉘~~~~~이건? 희한하고 불량스러운 맛입니다. 자양강장제 살구맛 버전이구만요. ㅋㅋ MZ는 이런 맛 좋아하늬?? 전현무님께 낚였네~~ 박카스 먹어서 힘은 난다야!! #살박이천원 #한번이면족해 #신진시장 #전현무계획 #낚였다 #곽튜브도좋아 #바닐라스카이 #전현무 #곽튜브 #곽준빈 [MZ 레벨 테스트] '살박'을 아십니까? MBN 240329 방송","오랜만에 찾아가서 마셔봅니다 여전히 사장님 친절하시고 정겨우세요. 감사합니다^^
---
조금 기다렸어요 메뉴 만들기 빠른것부터 만들고 해주시네요;;; 음료가 맛있어요
---
수박주스, 딸기주스 다 맛있고 친절해요 음료가 맛있어요
---
비쌈 ㅜㅜ ㅇ3500원이라고 되어잇는데 카드해서그런가 4000원 결제됐어요 친절해요
---
알려줘
---
ㅇㅇ 가성비가 좋아요
---
쥬스
---
좋아요
---
100프로 과일주스. 맛잇어요 음료가 맛있어요
---
굿",점심,0.1,0.9,0.0,혼자,1.0,0.0,0.0,일상,1.1,"#동대문살박 #동대문박사 #동대문카페 #동대문이색음료 #동대문음료 #동대문핫바 #동대문수제핫바 #동대문길거리음식 #동대문맛집 #동대문한끼 #동대문종합시장간식 #동대문종합시장길거리음식 #동대문종합시장맛집 #길거리음식 #간단히한끼 #한끼대용 #식사대용 #시장간식 #동대문종합시장먹거리골목 #동대문간식골목 #동대문포장마차 #시장먹거리 #전현무계획 #종로신진시장 #대학천책도매상가 #동대문닭한마리골목먹거리 #신진시장카페 #신진시장음료 #신진시장간식 #시장카페 #핫바맛집 #더드림왕수제핫바 #동대문닭한마리골목간식 #동대문종합시장음료 #동대문마실거리 #동대문먹거리 #동대문간식 동대문 (박사 / 살박) 이색 메뉴 카페 [바닐라스카이] 핫바는 여기가 짱이다 [더드림왕수제핫바] 1호선 4호선 동대문역 9번 출구에서 207m 추억의 야채빵 이야기를 쓰다보니 바로 옆집 지난 여름 동대문 살박집과 수제핫바집이 생각나 밀린 포스팅을 해봅니다 ㅎㅎ 추억의 야채빵을 가고 싶으시면 위 지도를 참고하세요^^ 두 군데 모두 바로 옆집 옆집 입니다. 전현무계획에서 나온 살박 카페!! 박사 얼박 등은 먹어봤지만 살박은 처음이라 나도 살박으로~ 살박을 사서 옆집 핫바집으로 이동 ㅋㅋ 이땐 평일 낮이라 휑해보이지만 지난 토요일 방문시 사람이 너무 많아 구매 실패 ㅜㅠ 문어핫바에 살박한잔 분명 기억하건데 세상 부러울게 없는 맛이였습니다. 꽁짜 커피까지 지난주 토욜은 실패했지만 조만간 다시한번 이 믹스꽁짜커피에 어묵한입 도전!! 아 동대문은 너무 먹을게 많사옵니다.
---
길을 걷다 갑자기 나타났다! 전현무계획의 그 집을 발견했습니다. 카페도 아니요 좌판도 아니니 음료수 파는 집이라고 해야할까나요? 위치는 신진시장이라지만 오히려 동대문 종합시장이 훨씬 가깝습니다. 현무님이 전혀 무계획으로 주문했던 살박을 저도 따라 시켰지요. MZ라면 살박이지.. 라고 하던데요. MZ아니라 전혀 모르겠음. TV에서 넘넘 시원하고 맛있게, 두 잔이나 드시길레 맛이 정말 궁금했어요. 살구+박카스 믹스 음료입니다. 현무 오라버니처럼 쭈욱~~~ 들이키면... 악??? ㅋㅋㅋㅋ 아뉘~~~~~이건? 희한하고 불량스러운 맛입니다. 자양강장제 살구맛 버전이구만요. ㅋㅋ MZ는 이런 맛 좋아하늬?? 전현무님께 낚였네~~ 박카스 먹어서 힘은 난다야!! #살박이천원 #한번이면족해 #신진시장 #전현무계획 #낚였다 #곽튜브도좋아 #바닐라스카이 #전현무 #곽튜브 #곽준빈",5.5
bf13a4e2-e497-5c20-8f23-06f8a4e8b92e,방배동커피상회,카페,"서울 서초구 방배중앙로 213 1층, 2층",서초구,9구반포역 1번 출구,456,,https://www.instagram.com/bbjar213?igsh=OGQ5ZDc2ODk2ZA==,"커피와 가벼운주류 반려동물 동반가능 주차가능 미팅룸-대형모니터(노트북연결가능),최대 10석, 별도 에어컨 프린트가능 쾌적한 흡연실",,,,False,True,False,True,True,378,206,999,"내부,음식·음료,커피,아포가토,메뉴판,동영상,동영상,동영상,동영상",0,89,0,0,0,"{""커피"": 41, ""스콘"": 12, ""라떼"": 4, ""아메리카노"": 4, ""밀크티"": 3, ""티라미수"": 2, ""딸기라떼"": 1, ""밀크티라떼"": 1, ""뱅쇼"": 1, ""쑥라떼"": 1, ""아인슈페너"": 1, ""아포가토"": 1, ""옥수수"": 1, ""쥬스"": 1, ""초코스콘"": 1}","{""만족도"": 68, ""맛"": 64, ""분위기"": 18, ""서비스"": 11, ""메뉴"": 7, ""청결도"": 4, ""방역"": 2, ""가격"": 2, ""목적"": 2, ""대기시간"": 1}",20,500,50000,8800,True,"시그니처 방배파르페 딸기파르페 신선한 생딸기와 수제딸기시럽이 듬뿍! 새콤 달콤 파르페 초코파르페 초코 아이스크림과 초코시럽이 듬뿍 미팅룸 대관 하이볼 산토리, 짐빔 오리지널 국산수제 생맥주 핸드앤몰트 최고의 수제맥주 방배커피 햄애그토스트 방배토스트 요커트스무디 아포가토 아이스크림과 에스프레소의 환상의 조화 프린트 2층 전체 대관 에스프레소 아메리카노","시그니처 방배커비 베이스의 고급진 파르페, 에스프레소 샷 추가로 격조 높은 맛 시간당 5000원 대형모니터, 별도냉난방, 프린트 예약: 스페이스클라우드, 네이버, 전화 시그니처 커피로 달콤한 우유베이스에 에스프레소를 넣어 수제크림을 올린 커피 신선한 햄과 애그와 딸기잼으로 건강한 한끼, 커피와 함께 세트로 드시면 더 맛있어요 바삭한 토스트와 3가지 맛 잼, 커피세트로 드시면 간단한 한끼완료 건강하고 상쾌한 맛의 요거트스무디 플레인,딸리,망고,블루베리 4가지 맛 장당 흑백 300, 컬러 500, a4,a3 무선 프린트설정, 출력물 제공을 위해 직원문의 모니터, 남녀 별도화장실, 쾌적한흡연실,프린트 음료 주류 외 음식반입가능(대관시),애완동반","커피나 차 마시는 곳과 사무실이 나눠져 있고, 같은 실내 공간 내 smoking area가 있는데 유리문 위쪽(천정쪽) 뚫려 있어서 담배냄새가 차 마시는 공간쪽으로 그대로 넘어옴. 차 마시다가 갑자기 담배냄새 나고 목이 따가워서 둘러보니 어떤 남성이 그 사무실을 들낙거리며 흡연실에서 담배를 피우고 있었음. 까페 공간을 이런식으로(차 마시는 공간+사무실+회의실+흡연실) 설계한 것은 참 어이가 없음. 동네에서 꽤 자주 찾는 까페였는데 메뉴도 계속 줄어들고, 공간도 이렇게 변해가고, 쇼파도 다 떨어져 너덜거리며 가루가 묻어나고, 이제 담배냄새 맡으며 차 마시게 생겼으니..... 이 주변은 주거단지로 아파트도 많고 따라서 시니어들도 많이 찾는 까페인데, 정말 이런식의 운영은 아쉽다. 정말 정말 개선이 필요하다
---
퀄리티 대비 비싸며 불친절함, 추천하지 않음
---
2층에 넓은 공간이 있어서 단체모임이나 집중할 때 방문하는 것을 추천합니다 좌석이 생각보다 많고 스터디룸이 있어서 알아두면 좋은 카페예요 지나가다 따뜻한 차 한잔하러 방문했는데 괜찮은 곳이었어요ㅎㅎ
---
8/16 토요일 3시쯤 일하던 여자직원 진짜 불친절함 인테리어도 전반적으로 너무 낡았고 다신 방문하지 않을듯
---
파르페가 맛있는 카페예요. 커피도 맛있답니다!
---
근처 임장 갔다가 잠시 들리 시그니처 방배커피 시나몬이 있어 보기에는 달달해 보이지만 막상 섞으면 많이 달지 않은 아이스 아메리카노는 진하고 먹기 좋았습니다
---
한강 산책 진입전 마지막 카페. 아이스아메리카노 3천원에 테이크 아웃해서 한강 산책하면 딱!
---
올만에 아포가토 먹습니다 맛있어요 감사합니다
---
자리들이 넓직해서 좋아요. 노트북, 공부하기 좋은 분위기고 단체로 오기에도 좋아요. 커피맛은 쏘쏘,,
---
방배동커피상회의 최애메뉴인 [연유 밀크모닝] 따끈하게 데워져 나오는 달콤한 빵에 커피 한잔의 여유를 즐기기 너무 좋은 방배동 커피상회 벌써 몇년째 다니는 단골이지만 최근 리모델링하고 더욱 멋들어진 공간이 되었더라구요!! 공부, 소모임 부터 클래스까지 다양한 모임의 장소로 활용될 수 있어 방배 까골 주민 분들께 추천드립니다!!",점심,0.0,0.7,0.3,연인·배우자,0.4,0.5,0.1,일상,1,,
9acf6a35-5b67-561d-928b-b8c74ff40e70,,,,,,,,,,,,,False,False,False,False,False,,,,,0,0,0,0,0,{},{},0,,,,False,,,,,,,,,,,,,,,
60495db1-d7a3-56ca-b285-3d619946e09e,,,,,,,,,,,,,False,False,False,False,False,,,,,0,0,0,0,0,{},{},0,,,,False,,,,,,,,,,,,,,,
55c852cf-87af-558c-a603-52942cbe70cc,베스트빈 성남시청점,카페,경기 성남시 중원구 성남대로997번길 45-8,성남시,수인분당야탑역 1번 출구,916,,https://www.instagram.com/bestbeansss,,,,,False,True,False,False,False,227,9,,,0,61,0,0,0,"{""커피"": 11, ""대추차"": 3, ""라떼"": 3, ""바닐라라떼"": 2, ""스무디"": 2, ""과일"": 1, ""과일에이드"": 1, ""수제대추차"": 1, ""아메리카노"": 1, ""에이드"": 1, ""짬뽕"": 1, ""패션후르츠에이드"": 1}","{""맛"": 26, ""만족도"": 18, ""서비스"": 4, ""분위기"": 3, ""메뉴"": 2}",5,3500,4500,3900,False,아메리카노 에스프레소 카푸치노 카페모카 녹차라떼,,"수제 대추차 여기 진짜 맛집이에요!! 한 입 먹자마자 적당한 달달함과 진짜 맛있는 대추를 먹는 느낌스... 👍 오늘 너무 날씨가 춥고 감기가 유행이라.. 시켰는데 완전 강추합니댜
---
매장 너무 이쁘고 커피맛 좋아요. 또 올께욤
---
밖에서 시원하게 수다 떨며 차 한잔 하기 좋아요!! 매장도 너무 깔끔하고 사장님도 넘 친절해오.. 무엇보다 스무디도 맛집입니다...ㅜ 과일을 통째로 가시나봐여
---
아이스바닐라 라떼 원두가 너무 오래된거 같았어요… 쩔은 맛?? 별로 였어요… 따뜻한 라떼는 맛있었어요 음악이 좋아요
---
종종 영어회화 소모임하러 가는데 편하고 좋아요! 대화하기 좋아요
---
감기걸려서 대추차 시켰는데 수제라 맛나요^^ 남편은 바닐라라떼 시켰는데 맛있데요♡0♡ 음료가 맛있어요+4
---
테이크 아웃 해서 먹었어요~~ 굿
---
성남시청 앞 여수지구 먹자골목에서 식사를 하고 커피 한 잔 하러 들렀어요. 내부공간은 깔끔했고, 바로 앞의 공원 겸 놀이터 쪽으로 나 있는 외부 자리도 따뜻한 봄 날씨에 아주 제격이었습니다. 앞으로도 종종 들를 것 같습니다. 아이와 가기 좋아요+4
---
좋아요
---
좋아요",점심,0.1,0.9,0.0,지인·동료,0.143,0.286,0.143,일상,1.3,,
ca873c1a-c6b8-5ff6-829a-d585eb6359d9,베통 역삼,카페,서울 강남구 테헤란로44길 8,강남구,2수인분당선릉역 4번 출구,401,,http://www.instagram.com/beton.kr,"BETON(베통)은 기초와 기본을 가벼이 여기지 않고, 유연하며 그리고 단단하게(변화에 능하지만 견고한), 제품에 대한 바른 신념으로 정성을 판매하는 브랜드입니다. F&B를 정말 좋아하는 실무자 출신의 우리가 모여, 시기마다 고객이 가장 잘 즐길 수 있는 제품과 공간에 변화를 주기 위해 고민합니다. 고객들에게 바른 가치의 소비를 표현하는 매체가 되어주고, 우리의 정성과 가치가 고객들의 패션이 되어주기 위해 노력합니다.",,,,False,True,False,True,True,,,999,"내부,음식·음료,소금빵,아메리카노,밀크티,카페라떼,콜드브루,외부,메뉴판,동영상,동영상,동영상,동영상,동영상",0,302,0,123,161,"{""소금빵"": 161, ""커피"": 81, ""라떼"": 17, ""바질"": 10, ""샌드위치"": 8, ""베이글"": 7, ""스콘"": 7, ""치즈"": 7, ""아메리카노"": 6, ""쿠키"": 5, ""치아바타"": 4, ""고르곤졸라"": 3, ""마들렌"": 3, ""밀크쉐이크"": 3, ""쉐이크"": 3}","{""맛"": 313, ""만족도"": 196, ""서비스"": 80, ""분위기"": 21, ""가격"": 9, ""위치"": 8, ""대기시간"": 8, ""목적"": 6, ""음식량"": 5, ""청결도"": 3, ""방역"": 2, ""메뉴"": 2, ""주차"": 2}",1,3900,3900,3900,False,소금빵,,"선릉역과 역삼역 사이 소금빵 맛집🥐 베통 겉바속촉의 소금빵 맛 보고싶다면 베통 정말 맛있어요~ 모양도 좀 다르고 버터를 많이 사용했는지 고소하면서 바삭함이 극강입니다~~~항상 줄이 길고 1인 구매 최대가 4개예요ㅜ 바질 소금빵 맛있구요 블루베리 소금빵 너무 달지않으면서 베이글 속에 블루베리 듬뿍 들어있는거 완전 취저랍니다ㅎ 다른 베이커리와 달리 겉바속촉 그 자체여서 커피랑 먹으면 정말 맛있어요😋 직원들이 친절하고 카페 공간도 넓고 테이블이 많아서 대화하기도 쾌적하고 좋아요~~ 소금빵 베이커리 카페 찾으시면 꼭 가보세요😍 디저트가 맛있어요+4
---
베통 역삼점이 궁금해서 12시쯤 방문했어요. 소금빵을 사는 대기 줄이 있었어요. 20분정도 기다리다가 빵과 카페라떼를 주문했어요. 기본 소금빵과 솔티 초코 소금빵은 포장을 하고 시금치 바질 소금빵은 라테와 함께 매장에서 먹었어요. 시금치 바질 소금빵을 한입 먹고 줄을 서는 이유를 알겠더라구요. 짭짤하고 고소하고 바삭하고 너무 맛있었어요. 카페라테는 너무 진하지 않아서 소금빵과 잘 어울렸어요. 다음에 또 방문할거에요.
---
어제 4:20에 갔더니 빵이 다팔리고 없어서 오늘 아침 9:25에 들렀습니다. 앞에 다섯팀정도 9:30 에 나올 빵을 기다리고 있었고 진열기다렸다가 결제하고 나오니 9:45이었어요 무척이나 빠르게 되고 종류도 여럿이라 만족했어요 또 스텝분들이 바쁜 와중에 친절하게 응대해 주셔서… 기분이 좋았습니다. 또 가고 싶네요😆 디저트가 맛있어요+4
---
시간별로 소금빵이 나오나봐요! 11시타임에 직장인들 많이오네요.. 소금빵 단짠 맛있고! 트러플 소금빵 진짜 맛있네요.. 줄이 너무 길어져서 못사겠고 다음에 또 와서 사야지..! 디저트가 맛있어요+3
---
이번에는 오전에 방문~~줄을서서 25분 기다림^^ 나오자마자 🥐🥐넘 맛있게 쌓여있어서 🧂 솔티초코 패딩턴 기본소금빵 가득 포장인데 하나 먹고가려고 테이블🪑앉아서 먹었는데 조금도 따뜻하지ㅡ않아서 실망,, 바로 먹으면 맛있었는데 신기하당? 항상 구매할때마 느끼는건 직원분들이 친절하셔서 기분좋이지는 매장이라 좋아요🩷
---
소금빵은 역시 베통! 성수랑 고터는 항상 사람이 많아서 사먹지를 못하는데 역삼은 좀 한산하네요. 간만에 먹어서 더 맛있게 먹고 포장도 야무지게 해왔습니다! 직원분들도 완전 친절하시구 베통은 역삼으로 방문하려고요!! 다만 매장이 너~~~~~~무 추웠어요~~ ㅜㅜ
---
베통 성수.강남신세계 모두 가봤는데 역삼은 대기가 없어 좋네요! 역삼도 유명해지면 대기 생길 듯해요! 참고로 성수는 캐치테이블 없고 30분 줄서서 입장했습니다. 몇가지 종류 먹었봤지만 제가 가장 좋아하는건 베이직한 플레인! 겉은 바삭하고 속은 버터향 가득하고 부드럽고 말랑합니다.🥐🥐🥐 오전 8시에 방문했을때 3가지 종류 소금빵만 있으니 다양한 빵을 원하시면 10시이후 방문 추천합니다. 얼마전 오후 4시쯤 방문했을때 대부분 빵이 매진이었으니 그전에 방문하시는게 좋을듯! 그리고 주말 휴무이니 영업시간 확인하고 방문하세요!! 매장은 테이블 20개정도 있었고 간격이 넓어서 빵과 커피를 여유있게 즐길수 있을것 같네요!☕️🥐
---
개인적으론 살짝 버터가 많아서 느끼한데 버터풍미 좋아하고 딱딱한 소금빵보다 부드럽고 폭신한거 좋아하는 사람은 취향 저격 맞을 듯!!! 앞에 기본 10개씩 담아서 포장도 해보았다는....ㅋㅋ
---
오후 늦게 방문해서 없을까봐 걱정하며 갔는데 다행히 새로 나오고 있었어요 플레인이 겉바속촉 제일 맛있었어요👍 나오면서 다른 종류 이것저것 포장해서 왔는데 포장박스도 예뻐서 선물하기도 좋았어요😊
---
근처 지인에게 소금빵 맛집이라는 이야기를 듣고 여기서 미팅하면서 먹어봤는데, 식어도 맛있는 곳은 오랜만이네요. 돈 아깝지 않은 소금빵이었습니다. 많이들 포장 해 가시더라구요. 잘먹었습니다!",점심,0.444,0.556,0.0,혼자,0.571,0.0,0.0,일상,1.3,,
7b0e6b13-d221-5feb-9f1d-eb4ae35275dc,보티,,세종 집현중앙7로 6 B동 607호,,,,,http://www.votylab.com,"보티는 IoT기반의 데이터 수집/분석/제어장치를 개발, 판매하는 화사입니다. SNS1 홈페이지 http://www.votylab.com 알고 계신 정보와 다른 정보가 있나요? 사진으로 간단하게 제보해 주세요. 정보 수정 제안하기 이용약관고객센터리뷰운영정책신고센터 네이버",,,,False,False,False,False,False,,,,"이전 페이지,보티,페이지 닫기,보티소프트웨어개발,알림받기,출발,도착,저장,거리뷰,공유,홈,리뷰,사진,배송 메뉴,정보",0,0,0,0,0,{},{},57,275000,2750000,1017500,False,이전 페이지 보티 페이지 닫기 보티소프트웨어개발 알림받기 출발 도착 저장 거리뷰 공유 홈 리뷰 배송 메뉴 정보 주소 세종 집현중앙7로 6 B동 607호 영업시간 정보 수정 영업시간 수정 제안하기 추가 전화번호 044-415-1931복사 홈페이지 http://www.votylab.com 방문자 리뷰 방문 키워드 통계 그래프 예시입니다. 현재 0명 참여 10명 이상 참여하면 방문 키워드 통계가 공개됩니다! 아직 등록된 리뷰가 없습니다. 첫 리뷰를 작성해보세요! 배송 메뉴 최신순 인기순 네이버페이 배송비 무료 VOTY 네이버페이 배송비 무료 VOTY 네이버페이 배송비 무료 VOTY 네이버페이 배송비 무료 VOTY 배송 메뉴 더보기 네이버는 상품 판매 당사자가 아닙니다. 안내 로딩중 알고 계신 정보와 다른 정보가 있나요? 사진으로 간단하게 제보해 주세요. 정보 수정 제안하기,보티 ONE-SEN COM 1Ch 모니터링 디지털센서 디스플레이 데이터로거 보티 자원순환 IoT 저울 재활용 환경 교육 분리수거 디지털 공공기관 자원순환가게 보티 ONE-SEN AIO 1Ch 모니터링 아날로그센서 디스플레이 데이터로거 보티 ONE-RTU DIO 8Ch 모니터링 데이터로거 온도 습도 센서 datalogger,,,,,,,,,,,,,
7f8e589f-c4fb-5757-8dd3-218870b4402b,부천시오정노인복지관꿈볶는카페,카페,경기 부천시 오정구 성오로 172,부천시,,,,,,,,,False,False,False,False,False,694,1,,"이전 페이지,부천시오정노인복지관꿈볶는카페,페이지 닫기,이미지 갯수,+69,부천시오정노인복지관꿈볶는카페카페,디저트,방문자 리뷰 694블로그 리뷰 1,투샷 가득 빅카페라떼 3천원의 행복,출발,도착,저장,거리뷰,공유,홈,메뉴,리뷰,사진",0,242,0,0,0,"{""2"": 42, ""1"": 3, ""리뷰"": 226, ""커피"": 29, ""라떼"": 5, ""샌드위치"": 5, ""토스트"": 4, ""에이드"": 3, ""핫도그"": 3, ""머핀"": 2, ""반미"": 2, ""고기"": 1, ""딸기라떼"": 1, ""망고스무디"": 1, ""밀크티"": 1, ""바닐라라떼"": 1, ""밤라떼"": 1, ""뱅쇼"": 1}","{""맛"": 57, ""만족도"": 36, ""서비스"": 7, ""청결도"": 4, ""가격"": 4, ""메뉴"": 3, ""음식량"": 1}",31,1000,3500,2233.3,False,"이전 페이지 부천시오정노인복지관꿈볶는카페 페이지 닫기 이미지 갯수 +69 부천시오정노인복지관꿈볶는카페카페,디저트 방문자 리뷰 694블로그 리뷰 1 투샷 가득 빅카페라떼 3천원의 행복 출발 도착 저장 거리뷰 공유 홈 메뉴 리뷰 쌍화차 생강차 허브티 토스트 스무디 아이스티 에이드 패션후르츠에이드 토피넛라떼 아메리카노 카페라떼 카페모카 바닐라라떼 카라멜마끼아또 초코라떼",,"금요일 아침엔 8:45분까지는 주문해야 9시 전에 나오니까 여유있게 가세요 토피넛라떼 맛있네요!
---
오리고기 반미 샌드위치(₩5,500원) 맛있어요
---
맛나고 친절합니다
---
뱅쇼 추천해요! 음료가 맛있어요
---
구청 들렀다가 방문한 5층 카페! 복지관 어르신들이 운영하는 카페인데 가격도 합리적이고 메뉴도 다양해서 좋은거같아요)) 이번에 반미샌드위치랑 복숭아에이드가 새로 나왔다고해서 주문해봤는데 복숭아에이드 진짜 넘 맛있어요🩵🩵 수제 복숭아청이라서 복숭아 과육이 푸짐하게 들어간게 매력 포인트🔥
---
오면 에그샌드위치만 먹어요 디저트가 맛있어요+1
---
피자토스트 3,500원 ⭐️⭐️⭐️ 가성비가 좋아요
---
참치피뇨토스트 약간 딱딱하지만 먹을 만 합니다 ⭐️⭐️⭐️ 에그마요 부드러운 계란과 마요네스의 조합 ⭐️⭐️⭐️⭐️ 잉글리쉬머핀 햄, 치즈와 딸기잼이 어우러지는 단짠 조합! ⭐️⭐️⭐️⭐️
---
망고스무디 3,000원 양이 많아서 좋음 음료가 맛있어요+1
---
더워서 각각 좋아하는 취향대로 샀어요~~ 음료가 맛있어요+2",점심,0.4,0.5,0.1,혼자,0.6,0.2,0.2,일상,4.2,"오정동행정복지센터 5층 꿈볶는카페 방문후기 평일 오후 오정행정복지센터 방문 여기는 볼거리, 할거리 등이 다양한 곳 [ 오늘 여기서 할 목록 ] ✔️ 5층에서 카페 테이크아웃 ✔️ 1층 오정도서관 노트북 작업 오정동 행정복지센터 안으로 들어가보겠음 개인적으로 여기 안에 1층 5층에 각각 카페가 있는데 저는 5층을 자주 이용해요. 엘리베이터를 타고 5층으로 올라갔어요. 5층에 내리면 바로 앞에 꿈볶는카페 있어요. 꿈볶는카페 주소 : 경기 부천시 성오로 172 5층 ⏰️ 영업시간 : 평일 9시~18시 / 토요일 10시~15시 ☎️ 문의 : 070-5089-2464 저는 오정도서관에 공부하러 오거나 책 읽으러 자주오는데 달달한 커피나 시원한 음료를 마시고 싶으면 5층으로 자주 올라와서 사먹어요. 다른 타 카페에 비해 가격도 저렴하고 맛도 괜찮습니다. 평일 오후쯤 왔는데 앉아서 커피 마시는 어르신 분들이 많으셨어요. 내부 안에 앉아서 드실 공간도 충분히 많습니다. 오? 꿈볶는카페에 키오스크도 생겼네요? 오랜만에 방문했는데 뭔가 더 좋아진 느낌? ( 옆으로 넘겨주세요 ➡️ ) 꿈볶는카페는 커피류, 논커피, 차류, 디저트빵류등 다양한 음식을 판매하고 있어요. 시즌마다 신메뉴가 나오는거 같아요. 6월에 갔을 때 팥절미 쉐이크 팔고 있었어요. 어르신들 취향저격 여름 신메뉴네요 꿈볶는카페는 빵류를 판매하는데 저는 다 먹어봤는데 갠적으로 핫도그 맛있어요 주문당시 배가 안고파서 빵류는 안시켰어요. 출출할 때 핫도그 사먹어보세요 존맛탱입니다. 지갑 속에 꿈볶는카페 도장쿠폰이 있어서 10개 모으면 아메리카노 무료 또는 1,500원 할인 받을 수 있어요. 저는 쿠폰 적용해서 카페라떼 따뜻하게 한잔 시켰어요. [ 카페라떼 Hot ] 2,000원 - 쿠폰적용(1,500원 할인) = 500원에 라떼 먹었네요 ☕️ ✌️ wow ✌️ 여기 직원분들은 어르신 분들이 바리스타로 활동하시면서 일하고 계시는데요 커피맛도 무난하고 가격도 저렴해서 자주 이용합니다. 요즘 같은 고물가 시대에 이런 착한 카페를 자주 이용하면 부담감도 한층 덜해지는거 같아요. 카페음료 테이크아웃 하고 1층 오정도서관으로 고고 장마철 무더운날 오정도서관은 시원하고 실내가 뽀송뽀송하고 좋아요. 이런 좋은 시설은 자주 이용해야 이득인듯:) 오정동행정복지센터 5층 꿈볶는카페는 평일 9시~18시 / 주말 10시~3시 운영 주말에도 운영하니까 방문하셔서 맛있는 음료와 간식 많이 이용하세요! 이상 꿈볶는카페 내돈내산 이용후기 였습니다....",20
199c6966-2b9d-594d-897d-93f8c864bb01,북어위크,디저트,"서울 강남구 자곡로11길 28 LH수서2단지 상가 2층, 201호",강남구,,,0507-1359-1291,https://www.youtube.com/@bookaweek2018,,,,,True,True,True,True,True,53,40,,"플레이스,서비스 이용이 제한되었습니다.,과도한 접근 요청으로 서비스 이용이 제한되었습니다.,잠시 후 다시 시도해주세요.,IP: 211.192.210.178(09/Mar/2026:14:29:26 +0900),이전화면,새로고침",0,45,0,37,0,"{""커피"": 25, ""소금빵"": 15, ""라떼"": 9, ""아메리카노"": 2, ""쿠키"": 2, ""그릭요거트"": 1, ""샌드위치"": 1, ""생선"": 1, ""앙버터"": 1, ""요거트"": 1, ""휘낭시에"": 1}","{""만족도"": 39, ""맛"": 34, ""분위기"": 14, ""서비스"": 11, ""위치"": 4, ""주차"": 1}",8,3300,8900,5742.9,True,북어라떼 진짜 북어가 들어간 시그니처 라떼🐟 소금빵 유기농 제주 호지차 라떼 블루 그릭 소금빵 유기농 제주 말차 라떼 아메리카노 액막이 북어 초콜릿,"이즈니 AOP버터 + 고급 게랑드 소금으로 만든 수제 소금빵 수제 그릭 요거트, 스피루리나, 그래놀라, 바나나, 꿀이 들어간 건강한 한끼 식사","뜨개 모임을 하게 되어 가기 시작했는데, 커피 맛이 정말 좋은 동네 맛 카페입니다. 북어위크의 로고인 북어가 찍힌 소금빵도 아주 맛있어요. 작업하시는 분들이 꽤 많아요. 조용해서 책 읽거나 작업을 하기에도 좋은 것 같아요. 한 번도 안 가본 사람은 있을 수 있지만, 한 번만 가본 사람은 없을 것 같아요. 뜨개 모임이 아니더라도 생각나는 커피 맛이거든요. 오늘은 사장님 부부도 만났는데, 유쾌하시고 반갑게 인사해 주셔서 더 정이 가는 카페입니다. 👍
---
아담하고 좋아요. 무엇보다 커피가 맛있네요. 바리스타 님들이 친절하고, 맛있는 커피를 만들어주셔서 좋았어요. 소금빵에 찍혀 있는 북어가 넘 귀엽고, Book a week 인데 우리 말로 발음했을 때, 북어를 살려서 그걸 로고로 만든 아이디어도 좋습니다. 무엇보다 주차가 무제한으로 된다는 건 큰 장점인 것 같아요. 👍
---
이번엔 혼자 왔는데 역시 분위기 굿굿이에요~ 파란 파도 느낌도 나고 좋아요! 디저트가 맛있어요+3
---
맛있고 예쁘고 아늑하고 친절하고 이보다 좋을 수 없는 곳🫶 커피에 북어라니, 기대보다 도전정신으로 주문했는데 짭짤하니 진짜 잘 어울려요. 책도 다양해서 도서관 온 것 같은 기분도 나고, 차분한 나무색에 짙은 파란색 포인트가 잘 어울려서 시각적으로도 즐거워요!
---
가고 싶었던 북카페인데 일찍 영업이 끝나서 항상 못가다가 친구랑 갔는데 인테리어가 정말 예쁘고 책읽기 좋아요
---
기대안하고 시켰는데 그냥 마셔버렸어요 넘므 맛있고 자꾸 생각나여 또갈게여 ..🤎
---
제가 너무좋아하는 카페입니다 첫방문이후 반해서 자주찾게되었어요!! 너무센스넘치고 감성있는 카페에요 근데,, 커피맛도 좋은거있죠…?! 책읽기 너무 좋은카페 추천드려여⭐️(사실나만알고싶은카페임 ㅠㅠ)
---
동네 조용한 카페 검색하다 흘러흘러 오게 된 공간입니다. 북카페라 책을 보기에도 좋고 음악이 차분해서 무언가 집중하고 가기 좋은 곳이네용. 커피 원두도 다양하고 소금빵도 맛있어요! 차분한 분위기예요+4
---
매력적인 카페입니다. 간이 좋은 북어라떼와 쫀득 바삭한 소금빵. 집에 돌아온 지금도 생각나네요. 세심한 공간에서 편히 생각하다 왔습니다. 자주 가고 싶은 곳이에요.
---
너무 좋아하는 분위기의 카페입니다! 항상 소금빵에 아메리카노 조합을 많이 먹었는데, 오늘은 그릭요거트를 먹어봅니당 ㅎㅎ 너무 예쁘네요",점심,0.2,0.7,0.1,연인·배우자,0.2,0.5,0.3,데이트,1.2,,
aff53f7f-dd70-5a87-b848-07909a895bee,,,,,,,,,,,,,False,False,False,False,False,,,,,0,0,0,0,0,{},{},0,,,,False,,,,,,,,,,,,,,,
91221f1f-4c9e-5ee1-9040-e7a8e38296a6,브라운팩토리,디저트,경기 용인시 수지구 성복1로 62 1층 110호,용인시,신분당성복역 4번 출구,811,,https://www.instagram.com/brownfactory_cafe,브라운팩토리는 풍미 좋은 [엘르앤비르 고메버터 사용]하여 디저트를 만듭니다.,,,,True,True,False,False,True,175,12,,"내부,음식·음료,타르트,까눌레,아메리카노,스콘,에스프레소,동영상",0,107,57,78,0,"{""타르트"": 73, ""에그타르트"": 59, ""커피"": 51, ""휘낭시에"": 44, ""스콘"": 22, ""까눌레"": 16, ""마들렌"": 11, ""호두타르트"": 10, ""라떼"": 6, ""치즈"": 6, ""구움과자"": 5, ""크림치즈"": 4, ""레몬마들렌"": 3, ""소금빵"": 3, ""아메리카노"": 2}","{""맛"": 125, ""만족도"": 93, ""서비스"": 45, ""분위기"": 22, ""목적"": 13, ""위치"": 9, ""청결도"": 2, ""메뉴"": 2, ""주차"": 2, ""가격"": 2, ""음식량"": 1, ""예약"": 1}",18,2800,12000,4486.7,True,에그타르트 까눌레 겉바속촉!!! 입안에서 맴도는 바닐라의 여운~ 소금빵 클래식 휘낭시에 앙버터소금빵 레몬파운드(미니) 레몬파운드 상큼한 레몬파운드 선물용 으로도 좋습니다^^ 초코쉬폰 (임시중단) 뉴욕치즈타르트 팥밤타르트 블루베리아몬드 타르트 호두타르트 곰돌이 마들렌 빅토리아스콘 레몬얼그레이스콘,스콘 반죽으로 만든 파이지에 고소하고 담백한 필링이 듬뿍 들어간 브라운팩토리의 대표 타르트 고급스러운 풍미의 얼그레이크림과 상큼한 레몬글라사주의 조화,"조용하고 아늑한 분위기라 마음이 편안해지는 곳이에요. 사장님도 정말 친절하셔서 머무는 내내 기분 좋았고, 커피는 깊고 깔끔해서 한 모금마다 감탄하게 되고 타르트는 디저트 전문점 못지않게 훌륭했어요. 남편이랑 오랜만에 여유롭게 쉬다 가기 딱 좋은 카페였습니다 ☕🍰
---
커피도 맛있고,스콘,소금빵 맛집입니다^^
---
지난번에 친구들과 함께 방문했는데 너무 맛있어서 재방문합니다! ㅎㅎ 집이 성남이어서 가깝지 않은 거리였지만.. 아침에 일어나자마자 그 맛이 생각나서 오게됐어요 ㅋㅋ 에그타르트, 휘낭시에, 옥수수스콘, 까눌레.. 진짜 뭐하나 빠짐없이 다 너무 맛있어서 뭐가 제일 맛있다고 말할수가 없네요 ㅠㅠ 남편이 음식에 예민한편이고, 특히 디저트는 별로 안좋아하는데도 여기 디저트는 맛있다고 좋아하더라구요!! 그리고 카페 분위기도 너무 좋아서 오래 머무르고 싶었지만 일정상 일찍 나왔네요 ㅎㅎ 사장님 오래오래 번창하세요!! 또 방문하겠습니다^^
---
간만에 다시 왔는데 빅토리아 스콘 너무 맛있네요ㅠㅠ (스콘이 뻑뻑한게 아니라 촉촉해서 크림이랑 조화가 끝내줘요) 까눌레는 무조건 주문해야하구요 🫶 비오는날 오기 좋아요~! 대화하기 좋아요+4
---
브라운팩토리 커피 하루 한잔 꼭 마셔야 되는 1인 입니다. 평소에 테이크아웃 하는데 오늘은 지인과 약속이 있어서 매장에서 먹고 가요. 지인이 산미커피 좋아하는데 이 근처 산미커피 맛있는 곳이 없는데 여긴 정말 맛있어요. 산미 안즐기는 저도 맛있더라구요 ^^ 상큼 향긋한 레몬미니파운드 먹으니 기분이 좋아지네요 ^^ 음악이 좋아요+4
---
숨은 보석같은 베이커리 카페에요 :) 주차 가능(무료)해서 접근성도 좋고 사장님도 친절하셔서 더 기분좋게 이용할수 있었구요 무엇보다 빵이 넘 맛있어요 ㅠ 쵸코크림 스콘, 빅토리아 스콘, 까눌레, 소금빵, 에그타르트, 쵸코 휘낭시에 이렇게 시켰는데 여자 셋이서 배부른데도 불구하고 넘 맛있어서 싹싹 다 비웠어요ㅎ 특히 빅토리아 스콘 .. 이건 정말 추천이에요!! 스콘 자체도 부드럽고 촉촉한데 같이 나오는 크림이 하이라이트에요 ㅋ 친구들이랑 가족들한테도 맛보게 하고 싶어서 셋이서 포장을 또 엄청 했네요 ..ㅋㅋ 포장상자가 따로 준비되어 있어서 포장도 이쁘게 해주시더라구요 ^^ 이 근처 사시는 분들 정말 행운이에요 주말에 디저트 만끽하러 방문하기 딱 좋은 곳입니다 디저트가 맛있어요+4
---
디저트 맛집 지난번 오고 또 왔어요. 사장님이 바로 알아봐주셔서 갬동~ 디저트 빵도 갬동~^^ 너무 맛있었어요ㅎㅎ 먹고 포장도 두둑히 가져갑니다.
---
항상 산책후 반려견이랑 ""라떼랑에그타르 ""먹고 마무리하는데~ 사장님 ,직원분께서~너무친절하게 대해주셔서 마음편히 반려견과 쉬다갑니다^^
---
에그타르트 부드럽고 맛있어요! 레드넥타 티랑도 잘 맞고 좋았습니다!! 디저트가 맛있어요+3
---
ㅠㅠ 재오픈하시길 정말 손꼽아 기달렸는데 새로운 사장님이시지만 여전히 맛있네욥!!💜 (에그타르트 파이지가 과자같은 느낌으로 바삭하진 않고 이전보다 페스츄리 식감이 강해졌어요!) 까눌레 원래 안좋아하는데 이집은 까눌레 정말 맛있네욥🫶 겉면이 아주 바삭하면서 안쪽은 촉촉해서 딱 좋아요!! ( 오늘부터 까눌레 좋아할래요..🤣) 새로운 구움과자류 많아져서 자주 올것 같아요✨ 티 종류도 그대로고 커피맛도 그대로라서 너무 좋네용🫶 사장님 오래오래 해주세요~!!!",점심,0.222,0.444,0.333,연인·배우자,0.0,0.333,0.333,일상,1.6,,
7247bfa6-29cf-5842-9a36-c8cb5ee66f68,,,,,,,,,,,,,False,False,False,False,False,,,,,0,0,0,0,0,{},{},0,,,,False,,,,,,,,,,,,,,,
aa9b5705-b905-5e70-b530-5f5fa732c727,비스트로에버,,서울 마포구 월드컵북로 332-16 1층,마포구,6공항경의중앙디지털미디어시티역 9번 출구,372,,https://www.instagram.com/_bistro_ever/,"상암동에서 피자와 샐러드 스테이크 맥주, 와인,위스키을 곁들여 맛있게 드실수 있는 집입니다",,,,True,True,False,True,False,88,75,999,"음식·음료,피자,파스타,샐러드",0,0,0,15,15,"{""피자"": 16, ""파스타"": 14, ""샐러드"": 9, ""스테이크"": 3, ""와인"": 3, ""맥주"": 2, ""페퍼로니피자"": 2, ""루꼴라피자"": 1, ""리조또"": 1, ""마르게리따"": 1, ""마르게리따피자"": 1, ""샐러드파스타"": 1, ""아메리카노"": 1, ""커피"": 1, ""페퍼로니"": 1}","{""맛"": 31, ""만족도"": 21, ""서비스"": 5, ""분위기"": 4, ""위치"": 2, ""메뉴"": 2, ""목적"": 2, ""청결도"": 1, ""주차"": 1}",15,22000,70000,35133.3,False,온센 다마고 시저 샐러드 루꼴라 프로슈토 피자 트러플오일 풍기피자 감바스와 빵 구운통감자 에멘탈 피자 참치와 계란반숙 피자 더블치즈피자 더블치즈페퍼로니피자 비스마르크피자 고르곤졸라피자 마르게리따 피자 등심 스테이크 채끝 스테이크 폴렌타 닭가슴살구이 라구 파스타,엔초비와 파르마지아노의 깊은 맛 시저드레싱에 온센다마고를 터뜨려 드세요,"너무너무 맛있어요. 상암동쪽으로 이사와서, 맛있는 파스타집을 못찾아서 속상햇는데 이제 찾은거같아서 너무 행복했어요!! 저샐러드도 너무 맛있구,풍기피자도 미쳤어요. 사장님이 직접구우셨다는 그냥 주시는 빵도 너무 맛있어요. 자주올게요!! 아 파스타는 해물파스타였는데 맛은있었는데 저는 맵찔이라그런지 조금 매콤했어요. 음식이 맛있어요+3
---
브레이크 타임 있는 줄 모르고 3시30분쯤 가서 한 30분 정도 기다렸다 입장 했어요. 기다린 만큼 너무 기분 좋게 식사하고 왔습니다. 일단 음식이 너무 맛있고 주인 분이 정말 정말 친절하세요. 이날 버섯 파스타 와 마르게리따피자를 시켰는데 버섯 파스타 정말 맛있습니다. 마르게리따피자도 빵이 느끼하지 않고 정말 담백하고 건강하게 맛있는 맛이에요. 임산부인데 하나도 남김없이 싹싹 긁어 먹고 왔습니다. 다음에는 남편이랑 같이 가려고 해요. 주인분께서 주신 서비스 샐러드도 최고였어요. 왜 이런 곳을 이제야 알았나 몰라요. 자주 자주 방문해서 메뉴 하나씩 도장 깨고 싶어요. 🤍 음식이 맛있어요+4
---
정말 매번와도 여전히 너무 맛있고!!!! 술종류도 정말 다양하고 분위기도 너무 힙하고 근사해요..! 식물들도 너무 풍성하게 잘 키워져있어서 밥먹으면서 뷰 구경하기도 좋네요 ㅎㅎ 리조또 파스타 피자 다 너무 맛있고 재철샐러드 최고!👍🏻 사장님들도 너무 친절하세요🩵..!! 상암에서 제일 인기많은 집이라 소문이 날 수 밖에...... 잘먹구갑니다!! 음식이 맛있어요+4
---
좋은 사람들과 함께 하기 좋은 곳이에요. 분위기 좋고 음식도 맛있습니다. 온센타마고 샐러드 독특한데 맛있구요. 풍기피자 진한 버섯향이 입 안 가득 느껴집니다. 평일 저녁 시간인데 여유롭게 대화 나눌수 있어서 좋았어요. 음식이 맛있어요+4
---
몇번째 재방문인지! 너무 맛있습니다👍 음식이 맛있어요+2
---
상암 최고의 비스트로라고 감히 말해봅니다. 지금까지 아쉬운 메뉴가 없었어요. 음식이 맛있어요+4
---
늘 방문해서 먹었었는데~~지난주 금요일 퇴근길에는 맥주가 생각나서 페페로니 피자를 사서 집에 갔어요. 에어프라이어에 돌려서 먹으니까 오~ 너무 맛있어서 순삭 했습니다. 피자 도우끝은 꿀 찍어서 먹었는데 단짠의 조화가 좋았어요. 올리브오일과 발사믹에 찍어 먹어두 맛있을듯 해요~ 암튼 아 금요일이 다가 오니. 또 피자가 생각나네요~~~ 피자 생각나서 글 남겨요~~~ ( 음식에 고스란히 사장님들의 철학이 담긴 곳이라..그런가....두 분다 분위기도 좀 남다르심...) 정말 피자랑 파스타& 샐러드는 여기가 단언 최고인듯해요. 오래오래 있어 주시길요. ~~ 여기 피자 먹고 딴곳에서 못먹거든요 ㅠㅠ 아~!주신 소스 최고였습니다. 음식이 맛있어요+4
---
라구파스타 완전 맛있어요 짭조름하니 딱좋아요 트러플 풍기 피자는 트러플향도 좋고 식감도 좋았어요 같이 들어간 버섯이 쫄깃하고 마지막 빵 식감도 좋네요 온센다마고 셀러드는 살짝 간이 세긴 했지만 잘 채소들과 소스와 온센다마고가 잘 어우러졌습니다 스테이크 굽기도 좋았습니다 부모님 동생도 참 좋아했어요ㅎㅎ 꼭 다시 오고 싶습니당 음식이 맛있어요+4
---
특별한 메뉴가 있고 맛있어요!!! 음식이 맛있어요+4
---
사장님 정말 제가 애정합니다.... 진짜 풍기 피자 너무너무 맛있어요 ㅠㅠㅠㅠㅠㅠㅠㅠ 상암에서 제일 맛있는 피자집...!!!!!!! 회사에 후배들 들어올때마다 요기서 밥사줍니다.... 오래오래 번창하세요💓 음식이 맛있어요+4",저녁,0.0,0.1,0.9,친구,0.0,0.2,0.3,친목,1.3,"[★★★ 별 3개 / 굳이, 이 가격에? 이런 느낌] 3줄 요약 가격 : 메뉴당 2만원 내외 양 : 인당 최소 메뉴 1개 + 알파 필요 맛 : 나쁘지 않지만 특별한 것도 아님 참치와 계란 반숙 피자 22,000원 정말 통조림 참이와 계란 반숙이 올라간다 피자 위에 계란과 참치를 섞어 먹는 맛 정말 딱 그냥 그 맛이다 통조림 참치랑 좀 안 어울리는 듯 에피타이저 샐러드도 가격대가 꽤 있음 샐러드가 비싸니 피자가 저렴해보임 피클 +500원 뭘까... 생각해보니 피클을 안 줬다 스테이크는 5만원대 하이볼 만원 와인 종류가 엄청 다양하다 가격대가 적정한지 모르겠다 (와알못) 이건 화이트와인 A4용지에 출력해놓은 메뉴판이라 퀄리티는 좀 많이 떨어짐 식전빵 따끈한 빵맛 별 특별한 건 없다 자몽, 올리브, 오렌지가 들어간 연어샐러드 22,000원 피자랑 가격이 똑같네 나름 감칠맛 있는 소스와 연어가 잘 어울림 근데 과일하고는 글쎄 가격이 비싸긴 하다 라구 파스타 23,000원 간 고기가 들어가있는데 그닥 특별한 맛은 아니다 표고버섯 리조또 크림맛이 강해 생각만큼 표고버섯 향은 나지 않는다 쾌적한 분위기 식당이 꽤 큰데 점심시간에 혼자 서빙하고 결제하고 하느라 바빠보임 [장점] 그럭저럭 편하게 먹는 양식 시끄럽지 않아서 대화하기 좋다 [단점] 가격대가 꽤 있음 참치 피자는 좀 별로 파스타나 리조또도 그냥 쏘쏘 [총평] 참치 피자인데 정말 통조림 참치가 올라갈 줄은 몰랐다 그냥 일반 피자 시킬걸 후회 파스타나 리조또도 인상적이지 않았다 샐러드가 그나마 괜찮았는데 가격이 2만원 넘으니 좀 비싸서 만족감은 낮음 재방문 의사 없음 별 3개 #상암맛집 #디지털미디어시티맛집 #디엠시맛집 #상암동맛집 #마포구맛집 #수색맛집 #DMC맛집 #파스타맛집 #피자맛집
---
위치 ; 서울 마포구 월드컵북로 332-16 1층 영업시간 ; 11:30-23:00 토,일 정기휴무 예약 가능 주차(협소) 직장 근처에서 송년모임이 있어 다녀온 비스트로에버예요. 미리 전화해서 예약을 했었구요. 와인이 페어링된다면 더더욱 좋을 와인바라고 하더라구요ㅎㅎ 저희는 술마시는 사람이 몇 없어..그렇게 먹을 것만 잔뜩 먹고 나왔었습니다ㅋㅋ 비스트로에버 내부 분위기는 아담하고 소박한 분위기라 작은 팀회식 참 괜찮을 것 같았어요. 소규모 모임도 괜찮을 듯 했구요. 분위기가 좋았던점 그리고 서비스도 친절하셨습니다. 메뉴도 에피타이저부터 와인까지 다양했는데요, 저희도 이날 인원이 많아서 여러 메뉴를 동시에 많이 시켜보았어요. 가격대는 좀 있는 편이였어요. 그래도 맛있다고 해서 기대가 되더라구요. 상암 맛집 비스트로에버의 식전빵입니다. 감자 모양의 동글동글한 빵이 나왔어요. 파삭하고 고소한 맛이 확 퍼져서 너무 맛있더라구요. 저희는 1번 기본플래터를 에피타이저로 시켜보았는데요, 하몽의 향도 세지 않고 조화롭게 어우러져서 정말 맛있게 먹었답니다. 상암 맛집, dmc역 맛집, 디지털미디어시티역 맛집이라 할 만 하더라구요. 요렇게 올리브도 얹고 하몽도 얹고 방울토마토랑 루꼴라까지 완성하면 정말정말 맛있는 대조합이였습니다. 그리고, 큼직한 새우가 들어있는 감바스도 먹었어요. 감바스에는 아까 식전빵과 같은 빵이 곁들여져 나오더라구요. 감바스도 새우도 큼직하고 간도 괜찮아서 아주 맛있게 먹었어요. 라구 파스타인데요, 라구파스타가 짭쪼롬 하면서도 고소하고 참 맛있더라구요. 아이들도 잘 먹을 것 같은 맛이였어요. 마르게리타 외에도 저희가 달걀이 올라간 피자도 시켰었고 또 더 메뉴를 시켰었는데 수다를 떠느라 더이상 사진을 못찍었어요. 이날 정말 복직하고 너무 오랜만에 즐겁게 이야기도 나누고 밥도 먹고, 행복했어요. 지금 출퇴근이 너무 멀어서 고되지만 내년 가을쯤 되면 가까이로 오게되니 상암맛집을 가끔씩 갈 수 있지 않을까 싶어요. 아이들이랑도 와보고요 ㅎㅎ 상암 회식 장소 찾으시거나 상암 모임 장소 찾으시는 분들께 비스트로에버 추천드립니다.
---
갑작스러운 호출로 몇 가지 치즈를 황급히 챙겨 상암에 도착했습니다. 비스트로 에버에서 와인 관계자분들과의 모임이 있었어요. 사실 자세한 영문도 모르고 간 자리라 빠르게 상황 파악을 해야했죠^^ 비스트로 에버는 서촌에 위치한 에버 델리의 상암 진출 확장 모델이라고 할 수 있습니다. 빵, 파스타, 피자, 샐러드와 와인, 맥주, 커피를 즐길 수 있는 곳입니다. 에버 사장님께서 델리 보다는 비스트로에 상주하는 시간이 많아져 저로서는 좀 서운하기도 하지만, 그래도 그리 먼 거리가 아니니 다행입니다. 쉬는 날, 갑자기 우울한 날, 심심한 날 등등등 연락없이 찾아가 밥 달라고 할 수 있고, 몸이 근질근질 할 때는 일도 도와드리기도 하고 그런 곳입니다. 네 종류의 시음 와인이 준비되어 있었고 저는 서둘러 치즈 플레이트를 만들어야 하는 그런 상황 ㅎㅎ 뭐...... 익숙합니다. 이런 상황들^^ 정말 치즈만! 챙겨갔지만 에버 주방에 있는 재료들을 이용해서 이렇게 저렇게 만들었어요. 7가지 치즈들과 함께. ""PROFILI"" 프로세코로 시작해봅니다. MARCHIORI ""PROFILI"" BRUT VALDOBBIADENE PROSECCO SUPERIORE DOCG 신사동에 위치한 네오 프렌치 레스토랑인 ""라피네""를 찾았을 때 처음으로 접했던 와인이기도 해서 더 반가웠습니다. 잔이 넷이 되었다가 다섯이 되기도...... 또 줄었다 늘었다 하면서 테이블에 앉은 멤버들도 조금씩 바뀌었네요. 상암의 또 다른 내공 맛집! 에버 근처에 있는 트라토리아 몰토 대표님과 셰프님들도 합석해서 브레이크 타임동안 함께 시간을 보낼 수 있었습니다. 새로운 인연들의 만남은 정말 끝이 없는 것 같아요. PAUL DE COSTE ROSE 치즈와 와인이 함께 있는 자리에서는 업무중이 아닐 때에도 머릿 속에서 자동적으로 페어링을 찾아보게 됩니다. 프로마쥬 치즈 클래스에서 분류별 치즈 테이스팅 할 때, 생치즈와 로제 와인의 매칭을 여러번 시도해보기도 했었습니다. 에버에서 준비해주신 바게트 샌드위치 저는 사진 찍느라 맛도 못 봤습니다. 참...... 사진 찍고 테이블에 앉았더니 어느새 빈 접시만 남았더라구요 ㅎㅎ 계절 과일과 요거트 냉장고 속에 이런 재료들이 있어도 혼자서는 잘 안해먹는데 남이 해주니까 또 그렇게 맛있을 수가 없네요. 역시, 가장 맛있는 음식은 ""남이 해주는 음식"" 인 것 같군요. 마지막은 가지 구이와 리코타 치즈 가지는 언제나 옳습니다!!! 준비한 치즈 하나씩 설명을 드렸습니다. 프랑스, 이탈리아에서 생활을 하시면서 치즈에 대한 경험들이 있으셨고 기본적인 내용의 이해는...",21.3
f5f538c0-b1f2-5d5c-b67e-4b3fc8a23669,,,,,,,,,,,,,False,False,False,False,False,,,,,0,0,0,0,0,{},{},0,,,,False,,,,,,,,,,,,,,,
968f3c6f-98d8-53f6-ae5e-3c1472de7960,빽다방 광명소하점,음식점,경기 광명시 소하로 81 아이플렉스 102호 빽다방,광명시,,,,https://events.passorder.co.kr/100won-event-new,[ 빽다방 광명소하점 ]의 4가지 원칙!,,,,True,True,True,False,True,,,,"이전 페이지,플레이스,페이지 닫기,서비스 이용이 제한되었습니다.,과도한 접근 요청으로 서비스 이용이 제한되었습니다.,잠시 후 다시 시도해주세요.,IP: 211.192.210.178(2026.03.09 14:32:56),이전화면새로고침",0,957,0,0,0,"{""커피"": 44, ""라떼"": 24, ""아이스크림"": 19, ""사라다빵"": 10, ""미숫가루"": 9, ""아메리카노"": 7, ""원조커피"": 6, ""카페라떼"": 5, ""망고주스"": 4, ""바닐라라떼"": 4, ""스무디"": 4, ""에이드"": 4, ""요거트"": 4, ""쥬스"": 4, ""핫도그"": 4}","{""만족도"": 253, ""맛"": 190, ""서비스"": 38, ""가격"": 16, ""메뉴"": 9, ""청결도"": 8, ""음식량"": 4, ""분위기"": 4, ""목적"": 2, ""위치"": 1, ""대기시간"": 1}",6,,,,False,플레이스 서비스 이용이 제한되었습니다. 과도한 접근 요청으로 서비스 이용이 제한되었습니다. 잠시 후 다시 시도해주세요. 이전화면 새로고침,IP: 211.192.210.178(09/Mar/2026:14:32:39 +0900),"이야기하기 좋아요 ~^^
---
신메뉴가 나왔길래 가봤는데, 직원응대가 아쉽네요. 뭐하나 물어보면 한숨을 푹푹쉬고 해주기 싫은티를 내지를 않나.. 손님들 있는데, 의자도 계속 끽끽거리면서 한참동안 자리정리를 하고 빗자루로 바닥청소할때도 쉴새없이 쓰레받이를 열었다 닫았다하는 통에, 그 소리때문에 친구랑 이야기도 제대로 못했네요. 종류가 다양해요
---
아이스크림이 안되서 아쉽네요... 다시 아이스크림이 됬으면 좋겠어요 ㅋ
---
가성비 좋아요!! 신메뉴도 전부 다 팔고 있어서 좋았어요ㅎㅎ
---
편안해요
---
다양하고 가성비좋다
---
조용하고 가성비 좋아요. 가성비가 좋아요+2
---
어제의 피곤함을 달래기위해달달한 마끼야또랑 망고쥬스 ㅎ.ㅎ 음료가 맛있어요+1
---
항상 맛있게 잘 마시고 가요~ 음료가 맛있어요+1",점심,0.1,0.6,0.3,지인·동료,0.222,0.111,0.111,일상,6.5,,
835192de-a1f0-5a1a-ad98-1aadd50a33c4,빽다방 길음역점,,서울 성북구 동소문로 248,성북구,4길음역 6번 출구,155,,,,,,,False,False,False,False,False,,,,"플레이스,서비스 이용이 제한되었습니다.,과도한 접근 요청으로 서비스 이용이 제한되었습니다.,잠시 후 다시 시도해주세요.,IP: 211.192.210.178(09/Mar/2026:14:37:26 +0900),이전화면,새로고침",0,0,0,0,0,{},{},6,,,,False,플레이스 서비스 이용이 제한되었습니다. 과도한 접근 요청으로 서비스 이용이 제한되었습니다. 잠시 후 다시 시도해주세요. 이전화면 새로고침,IP: 211.192.210.178(09/Mar/2026:14:37:09 +0900),,,,,,,,,,,,,
60ac4dca-a8f1-5257-a731-ff78bea839f5,빽다방상암KGIT점,,서울 마포구 월드컵북로 402 KGIT센터,마포구,경의중앙수색역 1번 출구,824,,,,,,,True,True,True,True,True,,,,"플레이스,서비스 이용이 제한되었습니다.,과도한 접근 요청으로 서비스 이용이 제한되었습니다.,잠시 후 다시 시도해주세요.,IP: 211.192.210.178(09/Mar/2026:14:24:53 +0900),이전화면,새로고침",0,350,0,0,0,"{""커피"": 35, ""아메리카노"": 10, ""라떼"": 8, ""아이스크림"": 7, ""스무디"": 5, ""쉐이크"": 3, ""요거트"": 3, ""요거트스무디"": 3, ""다방커피"": 2, ""미숫가루"": 2, ""밀크티"": 2, ""사라다빵"": 2, ""딸기스무디"": 1, ""떡볶이"": 1, ""레몬에이드"": 1}","{""만족도"": 110, ""맛"": 84, ""서비스"": 28, ""가격"": 8, ""음식량"": 5, ""청결도"": 3, ""메뉴"": 3, ""위치"": 2, ""분위기"": 2, ""목적"": 2, ""배달"": 1}",5,1500,3800,2360,False,앗!메리카노(HOT) 앗!메리카노(ICED) 원조커피(HOT) 원조커피(ICED) 크리미모카라떼,,"빽다방 상암KGIT점 강풍이 부는 주말 장모님과 와이프, 아들과 함께 상암MBC근처 갔다가 빽커피가 생각나 방문하게 되었습니다. 오늘 주문 내용 #빽다방아이스커피 #카페라떼 #뱅쇼 #딸기젤라또파르페 #친절한사장님 목이칼칼하고 감기가 슬슬 다가올땐 뱅쇼한잔 달달한게 생각나면~~딸기젤라또파르페 커피의기본 빽다방아이스아메리카노 ~~ 매장도 넓고~~~테이크아웃가능 무엇보다도 친절한사장님 덕분에 다른 빽다방 보다 맛난거 같아요.~~ 처음 방문인데 좋았습니다. #상암KGIT 가시게되믄 커피한잔하세요 ^^ #빽다방맛집#상암커피맛집
---
사장님이 친절하시고, 주차 1시간도 지원되어 좋습니다. 다른 매장 주차지원 합산은 안되니 참고하시길 바랍니다. 친절해요+1
---
커피 가성비좋아요
---
빽다방은 가성비커피맛집
---
커피 저렴하고 맛있고 직원분들 모두 친절해요 매장내 좌석 있어서 좋아요
---
500원 이벤트 때문에 사람 대박많아서 거의 25분~30분 대기후 받은 아아메🤣 그래도 그 와중에 사장님 넘 친절하셨어요:) 고메버터 소금빵은 처음 먹어봤는데 맛있네용ㅎㅎ
---
용량도 크고 저렴해서 출근해서 카페인 충전하기 딱이에요~~
---
원조커피 짱맛있음!
---
아바라 맛있어 ☕️",점심,0.4,0.6,0.0,혼자,0.571,0.286,0.0,일상,3.6,,
4052b549-deb1-5de8-8ead-c6176f0d6a53,,,,,,,,,,,,,False,False,False,False,False,,,,,0,0,0,0,0,{},{},0,,,,False,,,,,,,,,,,,,,,
9d1eb55a-71d0-5a7a-bb1b-93578a425eac,산모퉁이,카페,서울 종로구 백석동길 153,종로구,,,,,MBC드라마 커피프린스 1호점 촬영지(최한성의 집)입니다.,,,,False,False,False,False,True,,,999,"내부,음식·음료,밀크티,조각케이크,아메리카노,외부,메뉴판,풍경,동영상,동영상,동영상",0,227,0,139,0,"{""커피"": 163, ""라떼"": 11, ""케이크"": 10, ""아메리카노"": 7, ""만두"": 4, ""치즈"": 4, ""치즈케이크"": 4, ""당근케이크"": 3, ""맥주"": 3, ""밀크티"": 3, ""손만두"": 3, ""우유"": 3, ""쿠키"": 3, ""녹차"": 2, ""녹차라떼"": 2}","{""만족도"": 346, ""맛"": 165, ""전망"": 104, ""가격"": 58, ""분위기"": 55, ""주차"": 32, ""서비스"": 27, ""목적"": 9, ""청결도"": 7, ""위치"": 7, ""음식량"": 4, ""메뉴"": 3, ""방역"": 2, ""대기시간"": 2}",15,8000,10000,8800,False,쿠키 조각케이크 아메리카노 카페라떼 에스프레소 레몬에이드 캐모마일 클라우드 맥주 호가든 맥주 케이크 카푸치노 바닐라라떼 아몬드브리스커피 카라멜라떼 로얄밀크티,,"미술관갔다가 걸어서 카페까지 산책삼아 10-15분정도 걸어갔어요. 오후라 사람은 많았지만 야외자리에 앉았어요. 뷰가 정말 좋습니다. 사진이 잘 나와요+1
---
다좋은데 주차가 문제예요
---
카페에서 정말 황당한 일을 당했네요. 카페에 방문해서, 주차를 어디에 해야 하는지 직원에게 물었더니, 카페앞 길가에 주차하라고 안내받았습니다. 그래서 직원의 안내대로 주차했는데, 카페 있다가 나와보니 불법주차과태료 딱지를 받았습니다. 4만원을 물게 되었는데, 카페측에서는 아무 책임도, 보상도 해줄 수 없다고 하네요. 이게 말이 됩니까? 최소한의 도의적인 책임을 져야지요. 주차장 공사로 자리가 없다고 하면, 다른 카페로 갔겠지요. 그런데 직원 안내대로 주차했다가 피해를 입었는데, 카페는 책임을 회피하고 법적으로 보상할 필요가 없다며 배째라 태도입니다. 만약 주차 자리가 없으면, 그냥 다른 카페로 가세요.
---
북악스카이웨이 가는길에 산속에 위치한 카페 '산모퉁이'. 2~3년전즈음 방문하고, 근처 자하손만두에 점심식사 후 재방문하였다. 부암동에 위치한 커피프린스 1호점 촬영지이며, 탁트인 시야가 멋진 뷰맛집 카페. 인테리어가 꽤나 클래식한 편이며, 평일 점심시간이 살짝 지났음에도 식사 후 커피 한잔 온 손님들로 가득하다. 음료값은 자리때문인지 높은편이며, 직원들의 친절도 점수는 거의 0점 수준으로 고객 응대가 좋지 않다. 날씨가 꽤나 무더웠는데 하늘에 그림 같은 흰구름과 함께 대기질이 좋아 멀리 있는 63빌딩까지 아주 뚜렷하게 볼 수 있었다. 뷰 한가지 빼고는 그다지 만족스러운곳은 아니라 블링블링하고 쾌적한 카페를 찾는다면 비추. 뷰가 좋아요
---
뷰 맛집 인정 커피프린스 추억이. 아니더라도 충분히 나들이갈 가치있는 카페 뷰가 좋아요+1
---
친구랑 가서 좋은 시간 보냈어요 ㅋㅋ 야외석에 앉으니 넘 좋았는데 큰 왕벌들이 너무 많아서 후딱 실내로 들어갔었어요 ㅠ 음료가 맛있어요+4
---
아이들과 나들이 길에 들렸습니다. 뷰가 좋고, 여름임에도 바람이 선선하네요.
---
뷰도 좋고 아기자기한 카페이지만 커피 맛도 부족하고 좀 지저분해서 두번은 안 갈 것같아요..🥲 뷰가 좋아요
---
확실히 뷰 맛집이긴 합니다!! 앉는 좌석도 엄청많고 넓고 시원해요 한눈에 서울전망이 다 보여서 속시원해요 마음 편히 쉬고싶다면 오는곳입니다 근데 메뉴는 너무비싸긴함
---
주말오후 젊은남자분. 모든게 불만스럽고 귀찮/짜증나있는 태도로 손님들이랑 기싸움하듯 느릿느릿하게 30-40분걸려 나옴. 주인 아들이 아니면 말이 안되는 상태",점심,0.0,0.8,0.2,친구,0.0,0.4,0.5,친목,1,,
ede6ebab-0df0-56a5-8836-f4ef02f5457a,산체스커피 양재점,디저트,서울 서초구 마방로10길 18-28 1층,서초구,신분당양재시민의숲역 2번 출구,838,0507-1385-5119,https://blog.naver.com/lmjscarlat,,,08:40-21:00,,True,True,True,True,True,464,35,,"내부,음식·음료,아메리카노,메뉴판",0,0,0,0,0,{},{},6,,,,False,플레이스 서비스 이용이 제한되었습니다. 과도한 접근 요청으로 서비스 이용이 제한되었습니다. 잠시 후 다시 시도해주세요. 이전화면 새로고침,IP: 211.192.210.178(09/Mar/2026:14:36:19 +0900),,,,,,,,,,,,"양재 카페 : 산체스커피 양재점 테니스 강습 받으러 가기 전에 시간이 떠서 근처 카페 찾다가 들가본 산체스커피 양재점 잘보면 밖에 테라스 자리도 있다 넘나 궁서체로 산.체.스.커.피 50미터 밖에서도 저거 보고 알아볼 수 있을듯 안에는 초록초록해 이런 테이블이 실내에 네다섯개 정도 있었고 아래에 콘센트도 있어서 간단한 랩탑 작업하기 좋을듯 메뉴판...을 찍었는데 중간 중간 자체 모자이크 처리가.. 특이하게 컵이랑 보틀 두 가지로 주문할 수 있었음 머무는 내내 쿠팡이츠 알림음이 울렸는데 보틀이면 배달로 시켜먹기 좋을듯 주문은 키오스크로도 가능하고 그 옆에 병음료용 냉장고도 있음 커피는 취향껏 원두를 고를 수 있고 또 디카페인이 있어서 만족!!!! 딸기철도 이제 끝물 수박철이여 오라!!! 병음료용 냉장고 222 중간에 보이는 테이블에 베이커리류도 있었고 책 읽으며 시간 보내기 좋은 곳 밖에 좌석도 있어서 날 선선할 때 수다 떨기도 좋아보임 끊임없이 손님들이 방문했는데, 특정 나잇대가 아니고 다양한 나잇대라 인상적이었음 + 제로페이 가능 (서초사랑상품권) ++ 화장실 건물 밖 #산체스커피 #양재카페 #양재천카페 #양재카페디카페인 #양재천데이트 #양재테라스카페 #양재노트북카페 #양재천노트북카페
---
#양재시민의숲커피 #양재커피 #산체스커피양재점 #양재커피맛집 #양재동카페맛집 #피넛버터라떼 #양재동디저트 #양재카페 #양재디저트맛집 안녕하세요, 오네똠므입니다. 오늘은 출장으로 양재시민의숲역 들렀다가 라멘먹고 산체스커피 양재점을 방문했습니다. 스페셜티 원두를 로스팅하는 가게로 신선한 커피를 마실 수 있어서 커피마시고 싶을 떄 방문하기에 참 좋겠더라고요. 커피 주문시 원두를 선택할 수 있고 넓으면서도 쾌적한 산체스커피 양재점을 바로 소개할게요. 산체스커피 양재점 위치: 서울 서초구 양재동 264-13 시간: 월~금 08:00~21:30 주말 08:30~21:00 전화: 0507-1385-5119 주차: 가능(가게 앞 평행주차) 혼자 라멘을 먹고서 양재동 카페 맛집을 찾으면서 두리번 거리고 있던 찰나, 깔끔한 외관과 감각적인 인테리어가 제 눈에 띄어서 뭐에 홀린듯 자연스럽게 발걸음을 옮기게 되었어요. 양재역 1번 출구 도보 약 7분 정도 거리에 위치해 있어 접근성이 참 좋아요. 양재천을 따라 산책하면서 바람도 쐬며 들르기에도 안성맞춤인 위치더라고요. 산체스커피 양재점은 매주 로스팅한 신선한 원두만을 사용하고 주력하는 메인원두 3가지는 케냐 블렌딩 / 에티오피아 블렌딩 / 디카페인이에요. 쉽게 말씀드리면 케냐 블렌딩은 고소함 에티오피아 블렌딩은 라이트한 바디감의 블렌딩에 기분좋은 산미 디카페인은 카페인이 없어요. 스페셜티 전문점으로 매주 로스팅하다보니 커피의 종류도 많았고 원두, 디저트, 더치원액 등 다양하게 판매를 하고 있었어요. 저는 아래와 같이 주문하였습니다. 피넛버터라떼 4,700원 시그니처메뉴 쿠키, 카스테라, 케익 등 먹음직스러운 디저트도 있어서 여럿이 방문하여 디저트 한 두개 정도 시키면서 이야기나누기 딱 좋겠더라고요. 카페 내부는 심플&모던하면서도 핀 조명으로 따뜻한 분위기였고 사진찍기에도 좋겠더라고요. 우드 톤의 가구와 눈이 피로하지 않는 은은한 밝기의 조명이 어우러져서 편안한 느낌을 물씬 풍겼어요. 특히, 저는 딥그린과 코발트블루를 정말 좋아하는데 의자 색이 너무 이뻤어요. 폴딩도어가 활짝 펼쳐져 있었고, 자연광이 들어와서 밝고 쾌적한 공간이었어요. 테이블의 간격도 넓어서 여유롭게 커피를 즐길 수 있어서 제 마음에 쏙 들었답니다. 그리고 사장님도 친절하게 응대해주셔서 저도 모르게 기분이 좋더라고요. 제가 주문한 메뉴는 '피넛버터라떼'에요. 산체스커피의 시그니처 메뉴 중 하나로, 고소한 땅콩버터와 부드러운 우유가 조화를 이루는...
---
스페셜티 커피 향 가득✨ 수제 디저트로 달콤~달콤 산체스커피 양재점 서울 서초구 마방로10길 18-28 1층 ⏰ 영업시간 : 월-금 08:10-21:00, 토-일 08:40-21:00 0507-1385-5119 ️ 주차 문의 필요 오늘의 커피는, 두구두구 산체스커피! 전 처음 가봤는데 동료는 가봤대요 처음에 모르고 지나칠 수 있음 주의 외관이 너무 가려져 있어서 여긴 줄 몰랐어요! 날씨 좋을 땐 천막 거두면 좋을 것 같아요☺️ 내부에는 이렇게 널찍한 테라스가 있어요! 딱 날씨 좋을 때 아아 사들고 안기 좋죠 ✿˘︶˘✿ 내부는 이렇게 그린 우드 화이트 느낌 화사하면서 아늑한 분위기예요 자리가 넓어서 노트북 하기도 좋아 보여요! 역시 카페는 우드 느낌 자리도 찾았고, 이제 커피 사러 키오스크로ㄱㄱ 산체스 로스터스는 스페셜티 커피 원두 로스팅 전문 브랜드라고 하네요. 주문 시 케냐 블렌딩, 에티오피아 블렌딩, 디카페인 중 선택하실 수 있어요 커알못은 그냥 기본템 흐흐 전체 메뉴! 사진 참고하세요 (｡･ω･｡)ﾉ♡ 저희가 시킨 메뉴는 아메리카노 (에티오피아 블렌딩) 3,300원 아이스 바닐라라떼 (케냐 블렌딩) 4,700원 이렇게! 밥 먹고 점심은 역시 커피에요.. 식후땡 커피 만만세 ෆ⸒⸒ ꒰ ¨̮ ꒱❁⃘ 빵이랑 쿠키들 다양한 케이크들 수박주스! 엄청 많아요 단체로 사도 될 정도로ㅋㅋ 금방 나온 커피 오늘의 커피 수혈 끄읕 스페셜티 커피 향에 푹 빠지고☕ 수제 디저트도 준비돼 있으니 한 입 하러 오세요! 양재천 감성 가득한 산체스커피, 근처 지나신다면 가볍게 들러보셔도 좋아요ෆ˘◡˘ෆ",15.3
75e8ef86-9940-50d9-9f7d-957317401975,카페 공명 연남점,디저트,서울 마포구 연희로 11 1층 카페 공명 연남,마포구,2공항경의중앙홍대입구역 3번 출구,231,0507-1337-6304,https://cafegm.kr/,연남동 최대 규모의 대형 카페 입니다.,,,,True,True,True,True,True,,,999,"내부,음식·음료,브라우니,말차라떼,라떼,아인슈페너,스콘,외부,메뉴판,동영상,동영상,동영상,동영상,동영상",0,7320,0,4889,0,"{""커피2,"": 353, ""스콘1,"": 448, ""라떼"": 884, ""까눌레"": 373, ""에이드"": 255, ""우유"": 253, ""케이크"": 213, ""밀크티"": 208, ""브라우니"": 202, ""아메리카노"": 178, ""쿠키"": 135, ""망고에이드"": 75, ""바닐라빈라떼"": 67, ""크림라떼"": 54, ""몽블랑"": 53}","{""맛6,"": 356, ""만족도5,"": 199, ""분위기2,"": 379, ""서비스"": 861, ""메뉴"": 590, ""목적"": 245, ""위치"": 113, ""청결도"": 90, ""가격"": 49, ""대기시간"": 39, ""음식량"": 36, ""방역"": 33, ""배달"": 19, ""주차"": 9, ""전망"": 4, ""예약"": 3}",16,3400,7800,5253.3,True,비스킷슈 공명라떼 (Only ice) Gongmyoung latte 오리지널 크루아상 아몬드 크림 크루아상 초코 크림 크루아상 말차 크림 크루아상 뺑 오 스위스 뺑 오 쇼콜라 고메버터 소금빵 모카 소금빵 우유크림 소금빵 소보로 소금빵 허니갈릭 소금빵 명란마요 소금빵 모찌 소금빵,쿠키로 이루어진 겉면 바닐라빈 슈크림이 꽉꽉꽉꽉 채워진 속 한 입 베어물면 겉바속촉을 진정으로 느낄 수 있는 맛 살짝 얼린 상태로 드시면 또다른 매력을 느낄 수 있습니다.,"지인들 모임장소 찾다가 발견한 공간이에요. 저 상징적인 북선반 사진에 끌려서 장소로 정하고, 방문했어요. 합정이 아니라, 연남동으로 정한 이유는 아무래도 조용하면서 핫한 곳으로 정하려다보니, 연남동이 좋겠더라고요. 깨끗한 외관과 대비되는 따뜻함과 미니멀한 동선의 내부 공간도 좋았어요. 말차라떼와 뱅쇼, 명란마요 크로아쌍, 말차크로아쌍 등 빵은 맛있었고, 음료도 나름 괜찮았어요. 테이블 거리도 있고, 쾌적한 모임이 되었네요..
---
2-3년 전에 선물받은 책을 읽다 작가님이 운영하는 카페가 있다고 해서 네이버지도에 즐겨찾기해놨다가 이제서야 오게 됐네요ㅎㅎㅎ 직원분들 너무 친절하시고 책에 있는 카페쿠폰사용도 잘 도와주셔서 너무 좋았습니다 시그니처인 공명라떼도 달달한 입맛인 저에게 취향이었고 명란소금빵도 딱 제 입맛인 적당한 짭짤함이어서 존맛이었습니다! 엄청 시끄러운 분위기는 아니어서 조용히 혼자 즐기다 가도 되는 굿카페!!!
---
쌀쌀한 날... 잠시 쉬어가도 좋다는 문구가 눈길을 사로잡습니다. 크리스마스트리 옆 작은 상자는 주인을 기다리는듯 합니다. 넓은 매장과 노출콘크리트기법으로 층고가 높아 공기 흐름이 정체 되지 읺으니 쾌적한 느낌입니다. 메뉴판(?)이 독특해서 살폿이 만져봅니다. 물이 준비되어 있어 음료나 베이커리 본연의 맛을 느낄수 있게 해 줍니다. 차가운 의자 위에 놓여진 방석은 추운 날 손님을 대하는 배려로 보여 빙그레 미소짓습니다. 밀크티와 생크림스콘을 주문하고 홍차가 어느 브랜드일까 살펴보니 자체브랜드네요. 살짝 들어간 연유도 과하지 않고 스콘의 생크림도 부드러움 그 자체여서 좋았습니다. 잘 쉬고 갑니다. 음료가 맛있어요+4
---
연남동에서 우연히 발견한 분위기 좋은 카페입니다 책이 많이 진열되어 있어 차분한 느낌이고 베이커리 종류도 많아서 머물기에 좋습니다. 조금 어둑한 조명이라 오히려 집중이 더 잘 되어 좋았습니다 다음에 부모님 모시고 오려고 합니다 컨셉이 독특해요+4
---
홍대입구역 근처 분위기 깡패, 카페 공명에 다녀왔어요. 출판사에서 운영하는 곳이라 책과 어우러진 앤틱하고 차분한 감성이 너무 매력적인 곳입니다. 저는 시그니처인 공명라떼와 아인슈페너를 먹었는데요. 공명라떼는 컵 테두리의 시나몬 가루와 쫀쫀한 크림, 라떼의 조화가 환상적이에요! 한 입 마시면 기분 좋아지는 고급스러운 달달함입니다. 아인슈페너 역시 크림 농도가 딱 적당해서 커피의 풍미를 부드럽게 감싸주더라고요. 크림 커피 좋아하시면 무조건 호(好)일 맛! 👍 공간도 넓고 쾌적해서 대화하거나 책 읽기에도 딱 좋은 홍대 카페입니다. 맛있는 커피와 감성 충전이 필요할 때 강력 추천드려요!❤️❤️❤️ 대화하기 좋아요+3
---
빵 스위스 너무 맛있어요…빠쟉한 느낌 먹어본 것중에 최고! 🙌 아메리카노는 홍대로 먹었는데 산미 살짝있는 향긋함이라 좋아용. 그리구 라떼도 맛있구 바닐라빈 밀크티도 맛있어요. 연남동카페와 홍대 카페 생각나는 공명이 생각나요.. 부모님 커피 입맛 까다로우신데 넘 만족하셨어요 😋
---
연남점 카페인데 홍대입구역 근처에 있어요! 비스킷슈랑 생크림스콘이 메인디저트이고, 최근에 소금빵이 다양하게 추가됐어요! 작업하기 좋고, 디저트랑 음료 모두 맛있어서 기분전환하고 싶을 때 방문해요! 친구랑도 종종 방문하는데 사람이 많고 음악소리가 좀 커서 목소리를 좀 높여서 대화하긴 해야해요. 직원분들도 친절하고 음료, 디저트 모두 맛있어서 주기적으로 방문해요! 디저트가 맛있어요+2
---
입구부터 내부 인테리어까지 안 예쁜 곳이 없어요! 조명이 좋아서 사진이 정말 잘 나옵니다. 친구랑 수다 떨기에도 좋고 분위기가 좋아서 데이트 코스로도 추천해요. 직원분들도 친절하셔서 기분 좋게 머물다 갑니다.
---
평소에 한 번 와보고싶었는데 지나가다 들렀어요 ㅎㅎ 명란마요 소금빵 너무 맛있어보여서 사버렸구요 그냥 기본 소금빵은 오후 3시인데 품절됐더라구요 ㅠㅠ 인기가 많은가봐요!! 음료는 애플망고 에이드랑 친구는 아인슈페너 먹었는데 둘 다 만족했답니다! 애플 망고 에이드 너무 맛있어요 ㅎㅎ 자리도 넓고 너무 마음에 드는 카페예요. 메뉴판도 책으로 되있는 거 정말 센스있고 마음에 들어요 이것두!
---
비스킷슈 맛있어요!! 중간 큰 테이블은 자리가 넓어서 공부하기 좋고 나머지 자리는 노트북하기 불편할 거 같구 대화하기는 좋을 거 같아요 홍대에 여기같은 대형 카페 많이 없어서 모임하기 좋은 거 같아요 전에 주말에 왔는데 사람 엄청 많았어요 집중하기 좋아요+1",점심,0.0,0.8,0.2,혼자,0.444,0.222,0.111,일상,1.8,,
eff2c499-f6f1-5cf6-b682-5507e8c2f216,서울형키즈카페 성북구 보문동점,,서울형키즈카페 성북구 보문동점,성북구,6우이신설보문역 7번 출구,169,,https://umppa.seoul.go.kr/icare/user/kidsCafe/BD_selectKidsCafeView.do?q_fcltyId=SB251201,,,,,False,False,False,False,False,,,,"이전 페이지,서울형키즈카페 성북구 보문동점,페이지 닫기,이미지 갯수,+376,서울형키즈카페 성북구 보문동점키즈카페,실내놀이터,알림받기,블로그 리뷰 22,출발,도착,저장,거리뷰,공유,홈,소식,메뉴,리뷰,사진,동영상",0,0,0,0,0,{},{},7,,,,False,이전 페이지 플레이스 페이지 닫기 서비스 이용이 제한되었습니다. 과도한 접근 요청으로 서비스 이용이 제한되었습니다. 잠시 후 다시 시도해주세요. 이전화면새로고침,IP: 211.192.210.178(2026.03.09 14:30:51),,,,,,,,,,,,"서울형키즈카페 보문동점 월~토 0~6세 이용가능(현재연도-태어난연도) 주차 가능 평일 1회차는 단체 이용 우선 회차로, 단체 예약이 없거나 정원(27명 기준)이 미달된 경우 선착순 현장 접수로 개인 이용이 가능 ⬇️예약사이트 성북구 육아종합지원센터 2층에 있던 놀이방이 몇개월간의 공사 끝에 서울형키즈카페로 새단장을 하였다! 초반엔 평일 1회차도 개인이용이 가능하다가 얼마 안되어 단체만 이용할 수 있게 바뀌더니,,, 단체예약이 없거나 정원미달인 경우 개인도 현장접수하여 이용가능 하게 최종적으로 정해진 것 같다! 가정보육하는 사람으로서 평일1회차 시간을 가장 선호하기 때문에 서울형키즈카페에 이런 부분은 조금 아쉽긴 하다 (평일1회차는 아예 단체만 이용가능한 곳도 많음) 엘레베이터에 붙어있는 시설 이용안내와 주차장이용안내 3-4번 시도끝에 드디어 평일1회차 개인이용 가능하다고 해서 바로 방문 (물품보관함이 입구 바깥쪽에 있어서 조금 불편했다!) 가운데 크게 이런 놀이구조물이 있다 태오는 아직 그물다리는 무서워하는 편이라 거의 이용하지 않았다 미끄럼틀 두개가 나란히 있는 슝슝존 오른쪽 미끄럼틀이 경사가 더 가파라서 더 빠르고 재밌어보였다! 태오도 오른쪽꺼 한번 타더니 계속 오른쪽꺼만 탐 반짝존에는 여러가지 코스튬옷들과 블럭놀이도 있고 태오가 좋아하는 자동차, 기차놀이도 이곳에 있었다 한쪽벽면을 차지하고 있는 놀이기구 태오도 처음엔 무서워하더니 재밌는지 계속 탔던 미끄럼틀! 이 공간을 아이들이 가장 좋아할 것 같다 영아전용 공간 아주 작게 있는 포근존 많지는 않지만 책도 준비되어 있다 서울형키즈카페 보문동점은 소근육 보다는 대근육 위주의 놀이시설이 더 많아서 아이들이 뛰어놀기에 정말 좋을 것 같다!
---
안녕하세요~ 육아하는 승현맘이에요! 승혀니가 요즘 방학 아닌 방학기간인데다가 아니..날씨는 왜그렇게 또 추운거죠? 놀이터를 갈 수가 없더라고요 ㅜㅜ 그래서 아... 어디를 가야하지~ 고민하다가 서울형키즈카페 성북구 보문동점 여기 리모델링했다길래 부리나케 예약하고 다녀왔답니다 다녀온 후기 시작할게요~ 서울형키즈카페 성북구 보문동점 진짜 겨울에는 이만한 곳이 없는 것 같아요 날 추울 땐 실내가 최고잖아요~~ 그래서 예약날짜 시간되자마자 바로 들어가서 예약했거든요 서울형키즈카페 성북구 보문동 주소 서울시 성북구 지봉로 24길 26 부모아이지원센터 2층 -보문역 7번출구 421m 전화 022241-0779 [운영시간] 매일 10:00-18:00 휴게시간 12:00-13:00 매주 일요일 정기휴무 회차별 시간은 아래 사진 참고해주세요 [연령 및 정원] 2026년 연나이(2020년생~2026년생 아동) 0~6세 아동 및 성인 보호자 주민등록등본 필히 지참 개인 27명 / 단체 40명 [이용요금] 개인 영유아 1인 2000원 개인 성인보호자 1인 1000원 돌봄 신청시 2000원 별도 현장 카드 결제만 가능 (현금, 계좌이체, 서울형 키즈카페머니 사용 불가) 할인 중 KT멤버쉽 연계할인 20% 가능해요 *** 양말필수착용/보호자도 양말착용필수(미착용시 입장불가) 아동 및 보호자 바지착용 권장 *** 주차가능 / 상황에 따라 다르니 미리 연락해보세요 회차별 이용시간은 이러니까 참고하세요^^ 예약은 아래 링크에서 가능합니다 저는 승혀니 친구 이드니랑 자차로 이동했고 마지막 타임 시작하기 20분 전 도착했더니 이렇게 주차자리가 있더라고요~ 근데 주자차리는 상황에 따라 다르니까 꼭 확인해보세요^^ (직원분 말로는 대부분 가능하다고 합니다) 매 정시에 입장 가능한거라 앞에서 조금 기다렸어요~ 회차별 입장시간은 다르니까 확인필수요! 문 앞에 보관함이 있어서 겉옷이랑 가방은 넣고 들어갔답니다 들어가기 전 입장시 준비내용 잘 참고했고요 등본 미리미리 준비하세요^^ 아참, 다둥이 카드 있는 분들은 다둥이 카드도요~ 주차는 저기 이름이랑 차량번호 적음 되더라고요 할인내역도 다양하니까 보고 맞는거 선택하믄 되고요~ 일단 주차가 된다는거에 큰 점수를 줄 수 있었고요~ 아쉬운 점은..제가 나중에 말씀 드릴게요^^ 일단 리모델링 하고 바로 찾아간거라 깨끗해요~ 시설이..좋다는거 역시 메리트더라고요! 아이들이 정말 즐겁게 놀았어요^^ 물론 정원이 27명이라서 엄청 큰거 아니더라고요 거기에..0세부터 가능한 곳이라... 아.. 아가들이 너~~무 많아요! 그래서...
---
최근 리뉴얼 후 더 좋아진 서울형 키즈카페 성북구 보문동점 ⓒ 글 사진 / 에세희 오랜만에 방문한 서울형 키즈카페, 이번엔 보문동점 다녀왔어요 최근 새롭게 리뉴얼해서 더욱 쾌적하고 깔끔하게 바뀌었다고 해서 내심 기대가 되었답니다 집에서 가까운 거리에 위치해 있는데 그동안 내부수리 문제로 방문하지 못해 아쉬웠네요 결론부터 말하자면 0~6세 이용가능한 지점인만큼 액티브한 놀이 위주로 꾸려져서 돌전후 아기들은 조금은 이르단 생각이 들수도 있겠어요 그럼 서울형 키즈카페 보문동점 후기 공유해요 서울형 키즈카페 성북구 보문동점 위치는 보문동 부모아이지원센터 2층이에요 1층엔 장난감 대여센터도 있더라구요 키즈카페에 놀러온김에 장난감 대여해도 좋겠어요 서울형 키즈카페 성북구 보문동점 위치 서울 성북구 지봉로24길26 부모아이지원센터 2층 문의 02-2241-0779 이용연령 0~6세 이용료 아동 1인당 2,000원 보호자 1인당 1,000원 주차 협소 (대중교통 이용 권장) *입장시 거주지 및 연령 확인 가능 서류 필수 지참, (사진 및 온라인 문서 가능) *아동은 미끄럼방지 양말 착용 필수 이른 퇴근 후 아이랑 이동하는 날이여서 시간이 조금 지체될 것 같아 연락를 드려보니 친절하시게도 천천히 조심히 오라고 말해주셔서 걱정없이 찾아올 수 있었어요 내부 시설 입구에서 외투와 가방, 신발을 보관 후 들어와서 입장확인 및 결제해요 이미 탁 트이고 재밌는 놀이공간이 가득해서 썸머는 자꾸만 얼른 놀고싶다고 했네요☺️ 들어서자마자 아빠손 엄마손을 이리저리 이끌며 “저기도 가보자~!” 하고 신나했어요 확실히 리뉴얼해서 내부가 정말 깔끔하고 쾌적해요 전체적인 느낌은 “아이들 대근육 놀이, 액티브한 신체활동에 초점을 맞춘 것 같다”였어요 흔히 보이던 트램펄린, 붕붕카 등은 없지만 오르내리며 놀 수 있는 언덕이 중앙에 있고 그물, 구름다리, 미끄럼틀 등 활동적인 놀이 위주로 구성되었더라구요 서울형 키즈카페 보문동점의 포인트는 미끄럼틀인가..? 싶을정도로 아주 시선 강탈이던 대형 미끄럼틀이 두개 있어요 바닥이 정말 푹신하고 안전하게 설계되서 아이들이 마구 내려오고 뛰놀아도 문제 없더라구요 이 미끄럼틀은 꽤 속도가 빠른데 아이들이 진짜 재밌어했어요 평소 구름다리를 조금 무서워하는 썸머도 내부 밝은 분위기 덕분인지 씩씩하게 건너기도 했어요 한켠에는 소소하지만 블럭놀이, 코스튬놀이할 수 있는 공간이 아늑하게 있고 졸리점퍼도 있어서 어린 돌전후 아기들도 심심하지...",27.3
7f25ce80-b667-5492-9c8b-bd4f2d2959aa,,,,,,,,,,,,,False,False,False,False,False,,,,,0,0,0,0,0,{},{},0,,,,False,,,,,,,,,,,,,,,
7eb29ee8-ad2a-5ee2-b5e0-c08ad817ecc8,,,,,,,,,,,,,False,False,False,False,False,,,,,0,0,0,0,0,{},{},0,,,,False,,,,,,,,,,,,,,,
e1dca41d-6ff6-54aa-bda8-0195bd894868,세르클 한남 본점,,"서울 용산구 이태원로 223-5 4층 (한남동, 유니언타운 한남)",용산구,6이태원역 2번 출구,489,0507-1349-6828,https://www.instagram.com/cercle__hannam,,,,,False,True,False,False,True,,,999,"플레이스,서비스 이용이 제한되었습니다.,과도한 접근 요청으로 서비스 이용이 제한되었습니다.,잠시 후 다시 시도해주세요.,IP: 211.192.210.178(09/Mar/2026:14:25:09 +0900),이전화면,새로고침",0,0,0,0,0,{},{},16,6500,28000,14913.3,True,연어 뺑뒤프 베이컨 뺑뒤프 버섯 크림 뺑뒤프 초코 세르콘 레몬 세르콘 미나리 골뱅이 파스타 카페크렘 라떼에 세르클 시그니처 크림이 올라간 달달한 커피음료 어니언스프 세르클 샐러드 뽐므 드 테르 화이트 라구 파스타 크렘브륄레 제로슈가 아이스티 망고패션에이드 청포도라임에이드,"마리네이드한 훈제 연어, 딜마요소스를 곁들인 뺑뒤프 (14시까지 주문가능) 베이컨, 시금치, 홀렌다이즈 소스가 들어간 뺑뒤프 (14시까지 주문가능) 버섯크림, 페코리노치즈, 바게트, 양송이 슬라이스가 들어간 뺑뒤프 (14시까지 주문가능) 프랑스산 발로나 초콜릿을 사용하여 쇼콜라 본연의 깊고 진한 맛이 표현된 클래식한 케이크 콘 크림을 먹는 듯한 식감으로 꾸덕꾸덕한 레어치즈 무스와 상큼한 레몬커드가 조화로운 케이크 콘 미나리와 골뱅이, 버터 빵가루를 곁들인 오일 파스타 (14시까지 주문 가능) 오랫동안 볶은 양파의 진한 맛과 향을 내는 스프 위에 바게트와 치즈를 듬뿍 얹은 메뉴 제철 채소,새우,사과,토마토 등을 와인비네거 드레싱과 곁들인 샐러드 버터의 풍미가 좋은 감자와 훈연소시지를 진한 그레이비와 즐기는 메뉴(14시까지 주문 가능) 한우 라구 소스에 대파와 페코리노 치즈, 노른자를 곁들인 파스타 (14시까지 주문가능) 바닐라빈이 듬뿍 들어간 커스터드 크림 위에 바삭하게 캬라멜라이징한 프랑스 클래식 디저트 홍차와 복숭아의 향과 맛은 살리고 당은 줄여 건강하게 마실 수 있는 제로슈가 아이스티 망고와 패션후르츠의 트로피컬한 단맛이 좋은 스파클링 에이드 라임의 상큼하고 청량함, 청포도의 단맛이 좋은 스파클링 에이드",,,,,,,,,,,,,
38bd620c-a899-51b5-9753-54a07d3243af,,,,,,,,,,,,,False,False,False,False,False,,,,,0,0,0,0,0,{},{},0,,,,False,,,,,,,,,,,,,,,
ea943aa9-926c-53ca-be9a-67d377025f08,,,,,,,,,,,,,False,False,False,False,False,,,,,0,0,0,0,0,{},{},0,,,,False,,,,,,,,,,,,,,,
f5eab51c-6dad-5e3d-bc99-e486651995a5,손커피연구소 과천슈르실험실,카페,경기 과천시 별양로 46 래미안슈르 C동상가 1층 1005호,과천시,4정부과천청사역 5번 출구,438,,,,,,,True,True,False,True,False,47,5,,"음식·음료,아샷추",0,37,19,14,0,"{""커피"": 26, ""스무디"": 13, ""아메리카노"": 3, ""에이드"": 3, ""과일"": 2, ""라떼"": 2, ""생과일쥬스"": 2, ""초코라떼"": 2, ""토스트"": 2, ""디카페인아메리카노"": 1, ""망고에이드"": 1, ""얼그레이"": 1, ""전"": 1}","{""맛"": 37, ""만족도"": 29, ""위치"": 5, ""청결도"": 3, ""목적"": 3, ""서비스"": 3, ""메뉴"": 2, ""분위기"": 2, ""가격"": 2}",5,2300,3000,2675,True,ICE 아.샷.추 손커피가 제안하는 달콤 쌉싸름한 황금비율 아샷추 ICE/HOT 카페라떼 ICE/HOT 아메리카노 ICE/HOT 디카페인 아메리카노,크리미한 우유에 에스프레소의 진한 풍미가 더해진 고소한 카페라떼 직화 로스팅한 10일 이내의 원두로 내린 신선한 아메리카노 직화 로스팅한 10일 이내의 원두로 내린 디카페인 아메리카노,"과천에 새로생긴 24시 무인카페라니~!! 매장내부도 깔끔하고 메뉴도 다양해서 자주 오고싶어요💓 커피도 맛있는데 애플망고라떼가 진짜 맛있어요;;; 스무디는 주말오후에 갔더니 품절이라 못먹어봤는데ㅜㅜ 담에 다시 도전하려구여!!!
---
커피가 늘 맛있네요. 디카페인도 맛이 좋구요. 또 올게요.
---
오랜만에 왔는데 토스트 메뉴가 추가됐네요😊 라떼랑 같이 먹으니 궁합이 딱이에요 아침에 든든~하게 한끼 하고 갑니당 디저트가 맛있어요+4
---
토스트가 생겻네요. 커피랑 한잔하기 좋습니다.
---
새로 생겨서 친구랑 같이 방문했어요!! 인테리어도 너무 깔끔하고 매장이 되게 깨끗해요ㅎㅎ 커피맛도 정말 좋네요ㅎㅎ 일본 편의점에서 파는 생과일주스 먹어보고 싶었는데 한국에서도 맛볼 수 있다니😍 다음엔 생과일주스를 꼭 먹어보려구요ㅎㅎ
---
얼마전 집 앞에 새로운 무인카페가 생겨서 자주 다니고 있네요~~ 커피도 웬만한 무인카페보다 맛있다고 생각했는데 스무디가 들어와서 먹어보니 아주 간편하고 맛있어서 더운 날 먹기 너무 좋은 것 같아요!! 앞으로도 자주 이용할게요ㅎㅎ
---
오늘은 새로 오픈한 무인카페에 다녀왔습니다. 처음 들어갔을 때 깔끔한 인테리어와 은은한 음악이 인상적이었어요. 키오스크로 음료를 바로 주문할 수 있어 기다림이 거의 없고, 자리에 앉아 편하게 즐길 수 있었습니다. 특히 아이스 아메리카노가 진하고 깔끔해서 마음에 들었고, 가성비가 좋았어요. 조용히 책을 읽거나 노트북으로 작업하기에도 최적의 공간이었습니다. 무인이라 더 자유롭고, 동시에 청결하게 관리된 느낌이 좋아서 추천드리고 싶습니다!
---
집 근처에 24시간 매장이 생겨서 좋네요! 여긴 다른 무인카페에 없는 디카페인이랑 얼그레이 메뉴가 있어서 좋아요. 전 스무디가 제일 궁금한데, 스무디는 8.1 오픈이래서 아직 못먹었어요. 오픈하면 스무디 먹으러 다시 오겠슴당~
---
좋은 원두를 사용해서 그런지 커피맛이 깊고 향이 좋습니다. 스무디는 무인카페에서 처음 먹어보는데 과일들이 신선해보였어요. 무엇보다 과일들 당도가 높아서 그런지 엄청 달달하고 맛있었습니다!
---
🍉🍉🍉수박🍉🍉🍉 스무디 대박이에욤 전에 왔을땐 수박은 없었는데 종류가 그새 늘었네요ㅎㅎ 저는 딸바, 남친은 수박 해서 나눠먹었슴당 짱!!",저녁,0.429,0.143,0.429,혼자,0.333,0.111,0.222,일상,2.4,"손커피연구소 과천슈르실험실 24시간 연중무휴 안녕하세요. 티아입니당 오늘은 과천에 몇 없는 무인카페 중 하나인 손커피연구소에 다녀 온 후기에용 오~~ 겨울간식메뉴로 토스트가 나왔어요.!! 바쁜 아침에 들려서 호로록 먹고 가기 좋을 것 같아요. 저는 밥먹고 배불러서 못먹었어요 ㅜㅜㅜ 손커피연구소는 스무디가 유명하더라구요 !! 꺄아 스무디 종류도 다양하고, 카페가서 먹으면 6-7천원 하는데 무인카페라 가격이 좋네요. 딸기초코스무디도 있었는데, 고민하다가 상큼한 믹스베리스무디로 결정 !! 결제하면 냉장고가 열려요. 스무디 한 개를 꺼내서 기계 밑에 QR 코드 스캔하기 !! 그럼 스무디기계가 열리는데, 위에 비닐만 제거하고 넣어주면 갈갈갈~ 갈아줍니당 오~~~ 저 무인카페에서 스무디는 처음 먹어봐서 신기했어요 +_+ 꺄아 상큼한 믹스베리 스무디가 나왔어요. 생각보다 스무스하게 잘 갈려서 걸림이 없더라구요. 너무 상큼달달한 게 후식으로 마시기에 넘 좋았써요 !! 다음엔 딸기초코 도전해봐야겠다는... 아른거리는 딸초... 은근 양도 많아서 한 잔 사서 출근하기에도 좋은 것 같아요 ㅋㅋ 커피도 매주 로스팅하고 매장 유지가 청결하게 잘 되는 것 같더라구요.!! 굿굿 이상, 티아의 과천커피맛집 스무디맛집 손커피연구소 후기였습니당
---
안녕하세요. 육아와 맛집 기록하는 다리맘입니다. 아이 학원 픽업 시간에 잠깐 기다릴 수 있는 과천 무인카페 찾다가 요즘 가장 자주 가게 된 곳이 하나 있어요. 바로 과천에 있는 손커피연구소 과천슈르실험실 입니다. 과천 무인카페 손커피 연구소 과천슈르실험실 아이 픽업 기다리며 부담 없이 앉아 있기 좋고 가격도 착해서 육아맘 입장에서 만족도가 높은 곳이라 내 돈 내산 후기를 남겨보려고 해요. 과천 무인카페 아이 픽업 기다리기 좋은 이유 아이 학원 끝나는 시간, 생각보다 애매하죠. 집에 다녀오기엔 시간이 모자라고 차 안에서 기다리자니 괜히 지치고요. 그래서 저는 아이 학원 근처에 있는 과천 무인카페를 자주 이용하게 됐어요. 손커피연구소는 무인카페라 사람 눈치 볼 필요 없이 조용히 시간을 보내기 좋고 아이랑 같이 앉아서 책을 읽거나 문제집 풀기에도 부담 없는 분위기예요. 몇 번 가다 보니 이제는 자연스럽게 아이 픽업 루틴 안에 들어온 공간이 되었어요. 무인카페지만 매장 관리가 잘 되어 있어서 항상 깔끔한 느낌이에요. 테이블은 4개 정도로 많지는 않지만 그만큼 북적이지 않고 차분한 분위기라 아이랑 함께 있어도 편안하게 느껴져요. 과천 무인카페 가격 부담 없는 이유 아이랑 카페 가면 음료 두 잔은 거의 기본이잖아요. 어른 커피 하나, 아이 음료 하나. 일반 카페에서는 이렇게만 주문해도 금액이 은근히 부담되는데 과천 손커피연구소는 가격대가 정말 착한 편이에요. 그래서 아이랑 함께 와도 괜히 계산할 때 눈치 보지 않게 되고 자연스럽게 자주 찾게 되더라고요. 아메리카도 2,000원 아이스 아메리카노 2,300원 아이스 카페라테 3,000원 핫초코 2,600원 아이스초코 밀크 3,000원 스무디고 딸기 바나나 3,700원 토스트고 갈릭 콘치즈 3,500원 커피 종류뿐만 아니라 스무디, 초코 음료, 토스트까지 준비되어 있어서 선택지도 꽤 다양한 편이에요. 아이가 제일 좋아하는 메뉴 아이스초코 저희 아이는 여기 오면 거의 항상 같은 메뉴를 골라요. 바로 아이스초코 달콤하고 부드러운 맛이라 아이 입맛에 딱 맞는지 매번 먼저 찾더라고요. “엄마 오늘도 그거.” 이 말이 자연스럽게 나올 정도예요. 카페인 없는 메뉴라 엄마 입장에서도 마음 편하게 시켜줄 수 있어서 그 점이 특히 만족스러워요. 과천 아이랑 카페 찾는 분들께 이 메뉴는 꽤 괜찮은 선택일 것 같아요. 스무디 기계와 토스트 스무디는 냉장고에 얼려 있는 제품을 기계에 넣으면 자동으로 갈아서 완성되는 방식이에요. 처음 봤을 땐 저도 신기했고...
---
과천 카페 추천 24시간 무인카페 손커피연구소 과천슈르실험실 오늘은 지난번 과천에 놀러 갔다가 과천 카페 추천으로 방문했던 24시간 무인카페 손커피연구소를 소개해 볼게요 과천 카페 추천 손커피연구소 위치 / 주차 / 영업시간 24시간 무인카페 손커피연구소는 과천 원문동 래미안 아파트 C동 상가에 위치하고 있어요 과천슈르실험실이라는 이름 진짜 독특한 거 같아요 ㅋㅋㅋ 래미안 슈르 중문으로 들어가서 왼쪽을 보면 래미안 슈르 상가 주차장이 나옵니다 편하게 주차하고 카페를 이용하시면 될 거 같아요 저희는 늦은 밤 10시쯤 방문했습니다! 24시간 무인카페답게 연중무휴로 운영되고 있어요 ⏰ 영업시간 매일 00:00 -24:00 24시간 무인카페 손커피연구소 내부 과천 카페 추천하는 손커피연구소는 금터부동산과 명성부동산 사이에서 반짝이고 있어요 밝고 환한 인테리어가 너무 좋아요 이때는 크리스마스전이었는데 은은하게 캐롤이 계속 흘러나와서 기분 좋았어요 좌석은 많진 않지만 10명 정도는 충분히 이용 가능한 공간이에요 과천 카페 추천 24시간 무인카페 손커피연구소 이용 후기 과천 카페 추천 손커피연구소 슈르실험실 이용해 봅시다! 일단 내부에 커피 머신과 스무디 기계가 준비되어 있어요 이용방법은 친절하게 안내되어 있어요 무인카페를 처음 이용하는 분이라면 조금 어렵고 헷갈리기는 하지만 적혀있는 순서대로 잘 따라 하면 어렵지 않게 음료를 만나실 수 있어요 저도 처음엔 매우 당황하면서 이용했던 기억이... ㅋㅋㅋㅋㅋㅋ 머신에는 로스팅 날짜도 나와있군요! 쿠폰 적립과 포인트 선결제, 생일 이벤트까지 있는 무인카페라니! 컵을 먼저 꺼내고 얼음을 받고 음료를 받으면 끝!! 각종 시럽과 티슈, 빨대도 깔끔하게 정리되어 있고 싱크대도 있어요 아주 깔끔하게 잘 관리를 하고 계신 거 같아요! 날이 조금 풀린다면 스무디를 먹어보고 싶어요 너무 궁금함..!! 저는 따뜻한 차를 마셨고 같이 간 일행들은 아샷추와 아이스초코 한 잔씩 아!!! 이건... 팁이라고 할 수도 있을 거 같아요 음료는 꼭 잘 섞어서 드셔야 해요!! 저는 따뜻한 음료라서 그냥 생각 없이 마셨더니 시럽이 아래에 다 깔려있어서..... 점점 달아지더라구요 그래서 집에 와서 따뜻한 물 더 타서 마셨다는... 이득인가???ㅋㅋ 꼭 잘 섞어서 드세요! 로스팅 날짜와 스무디 입고 일도 입구에 안내되어 있어요 커피가 맛있다고 알려진 손커피연구소의 커피를 24시간 만날 수 있다니 너무 좋네요!! 집 앞에도 있으면...",20.3
50d43001-c543-5cf2-b1d2-03badc84d20e,수다방,디저트,경기 고양시 덕양구 무원로54번길 7-8 1층 수다방,고양시,경의중앙행신역 2번 출구,753,0507-1438-4088,https://www.instagram.com/cafe__suda/,굴뚝빵을 아시나요? 체코의 국민 간식이라는 굴뚝빵 모양도 신기하지만 담백한데 중독되는 맛입니다. 매일 아침 직접 구워나오는 굴뚝빵!! 덕양구에서는 수다방에서만 만나실 수 있어요. 체코 현지보다 맛있었다는 고객님의 말씀에 깊은 감동 중이랍니다.,,,,True,True,False,True,False,144,94,999,"내부,음식·음료,아메리카노,카페라떼,에이드,외부,동영상,동영상,동영상,동영상",0,112,0,42,0,"{""커피"": 35, ""라떼"": 13, ""아메리카노"": 11, ""케이크"": 7, ""에이드"": 5, ""당근케이크"": 3, ""소금빵"": 3, ""카페라떼"": 3, ""자몽에이드"": 2, ""딸기라떼"": 1, ""레몬에이드"": 1, ""레몬차"": 1, ""생강차"": 1, ""수제청"": 1, ""아이스크림"": 1}","{""맛"": 73, ""만족도"": 59, ""분위기"": 20, ""서비스"": 8, ""음식량"": 5, ""위치"": 2, ""목적"": 2, ""메뉴"": 1, ""주차"": 1}",6,3800,8000,5433.3,True,굴뚝빵 아메리카노 카페라떼 블랜딩한 특별한 우유 카페라떼 맛집입니다. 과일 에이드 변동,겉은 바삭 속은 촉촉~ 고소한 버터와 행긋한 시나몬 두가지 맛이 있습니다. 진하고 부드러운 블랜딩원두와 곰돌이 얼음은 수다방의 시그니처가 되었습니다~ 수제 청으로 만든 과일의 맛을 직접 느낄 수 있는 음료입니다.,"친구들과 우연히 왔다가 들른 카페인데 아메리카노 디카페인 켜피 페퍼민트 차를 마셨고 커피가 너무 맛있다고 하네요 또 트위스트빵도 깃구워서 따끈따끈해서 맛있게 먹었습니다 다음번에는 브런치를. 먹으러 오기로 했습니다 편안해서 수다방이란 이름답게 수다떨기가 참좋네요
---
친언니가 제일 최애하는 공간이라고해서 아이 데리고 다녀왔어요 :) 따뜻하고 차분한 느낌의 카페인데 곳곳의 인테리어가 돋보였어요 !🎄 무엇보다 메뉴가 너무 건강하고 신선한데 맛있어서 이틀연속 오고 있네요 🐻🤎 사장님 건강하게 오래오래 있어주셔요 🍀🙏🏻💚
---
제대로된 두쫀쿠 압니다^^ 곰돌이 커피는 행복한 시간을 만들어 주네용 ㅎㅎ!! 디저트가 맛있어요+4
---
비오는날!! 분위기 좋고 따뜻해요. 굴뚝빵이랑 얼음에 강아지 귀여워요!!
---
행신동 두쫀쿠 맛집이라고 들어서 사봤어요 피스타치오 맛이 진해서 좋아요 디저트가 맛있어요+3
---
말차 쫀득 쿠키의 말차 향이 되게 고급지고 맛있었어요. 마신멜로 피도 그렇게 두껍지 않아서 좋았어요. 버터 떡 처음 먹어봤는데 겉은 바삭하고 속은 쫀득한 게 맛있었어요. 사장님이 되게 친절하세요. 디저트가 맛있어요+4
---
분위기도 차분하며 화사하네요 빵도 커피도 맛나요 조용하게 수다하며 좋은시간이 흘러갑니다
---
버터떡 산거 후회했어요. 더살껄 딸랑 3개만 인당 하나씩 들고 나왔어요. 5분도 안된 시간에 다시 찾은 매장 저사진에 있는 떡 다른분이 사갔어요ㅠㅠ 포장전 간신히 사진만 찍고 나왔네요. 다시 찾아뵐게요~^^
---
저번에 굴뚝방 맛있어서 다시 재방문했어요 ~ 디저트가 맛있어요
---
라떼 맛있어서 또 가고싶어지는 곳이었어요.",점심,0.0,0.6,0.4,친구,0.0,0.286,0.429,일상,1.1,,
9e7991f9-709d-525b-8cd0-6b2f72ce7cc8,수래연,,서울 종로구 세종대로 152,종로구,5광화문역 5번 출구,17,,,,,,,False,False,False,False,False,834,2,,"이전 페이지,수래연,페이지 닫기,이미지 갯수,+522,수래연한식,방문자 리뷰 834블로그 리뷰 2,추억 속 그 맛 함박스테이크의 진수,출발,도착,저장,거리뷰,공유,홈,리뷰,사진,내부,음식·음료,외부,동영상,동영상,동영상,동영상,동영상,동영상",0,0,0,130,135,"{""스테이크"": 75, ""함박스테이크"": 71, ""와플"": 57, ""커피"": 29, ""아이스크림"": 17, ""아이스크림와플"": 15, ""고기"": 8, ""아메리카노"": 6, ""베이글"": 4, ""치즈"": 4, ""카레"": 3, ""녹차"": 2, ""라떼"": 2, ""샐러드"": 2, ""아인슈페너"": 2}","{""맛"": 198, ""만족도"": 137, ""분위기"": 17, ""서비스"": 15, ""가격"": 11, ""음식량"": 8, ""메뉴"": 4, ""목적"": 4, ""위치"": 3, ""대기시간"": 3, ""청결도"": 2, ""방역"": 1, ""주차"": 1}",76,9,588,186.3,False,"이전 페이지 수래연 페이지 닫기 이미지 갯수 +522 수래연한식 방문자 리뷰 834블로그 리뷰 2 추억 속 그 맛 함박스테이크의 진수 출발 도착 저장 거리뷰 공유 홈 리뷰 주소 서울 종로구 세종대로 152 5광화문역 5번 출구에서 17m 미터 영업시간 정보 수정 영업시간 수정 제안하기 추가 사장님, 플레이스를 무료로 직접 관리하세요! 권한 받기 방문자 사진·영상 동영상 동영상 동영상 방문자 사진·영상 더보기 방문자 리뷰834 ""음식이 맛있어요"" 이 키워드를 선택한 인원 ""매장이 넓어요"" 이 키워드를 선택한 인원 ""특별한 메뉴가 있어요"" 이 키워드를 선택한 인원 ""인테리어가 멋져요"" 이 키워드를 선택한 인원 ""친절해요"" 이 키워드를 선택한 인원 칼라마님 2.141번째 방문영수증 맛나고 분위기있고~~ 매장이 넓어요 딸부자8365 25.12.261번째 방문영수증 음식이 맛있어요+4 개의 리뷰가 더 있습니다 펼쳐보기 tas**** 25.12.302번째 방문영수증 웨이팅 넘 길어요 화장실이 깨끗해요 방문자 리뷰 더보기 블로그 리뷰2 Mukdobby 먹도비 24.10.23.수 2024년 10월 23일 수요일 이미지 수 스팸지기 무적스팸 광화문맛집 카페이마 카레 점심 #광화문맛집 #카페이마 #카레 #점심 21.11.7.일 2021년 11월 7일 일요일 로딩중 알고 계신 정보와 다른 정보가 있나요? 사진으로 간단하게 제보해 주세요. 정보 수정 제안하기 관련 링크2 다이닝코드에서 보기 식신에서 보기","함박스테이크 먹고 라떼 먹었는데.. 둘다 너무 만족스러웠네요..다음에는 와플 꼭 먹어봐야겠어요.. 함박 스테이크 & 와플 맛집 @muk.dobby 안녕하세요 먹도비입니다. 회사 동료분들과 들린 갬성 맛집 소개드립니다. 시작할게요 1. 가게 기본 정보 서울 종로구 세종대로 152 일민미술관 1층 수래연/카페이마 고풍스러운 일민미술관 내에 위치한 브런치와 함박스테이크 전문점입니다. 깔끔한 메뉴 구성과 채광이 좋은 내부가 인상적이며, 특히 직장인들 사이에서 점심 장소로 인기가 많습니다 카페이마와 수래연은 광화문 일민미술관에 위치한 각각 다른 공간이라고 하는데, 사실상 브런치와 함박스테이크를 전문으로 하는 레스토랑이며, 음료와 디저트를 제공하는 카페를 같은 공간에서 판매하고 있어 같은 곳이라 생각하시면 될거 같아유 영업시간: 매일 11:00 AM - 18:30 PM 주차정보 일민미술관 주차장 이용 가능 (1시간 무료) 2. 매장 분위기 및 특징 내부는 탁 트인 창문으로 자연광이 가득한 공간에서 여유로운 식사를 즐길 수 있습니다. 모던한 인테리어와 조용한 분위기로 데이트나 미술관 방문 후 들르기 좋으며, 테이블 간격이 넓어 쾌적한 식사 환경을 제공합니다. 뭔가 미술관 내부에 있어서 벙벙한 식당 간격 때문에 식사할때는 좋구, 웨이팅 할때는 좀 불편합니다. 12시쯤 가서 10분 정도 웨이팅 했네요 3. 메뉴 및 추천 음식 대표 메뉴 및 가격 •클래식 함박스테이크 (₩16,500) 부드러운 함박과 데미글라스 소스가 조화를 이루며, 흑미밥과 샐러드가 곁들여집니다. •토마토 치즈 함박 (₩17,500) 상큼한 토마토 소스와 녹아내린 치즈가 더해져 더욱 풍부한 맛을 제공합니다. •네 가지 베리 와플 (₩16,500) 딸기와 블루베리 등 다양한 베리와 하겐다즈 아이스크림이 올라간 인기 디저트입니다. 카페이마/수래연 메뉴판 추천 메뉴 및 이유: 가격은 좀 있는편인데 양도 좀 있어서 크게 가성비 떨어진다고 생각되진 않았습니다. 개인적으로 클래식과 칠리 함박중에 고민하신다면 저는 토마토 칠리 함박에 한표 입니다. 살짝 매콤한 맛이 함박 느끼함을 잡아주더라구요 ❤️ 그리고 이 와플 이놈은 아주 존맛탱 요물입니다. 꼭 드셔보시길 추천 드려요 4. 총평 및 추천 포인트 여기는 고급스러운 메뉴와 미술관 특유의 차분한 분위기가 매력적인 공간입니다. 특히 함박스테이크와 와플 조합은 든든한 식사와 디저트를 함께 즐길 수 있어 만족도가 높습니다. 광화문 일대에서 여유로운 시간을 보내고 싶을 때 추천하는 맛집입니다. 5.추가 정보 및 팁 예약 불가: 점심시간에는 대기가 발생할 수 있으니 서두르는 것을 추천합니다....","맛나고 분위기있고~~ 매장이 넓어요
---
함박스테이크 먹고 라떼 먹었는데.. 둘다 너무 만족스러웠네요..다음에는 와플 꼭 먹어봐야겠어요.. 음식이 맛있어요+4
---
웨이팅 넘 길어요 화장실이 깨끗해요
---
와플 겉바속촉 맛있었어요! 위에 하겐다즈는 바닐라/딸기/녹차/초코 중 2개 고를 수 있고 엄청 커요ㅋㅋㅋㅋ 레모네이드는 진짜 새콤한 찐 레모네이드같았고 하겐다즈 쉐이크는 좀 물렸어요ㅠㅠ 음식이 맛있어요+1
---
맛있어요 음식이 맛있어요+4
---
하겐다즈 아이스크림이 올라간 와플과 커피 비싸긴 했지만 양이 엄청 많네요! 음식이 맛있어요
---
굿귯 좋아요 음식이 맛있어요
---
비싸용
---
음식이 맛있어요+2
---
직원분이 구루마를 끌고 카페 내부에 있는 계단을 '꽝! 꽝! 꽝!' 부딪히며 내려가시더라고요. 소리가 너무 커서 순간 안에서 식사중이거나 커피마시던 손님들 모두가 놀랐습니다. 서비스하는 곳에서 이런 식으로 해도 되냐요? 직원 교육부터 다시 시키셔야할듯... 어디 직원 무서워서 가겠습니까? 안경쓰신 20대로 보이는 여자분, 완전 안하무인이시던데.... 정말 살다살다 내 돈 내고 불쾌하게 이런 경험을 해야하다니...... 충격과 공포 그 자체. 대체 무슨 생각인건지?",점심,0.0,0.9,0.1,친구,0.143,0.143,0.714,친목,1.1,"함박 스테이크 & 와플 맛집 @muk.dobby 안녕하세요 먹도비입니다. 회사 동료분들과 들린 갬성 맛집 소개드립니다. 시작할게요 1. 가게 기본 정보 서울 종로구 세종대로 152 일민미술관 1층 수래연/카페이마 고풍스러운 일민미술관 내에 위치한 브런치와 함박스테이크 전문점입니다. 깔끔한 메뉴 구성과 채광이 좋은 내부가 인상적이며, 특히 직장인들 사이에서 점심 장소로 인기가 많습니다 카페이마와 수래연은 광화문 일민미술관에 위치한 각각 다른 공간이라고 하는데, 사실상 브런치와 함박스테이크를 전문으로 하는 레스토랑이며, 음료와 디저트를 제공하는 카페를 같은 공간에서 판매하고 있어 같은 곳이라 생각하시면 될거 같아유 영업시간: 매일 11:00 AM - 18:30 PM 주차정보 일민미술관 주차장 이용 가능 (1시간 무료) 2. 매장 분위기 및 특징 내부는 탁 트인 창문으로 자연광이 가득한 공간에서 여유로운 식사를 즐길 수 있습니다. 모던한 인테리어와 조용한 분위기로 데이트나 미술관 방문 후 들르기 좋으며, 테이블 간격이 넓어 쾌적한 식사 환경을 제공합니다. 뭔가 미술관 내부에 있어서 벙벙한 식당 간격 때문에 식사할때는 좋구, 웨이팅 할때는 좀 불편합니다. 12시쯤 가서 10분 정도 웨이팅 했네요 3. 메뉴 및 추천 음식 대표 메뉴 및 가격 •클래식 함박스테이크 (₩16,500) 부드러운 함박과 데미글라스 소스가 조화를 이루며, 흑미밥과 샐러드가 곁들여집니다. •토마토 치즈 함박 (₩17,500) 상큼한 토마토 소스와 녹아내린 치즈가 더해져 더욱 풍부한 맛을 제공합니다. •네 가지 베리 와플 (₩16,500) 딸기와 블루베리 등 다양한 베리와 하겐다즈 아이스크림이 올라간 인기 디저트입니다. 카페이마/수래연 메뉴판 추천 메뉴 및 이유: 가격은 좀 있는편인데 양도 좀 있어서 크게 가성비 떨어진다고 생각되진 않았습니다. 개인적으로 클래식과 칠리 함박중에 고민하신다면 저는 토마토 칠리 함박에 한표 입니다. 살짝 매콤한 맛이 함박 느끼함을 잡아주더라구요 ❤️ 그리고 이 와플 이놈은 아주 존맛탱 요물입니다. 꼭 드셔보시길 추천 드려요 4. 총평 및 추천 포인트 여기는 고급스러운 메뉴와 미술관 특유의 차분한 분위기가 매력적인 공간입니다. 특히 함박스테이크와 와플 조합은 든든한 식사와 디저트를 함께 즐길 수 있어 만족도가 높습니다. 광화문 일대에서 여유로운 시간을 보내고 싶을 때 추천하는 맛집입니다. 5.추가 정보 및 팁 예약 불가: 점심시간에는 대기가 발생할 수 있으니 서두르는 것을 추천합니다....
---
#광화문맛집 #카페이마 #카레 #점심",9
28f94582-fc8d-52e3-89dd-d84d1323dc7a,,,,,,,,,,,,,False,False,False,False,False,,,,,0,0,0,0,0,{},{},0,,,,False,,,,,,,,,,,,,,,
e467427a-2063-52c9-889a-493061fc8737,,,,,,,,,,,,,False,False,False,False,False,,,,,0,0,0,0,0,{},{},0,,,,False,,,,,,,,,,,,,,,
5842a2f7-58b4-50d3-b0e3-4f85ff5fba92,플레이스,,,,,,,,,,,,False,False,False,False,False,,,,"플레이스,서비스 이용이 제한되었습니다.,과도한 접근 요청으로 서비스 이용이 제한되었습니다.,잠시 후 다시 시도해주세요.,IP: 211.192.210.178(09/Mar/2026:14:32:22 +0900),이전화면,새로고침",0,0,0,0,0,{},{},6,,,,False,플레이스 서비스 이용이 제한되었습니다. 과도한 접근 요청으로 서비스 이용이 제한되었습니다. 잠시 후 다시 시도해주세요. 이전화면 새로고침,IP: 211.192.210.178(09/Mar/2026:14:32:05 +0900),,,,,,,,,,,,,
34eefd1e-ddb4-52de-86c6-fdf908865690,스타벅스 명일역점,카페,서울 강동구 양재대로 1647 (명일동),강동구,5명일역 2번 출구,87,,http://www.starbucks.co.kr/,,,,,True,False,False,False,False,,,999,"플레이스,서비스 이용이 제한되었습니다.,과도한 접근 요청으로 서비스 이용이 제한되었습니다.,잠시 후 다시 시도해주세요.,IP: 211.192.210.178(09/Mar/2026:14:26:48 +0900),이전화면,새로고침",0,1481,425,0,0,"{""커피"": 101, ""라떼"": 40, ""아메리카노"": 17, ""샌드위치"": 14, ""케이크"": 9, ""슈크림라떼"": 6, ""블랙티"": 5, ""토피넛라떼"": 5, ""요거트"": 4, ""치즈"": 4, ""푸딩"": 4, ""돌체라떼"": 3, ""딸기라떼"": 3, ""밀크티"": 3, ""베이글"": 3}","{""만족도"": 686, ""맛"": 294, ""서비스"": 166, ""분위기"": 28, ""위치"": 17, ""메뉴"": 14, ""청결도"": 12, ""목적"": 8, ""배달"": 7, ""가격"": 6, ""음식량"": 4, ""예약"": 2, ""주차"": 2, ""대기시간"": 2, ""전망"": 1}",18,4700,6600,5753.8,False,카페 아메리카노 강렬한 에스프레소 샷에 뜨거운 물의 조화 카페 라떼 에스프레소 샷과 따뜻한 우유와 거품으로 마무리된 음료. 스타벅스 돌체 라떼 카라멜 마키아또 카푸치노 벨벳같은 우유 거품과 에스프레소 샷의 절묘한 조화! 카페 모카 모카시럽과 스팀밀크에 휘핑크림이 토핑된 에스프레소. 화이트 초콜릿 모카 화이트 초콜릿과 스팀밀크가 첨가된 에스프레소 음료. 콜드 브루 자몽 허니 블랙 티 아이스 자몽 허니 블랙 티 망고 바나나 블렌디드 에스프레소 프라푸치노 자바 칩 프라푸치노,"깊은 에스프레소와 깔끔한 무지방 우유가 어우러진 달콤한 음료. 바닐라 시럽과 우유, 그리고 그 위에 얹어진 에스프레소 샷과 달콤한 카라멜 드리즐의 조화 스타벅스 바리스타의 정성으로 탄생한 콜드 브루! 콜드 브루 전용 원두를 차가운 물로 14시간 동안 추출하여 한정된 양만 제공됩니다. 깊은 풍미의 새로운 커피 경험 새콤달콤한 자몽과 꿀이 깊고 그윽한 풍미의 스타벅스 티바나의 블랙 티와 만났습니다. 화려한 색감과 톡 쏘는 상큼함이 더해진 스타벅스의 새로운 티 음료입니다. 새콤달콤한 자몽과 꿀이 깊고 그윽한 풍미의 스타벅스 티바나의 블랙 티와 만났습니다. 화려한 색감과 톡 쏘는 상큼함이 더해진 스타벅스의 새로운 티 음료입니다. 인기 음료인 망고 패션후르츠 블렌디드에 신선한 바나나 1개가 통째로 들어간 달콤한 프라푸치노 에스프레소의 강렬함과 약간의 단맛을 시원하게 즐기는 프라푸치노 라이트 프라푸치노용 시럽 선택 가능-Tall 사이즈 기준, 25% 이상 줄어든 저당으로 즐기세요 커피 프라푸치노에 초콜릿, 초콜릿 칩이 첨가된 아이스 블렌드로 달콤 아삭한 음료. 라이트 프라푸치노용 시럽 선택 가능-Tall 사이즈 기준, 저당으로 즐기세요","쿨라임피지오 맛있어용 ! 디저트가 맛있어요+2
---
선물받은 쿠폰 만료일~ 다이어리 정리하기 딱 좋은 장소~
---
직원들 행동들이 느릿느릿~~~ 남부터미널점은 직원들이 엄청 빠른데~~~ 아이스 자몽 허니 블랙티도 늦게 나오고~~~ 그래도 아이스 자몽 허니 블랙티 맛은 평타는 쳤어요~~~ 음료가 맛있어요+2
---
돌체라떼 맛있어요
---
공부하기 좋아요 2층이 조용한 편이라서 공부하는 분위기~~ 디저트가 맛있어요+2
---
친절한분들이 근무중이시네요 τнänκ чöü ᰔᩚ 집중하기 좋아요
---
친절하고 시간보내기 좋습니다 디저트가 맛있어요+4
---
새해 첫날이라 주문이 몰렸는지 배달이 너무 늦어져 아쉬움
---
겨울에는 토피넛 라떼 직원분들이 정말 친절해서 늘 기분 좋음",점심,0.1,0.6,0.3,혼자,0.5,0.167,0.167,일상,3.3,,
f40d4646-3278-5c8f-b2ec-a27cb86d4146,서비스 이용이 제한되었습니다.,,,,,,,http://www.starbucks.co.kr/,주차 불가능 인증 정보 식약처 인증 위생등급 매우우수 음식점,,,,False,False,False,False,False,,,,"내부,음식·음료,돌체라떼,아메리카노,자몽허니블랙티,동영상,동영상,동영상,동영상",0,0,0,0,0,{},{},7,,,,False,이전 페이지 플레이스 페이지 닫기 서비스 이용이 제한되었습니다. 과도한 접근 요청으로 서비스 이용이 제한되었습니다. 잠시 후 다시 시도해주세요. 이전화면새로고침,IP: 211.192.210.178(2026.03.09 14:32:15),,,,,,,,,,,,,
e6b21093-3f51-5887-a86f-316591f90f9e,서비스 이용이 제한되었습니다.,,,,,,,,,,,,False,False,False,False,False,,,,"플레이스,서비스 이용이 제한되었습니다.,과도한 접근 요청으로 서비스 이용이 제한되었습니다.,잠시 후 다시 시도해주세요.,IP: 211.192.210.178(09/Mar/2026:14:35:55 +0900),이전화면,새로고침",0,0,0,0,0,{},{},6,,,,False,플레이스 서비스 이용이 제한되었습니다. 과도한 접근 요청으로 서비스 이용이 제한되었습니다. 잠시 후 다시 시도해주세요. 이전화면 새로고침,IP: 211.192.210.178(09/Mar/2026:14:35:38 +0900),,,,,,,,,,,,,
f04092b2-4bfe-5fb0-b404-1894adb89edf,플레이스,,,,,,,,,,,,False,False,False,False,False,,,,"이전 페이지,플레이스,페이지 닫기,서비스 이용이 제한되었습니다.,과도한 접근 요청으로 서비스 이용이 제한되었습니다.,잠시 후 다시 시도해주세요.,IP: 211.192.210.178(2026.03.09 14:37:09),이전화면새로고침",0,0,0,0,0,{},{},7,,,,False,이전 페이지 플레이스 페이지 닫기 서비스 이용이 제한되었습니다. 과도한 접근 요청으로 서비스 이용이 제한되었습니다. 잠시 후 다시 시도해주세요. 이전화면새로고침,IP: 211.192.210.178(2026.03.09 14:36:52),,,,,,,,,,,,,
907f3faa-9304-5ec4-94fe-854d5ca5dd0c,스타벅스 종암DT점,카페,서울 성북구 종암로 17 (종암동),성북구,6고려대역 2번 출구,199,,http://www.starbucks.co.kr/,주차 불가능 인증 정보 식약처 인증 위생등급 매우우수 음식점,,,,True,False,False,False,False,,,999,"내부,음식·음료,돌체라떼,콜드브루,아메리카노,자몽허니블랙티,외부,동영상,동영상,동영상",0,0,0,0,0,{},{},18,4700,6600,5753.8,False,카페 아메리카노 강렬한 에스프레소 샷에 뜨거운 물의 조화 카페 라떼 에스프레소 샷과 따뜻한 우유와 거품으로 마무리된 음료. 스타벅스 돌체 라떼 카라멜 마키아또 카푸치노 벨벳같은 우유 거품과 에스프레소 샷의 절묘한 조화! 카페 모카 모카시럽과 스팀밀크에 휘핑크림이 토핑된 에스프레소. 화이트 초콜릿 모카 화이트 초콜릿과 스팀밀크가 첨가된 에스프레소 음료. 콜드 브루 자몽 허니 블랙 티 아이스 자몽 허니 블랙 티 망고 바나나 블렌디드 에스프레소 프라푸치노 자바 칩 프라푸치노,"깊은 에스프레소와 깔끔한 무지방 우유가 어우러진 달콤한 음료. 바닐라 시럽과 우유, 그리고 그 위에 얹어진 에스프레소 샷과 달콤한 카라멜 드리즐의 조화 스타벅스 바리스타의 정성으로 탄생한 콜드 브루! 콜드 브루 전용 원두를 차가운 물로 14시간 동안 추출하여 한정된 양만 제공됩니다. 깊은 풍미의 새로운 커피 경험 새콤달콤한 자몽과 꿀이 깊고 그윽한 풍미의 스타벅스 티바나의 블랙 티와 만났습니다. 화려한 색감과 톡 쏘는 상큼함이 더해진 스타벅스의 새로운 티 음료입니다. 새콤달콤한 자몽과 꿀이 깊고 그윽한 풍미의 스타벅스 티바나의 블랙 티와 만났습니다. 화려한 색감과 톡 쏘는 상큼함이 더해진 스타벅스의 새로운 티 음료입니다. 인기 음료인 망고 패션후르츠 블렌디드에 신선한 바나나 1개가 통째로 들어간 달콤한 프라푸치노 에스프레소의 강렬함과 약간의 단맛을 시원하게 즐기는 프라푸치노 라이트 프라푸치노용 시럽 선택 가능-Tall 사이즈 기준, 25% 이상 줄어든 저당으로 즐기세요 커피 프라푸치노에 초콜릿, 초콜릿 칩이 첨가된 아이스 블렌드로 달콤 아삭한 음료. 라이트 프라푸치노용 시럽 선택 가능-Tall 사이즈 기준, 저당으로 즐기세요","자몽허니블랙티 + 부드러운생크림케잌~ 👍 디저트가 맛있어요+4
---
조용해서 공부나 대화나누기 좋아요
---
학교 근처에 이렇게 아늑하고 넓은 매장이 있어서 좋아요
---
남자 점원이 정말 친절하셨어요!!
---
매장이 나름대로 넓고 쾌적합니다. 메뉴 구성도 부실하지 않아요.
---
아메리카노S~ 👍
---
아침의 허전함을 달래주어서 고맙습니다. 친절함에 더욱 감사드려요.
---
브루드 커피 너무 맛있고 에그 베이컨 샌드위치랑 궁합이 정말 잘맞네요!",아침,0.4,0.3,0.3,혼자,0.625,0.125,0.0,일상,3.6,,
36e67565-ddaf-5074-993e-d5d469dd4973,스타벅스 중앙대점,카페,서울 동작구 흑석로 75-1 (흑석동),동작구,9흑석역 4번 출구,602,,http://www.starbucks.co.kr/,주차불가 인증 정보 식약처 인증 위생등급 매우우수 음식점,,,,True,False,False,False,False,,,999,"내부,음식·음료,화이트초콜릿모카,콜드브루,외부,동영상,동영상",0,1125,198,0,0,"{""커피"": 88, ""라떼"": 35, ""샌드위치"": 15, ""아메리카노"": 11, ""치즈"": 8, ""케이크"": 8, ""돌체라떼"": 6, ""베이글"": 4, ""딸기라떼"": 3, ""말차라떼"": 3, ""밀크티"": 3, ""블랙티"": 3, ""요거트"": 3, ""우유"": 3, ""토피넛라떼"": 3}","{""만족도"": 399, ""맛"": 245, ""서비스"": 118, ""분위기"": 18, ""위치"": 8, ""메뉴"": 8, ""청결도"": 7, ""배달"": 4, ""주차"": 4, ""가격"": 4, ""목적"": 4, ""음식량"": 3, ""대기시간"": 3, ""예약"": 1, ""전망"": 1}",18,4700,6600,5753.8,False,카페 아메리카노 강렬한 에스프레소 샷에 뜨거운 물의 조화 카페 라떼 에스프레소 샷과 따뜻한 우유와 거품으로 마무리된 음료. 스타벅스 돌체 라떼 카라멜 마키아또 카푸치노 벨벳같은 우유 거품과 에스프레소 샷의 절묘한 조화! 카페 모카 모카시럽과 스팀밀크에 휘핑크림이 토핑된 에스프레소. 화이트 초콜릿 모카 화이트 초콜릿과 스팀밀크가 첨가된 에스프레소 음료. 콜드 브루 자몽 허니 블랙 티 아이스 자몽 허니 블랙 티 망고 바나나 블렌디드 에스프레소 프라푸치노 자바 칩 프라푸치노,"깊은 에스프레소와 깔끔한 무지방 우유가 어우러진 달콤한 음료. 바닐라 시럽과 우유, 그리고 그 위에 얹어진 에스프레소 샷과 달콤한 카라멜 드리즐의 조화 스타벅스 바리스타의 정성으로 탄생한 콜드 브루! 콜드 브루 전용 원두를 차가운 물로 14시간 동안 추출하여 한정된 양만 제공됩니다. 깊은 풍미의 새로운 커피 경험 새콤달콤한 자몽과 꿀이 깊고 그윽한 풍미의 스타벅스 티바나의 블랙 티와 만났습니다. 화려한 색감과 톡 쏘는 상큼함이 더해진 스타벅스의 새로운 티 음료입니다. 새콤달콤한 자몽과 꿀이 깊고 그윽한 풍미의 스타벅스 티바나의 블랙 티와 만났습니다. 화려한 색감과 톡 쏘는 상큼함이 더해진 스타벅스의 새로운 티 음료입니다. 인기 음료인 망고 패션후르츠 블렌디드에 신선한 바나나 1개가 통째로 들어간 달콤한 프라푸치노 에스프레소의 강렬함과 약간의 단맛을 시원하게 즐기는 프라푸치노 라이트 프라푸치노용 시럽 선택 가능-Tall 사이즈 기준, 25% 이상 줄어든 저당으로 즐기세요 커피 프라푸치노에 초콜릿, 초콜릿 칩이 첨가된 아이스 블렌드로 달콤 아삭한 음료. 라이트 프라푸치노용 시럽 선택 가능-Tall 사이즈 기준, 저당으로 즐기세요","출장 마치고 어중간한 시간이 떴는데 근처에 마침 스벅이 있어 적당히 잘 머무르다 갑니다. 고맙습니다. 집중하기 좋아요+1
---
별을 푸드바우처로 바꿔놓은 게 생각나 딜리버스 했어요! 오월의 종 저당 호두 앙금빵 새로 나왔길래 주문했는데 저당이라 그런지 확실히 덜 달아요 ㅎㅎ 단팥이어도 좋았을 것 같아요!! 그리고 아이들 좋아하는 간식 주문했어요🥰 디저트가 맛있어요+3
---
좋아요
---
초코품은부생카는 처음 먹어봤는데 진짜 맛있네요~^^ 디저트가 맛있어요
---
지난번 망고라떼가 너무 맛있어서 오늘은 또 다른 망고 아이템으로 골라봤어요. 자몽 망고 코코 프라푸치노. 개인적으로 자몽과 코코넛을 그닥 좋아하지 않음에도 순전히 망고때문에 도전해본 메뉴인데, 완전 맛있는데요? 뭐 망고는 다 이겨 이런건가요?ㅋㅋ 확실히 프라푸치노라 라떼보다 훨씬 더 시원해 좋네요. 무더운 여름 종종 즐길 것 같습니다. 음료가 맛있어요+1
---
굿
---
스벅도 먹고 프리퀀시 모으고.
---
예쁜데 별이 모자라요 ㅜㅜ 음료가 맛있어요
---
나른한 오후 커피한잔으로 활역을 찾아보게요 맛있어요",저녁,0.1,0.4,0.5,혼자,0.75,0.0,0.0,일상,10.9,,
1e569d41-0989-54b3-9ab4-5eaf4b041ebe,스타벅스 코엑스사거리점,카페,서울 강남구 영동대로 616 (삼성동),강남구,9봉은사역 3번 출구,66,,http://www.starbucks.co.kr/,"1. 주차가능 2. 주차위치 - 건물지하주차장 3. 주차가능대수 - 5대 미만 4. 주차조건 : 발렛비용 별도 (3천원), 주차 1시간 가능 5. 주차요금정산방법 - 출차시결재 인증 정보 식약처 인증 위생등급 매우우수 음식점",,,,True,False,False,False,False,,,999,"내부,음식·음료,화이트초콜릿모카,콜드브루,아메리카노,자몽허니블랙티,동영상,동영상,동영상",0,933,291,0,0,"{""커피"": 55, ""라떼"": 23, ""샌드위치"": 6, ""돌체라떼"": 3, ""밀크티"": 3, ""블랙티"": 3, ""슈크림라떼"": 2, ""스콘"": 2, ""에스프레소"": 2, ""자바칩프라페"": 2, ""카스테라"": 2, ""당근케이크"": 1, ""딸기라떼"": 1, ""말차라떼"": 1, ""몽블랑"": 1}","{""만족도"": 423, ""맛"": 144, ""서비스"": 78, ""분위기"": 18, ""위치"": 11, ""메뉴"": 6, ""청결도"": 5, ""전망"": 5, ""대기시간"": 5, ""음식량"": 3, ""목적"": 3, ""주차"": 2, ""가격"": 1}",18,4700,6600,5753.8,False,카페 아메리카노 강렬한 에스프레소 샷에 뜨거운 물의 조화 카페 라떼 에스프레소 샷과 따뜻한 우유와 거품으로 마무리된 음료. 스타벅스 돌체 라떼 카라멜 마키아또 카푸치노 벨벳같은 우유 거품과 에스프레소 샷의 절묘한 조화! 카페 모카 모카시럽과 스팀밀크에 휘핑크림이 토핑된 에스프레소. 화이트 초콜릿 모카 화이트 초콜릿과 스팀밀크가 첨가된 에스프레소 음료. 콜드 브루 자몽 허니 블랙 티 아이스 자몽 허니 블랙 티 망고 바나나 블렌디드 에스프레소 프라푸치노 자바 칩 프라푸치노,"깊은 에스프레소와 깔끔한 무지방 우유가 어우러진 달콤한 음료. 바닐라 시럽과 우유, 그리고 그 위에 얹어진 에스프레소 샷과 달콤한 카라멜 드리즐의 조화 스타벅스 바리스타의 정성으로 탄생한 콜드 브루! 콜드 브루 전용 원두를 차가운 물로 14시간 동안 추출하여 한정된 양만 제공됩니다. 깊은 풍미의 새로운 커피 경험 새콤달콤한 자몽과 꿀이 깊고 그윽한 풍미의 스타벅스 티바나의 블랙 티와 만났습니다. 화려한 색감과 톡 쏘는 상큼함이 더해진 스타벅스의 새로운 티 음료입니다. 새콤달콤한 자몽과 꿀이 깊고 그윽한 풍미의 스타벅스 티바나의 블랙 티와 만났습니다. 화려한 색감과 톡 쏘는 상큼함이 더해진 스타벅스의 새로운 티 음료입니다. 인기 음료인 망고 패션후르츠 블렌디드에 신선한 바나나 1개가 통째로 들어간 달콤한 프라푸치노 에스프레소의 강렬함과 약간의 단맛을 시원하게 즐기는 프라푸치노 라이트 프라푸치노용 시럽 선택 가능-Tall 사이즈 기준, 25% 이상 줄어든 저당으로 즐기세요 커피 프라푸치노에 초콜릿, 초콜릿 칩이 첨가된 아이스 블렌드로 달콤 아삭한 음료. 라이트 프라푸치노용 시럽 선택 가능-Tall 사이즈 기준, 저당으로 즐기세요","자전거 타고 버스환승 목이말라사과쥬스 친절한 곳
---
커피가 생각날땐 늘 스벅~~^^ 경기도 좋고 실내 깨끗해서 담소 나누기 너무 좋아요~
---
스타벅스 코엑스사거리점 . 팀회식 후 커피한잔 스몰토크 하기 좋은 곳 .
---
층고가 높아서 굉장히 쾌적하고 조용해서 좋네요
---
대표님드시는 그란데.. 음료가 맛있어요
---
혼자만의 시간~^^
---
직원분이 정말 친절하시네요. 통창뷰도 맘에들고 대화하기 좋아요
---
매장이 조용하고 좋았어요 👍👍
---
봉은사역 사거리쪽에 있어요 지금은 바로 앞에공사 하고 있지만 평소 뷰가 좋은 곳이에요
---
가방 갖고 싶어서 다녀왔어요. 생각보다 커서 더 귀엽네요. 바닐라 콜드브루도 맛있었어요. :)",점심,0.1,0.7,0.2,지인·동료,0.333,0.111,0.222,일상,3.9,,
bc7bd49b-90ce-55a5-9ece-e2a21dcc10ce,,,,,,,,,,,,,False,False,False,False,False,,,,,0,0,0,0,0,{},{},0,,,,False,,,,,,,,,,,,,,,
42fdbb62-78c6-5678-9cf2-32512d5ab228,studio eat,,서울 종로구 효자로7길 22-14,종로구,3경복궁역 3번 출구,385,,https://blog.naver.com/studioeat,"studio eat 쿠킹클래스는 재철 재료를 이용한 다양한 요리수업을 진행하고 있습니다. 전문한식수업과 이태리, 일식, 중식등 다양한 요리수업도 진행하고 있습니다. 소규모 인원으로 좀더 집중도 있도록 진행하고 있습니다. 초급과정부터 고급과정까지 준비되어 있습니다. SNS2 블로그 https://blog.naver.com/studioeat 인스타그램 인스타그램 알고 계신 정보와 다른 정보가 있나요? 사진으로 간단하게 제보해 주세요. 정보 수정 제안하기 이용약관고객센터리뷰운영정책신고센터 네이버",,,,False,False,False,False,False,12,3,,"이전 페이지,studio eat,페이지 닫기,studio eat요리교육,알림받기,별점,3.79방문자 리뷰 12블로그 리뷰 3,출발,도착,저장,거리뷰,공유,홈,소식,리뷰,사진,정보",0,0,0,0,0,{},{},63,5,30,19.7,False,이전 페이지 studio eat 페이지 닫기 studio eat요리교육 알림받기 별점 3.79방문자 리뷰 12블로그 리뷰 3 출발 도착 저장 거리뷰 공유 홈 소식 리뷰 정보 주소 서울 종로구 효자로7길 22-14 3경복궁역 3번 출구에서 385m 미터 찾아가는길 내용 더보기 영업시간 운영 종료 10:00에 운영 시작 10시 0분에 운영 시작 펼쳐보기 전화번호 02-322-7810복사 홈페이지 인스타그램 클립 클립 올리고 네이버페이 포인트 적립하기 방문자 리뷰12 min**** 21.3.41번째 방문영수증 스튜디어 방문자 리뷰 더보기 블로그 리뷰3 매일기쁨 숨은 그림 찾기 23.4.10.월 2023년 4월 10일 월요일 이미지 수 Musigny 뮤지니 Musigny 뮤지니 쿠킹클래스 - 스튜디오잇 23.5.19.금 2023년 5월 19일 금요일 이미지 수 요즘사라 사라랜드를 꿈꾸며 블체챌#03 서촌의 클래스 꽃 studio.eat 23.8.11.금 2023년 8월 11일 금요일 이미지 수 로딩중 알고 계신 정보와 다른 정보가 있나요? 사진으로 간단하게 제보해 주세요. 정보 수정 제안하기,"지하철 이용시 3호선 경복궁역 방향 3번 출구 방향으로 나온 후 직진. 통의동 단팥 끼고 우측 골목 방향 자가용이용시 근처 유료 주차장 이용 . 유로구로메(끄레아 주차장) 택시 이용시 아트사이드 갤러리 ... https://blog.naver.com/studioeat 스튜디온 잇은 좋아하는 서촌의 쿠클이다. 작년 수업 사진을 보다보니 선생님이 알려주신 방법대로 매실주를 담글 철이 곧이네. 수업 시간이 탱글탱글 알찬 곳이다. 알차게 배우고 수강생분 중 한 분이 가져온 포천 막걸리도 감사하게 맛보았다. 참 이쁜 동네에 위치한 스튜디오 잇 집에 오면 바로 복습이 즐거웠다. 잘 배운 요리는 응용하기도 좋다. 요리도 등너머로 보는 것보다 제대로 배워두니 두고두고 좋은 것. 서촌 쿠클 스튜디오잇의 계절별식 수업도 알차지만 그 밖의 프로그램도 좋아서 정말 정말 추천하는 쿠킹 클래스. 요즘 이 곳도 마감이 거의 빛의 속도네. 좀처럼 올 일 없는 멋진 동네 통의동 고즈넉한 골목골목을 지나 바람결에 대나무숲 살랑거리는 소리를 들으며 걷다보면 너무나 멋진 곳들을 하나씩 구경하는 재미가 쏠쏠해서 기분이 좋아집니다. 그렇게 마주한 #스튜디오잇 초행길이라 조금 일찍 도착했어요. 쿠킹클래스 시작시간은 11시 일찍 도착해서 괜히 번거롭게 해드리는건 아닐까 생각했는데 따뜻하게 맞아주신 선생님 커피를 대접해주셨는데, 세상에 왜이렇게 맛있죠? 네스프레소 머신으로 내려주신 커피였는데 ㅋㅋ 역시 요리를 잘하면 커피도 맛있게 내릴 수 있나봅니다. 정성이 느껴졌어요. 정성은 감동을 줘요. 뭐든 정성스럽게 해야지. 멋진 공간 화려하지 않아도 소박하면서도 정성이 가득한 이 공간 서까래가 참 멋지죠 이런 공간에서 음식을 만들고 맛보고 너무나 행복했어요 공간이 주는 힘일까요 깍뚝썰기 된 재료들만 봐도 기분이 좋았어요 야채를 볶는 요리에서는 미리 야채에 소금을 미리 뿌려주면 좋아요 수분을 미리 빼줘서 질척이지 않거든요 제가 콩 요리를 진짜 좋아하는데 희안하게 완두콩은 별로 안좋아하거든요 근데 그 특유의 비릿한 콩냄새가 하나도 없었어요 우리 선생님만의 레시피로 오 이거 맛있어요 오렌지쨈 Alain milliat Orange Blonde 스크램블에그에 리코타치즈 넣어서 드셔보셨나요? 와아 이거 정말 맛있었어요 사워도우에 올리브유에 절인 마늘 발라주고 리코타치즈스크램블에그와 라따뚜이 곁들여서 먹어주면 정말 훌륭한 브런치 이 엔초비드레싱은 만들어두고 두고두고 먹고싶었어요 아 정말 맛있었다 꼬릿, 감칠맛 폭발 퀴노아샐러드 연어스테이크와 오렌지소스 맛있고 건강하고 예쁜 한상 정성스럽게 요리하는 행복한 시간 @스튜디오잇 https://naver.me/xlWbXQqj 어제의 일정의0순위 요리시연수업 여기 레시피맛집이었다 어느식당보다 음식솜씨가 최고였다 문어와 무화과가 다했다ㅠ 귀한시간이었고 또갈게요^^ 쌤이 많이요리해봐야 그것이 내레시피가되다고 하셨다 와~ 문어손질,문어삶기 지금껏처음보고 지금껏잘못익혀먹었었다는걸 다시 깨달았다 이날의 문어시식은 입에서 살살녹는느낌 아시나요!?ㅜ 진심 잊혀지지않아~ 해물이용한 빠에야 사먹어는봤지만 시연으로보니 와우~ 본인이 선호하는 올리브유 아낌없이 입혀주라며^^ 스테이크맛있게 마리네이드하고 굽기정도도 깨알같이 알려주시는 센스^^","점 저녁에 방문 스튜디어
---
점
---
점
---
점
---
점
---
점
---
점
---
점
---
2.5 점
---
점
---
점",,0.0,0.0,0.0,,0.0,0.0,0.0,,1,"스튜디온 잇은 좋아하는 서촌의 쿠클이다. 작년 수업 사진을 보다보니 선생님이 알려주신 방법대로 매실주를 담글 철이 곧이네. 수업 시간이 탱글탱글 알찬 곳이다. 알차게 배우고 수강생분 중 한 분이 가져온 포천 막걸리도 감사하게 맛보았다. 참 이쁜 동네에 위치한 스튜디오 잇 집에 오면 바로 복습이 즐거웠다. 잘 배운 요리는 응용하기도 좋다. 요리도 등너머로 보는 것보다 제대로 배워두니 두고두고 좋은 것. 서촌 쿠클 스튜디오잇의 계절별식 수업도 알차지만 그 밖의 프로그램도 좋아서 정말 정말 추천하는 쿠킹 클래스. 요즘 이 곳도 마감이 거의 빛의 속도네.
---
좀처럼 올 일 없는 멋진 동네 통의동 고즈넉한 골목골목을 지나 바람결에 대나무숲 살랑거리는 소리를 들으며 걷다보면 너무나 멋진 곳들을 하나씩 구경하는 재미가 쏠쏠해서 기분이 좋아집니다. 그렇게 마주한 #스튜디오잇 초행길이라 조금 일찍 도착했어요. 쿠킹클래스 시작시간은 11시 일찍 도착해서 괜히 번거롭게 해드리는건 아닐까 생각했는데 따뜻하게 맞아주신 선생님 커피를 대접해주셨는데, 세상에 왜이렇게 맛있죠? 네스프레소 머신으로 내려주신 커피였는데 ㅋㅋ 역시 요리를 잘하면 커피도 맛있게 내릴 수 있나봅니다. 정성이 느껴졌어요. 정성은 감동을 줘요. 뭐든 정성스럽게 해야지. 멋진 공간 화려하지 않아도 소박하면서도 정성이 가득한 이 공간 서까래가 참 멋지죠 이런 공간에서 음식을 만들고 맛보고 너무나 행복했어요 공간이 주는 힘일까요 깍뚝썰기 된 재료들만 봐도 기분이 좋았어요 야채를 볶는 요리에서는 미리 야채에 소금을 미리 뿌려주면 좋아요 수분을 미리 빼줘서 질척이지 않거든요 제가 콩 요리를 진짜 좋아하는데 희안하게 완두콩은 별로 안좋아하거든요 근데 그 특유의 비릿한 콩냄새가 하나도 없었어요 우리 선생님만의 레시피로 오 이거 맛있어요 오렌지쨈 Alain milliat Orange Blonde 스크램블에그에 리코타치즈 넣어서 드셔보셨나요? 와아 이거 정말 맛있었어요 사워도우에 올리브유에 절인 마늘 발라주고 리코타치즈스크램블에그와 라따뚜이 곁들여서 먹어주면 정말 훌륭한 브런치 이 엔초비드레싱은 만들어두고 두고두고 먹고싶었어요 아 정말 맛있었다 꼬릿, 감칠맛 폭발 퀴노아샐러드 연어스테이크와 오렌지소스 맛있고 건강하고 예쁜 한상 정성스럽게 요리하는 행복한 시간 @스튜디오잇 https://naver.me/xlWbXQqj
---
어제의 일정의0순위 요리시연수업 여기 레시피맛집이었다 어느식당보다 음식솜씨가 최고였다 문어와 무화과가 다했다ㅠ 귀한시간이었고 또갈게요^^ 쌤이 많이요리해봐야 그것이 내레시피가되다고 하셨다 와~ 문어손질,문어삶기 지금껏처음보고 지금껏잘못익혀먹었었다는걸 다시 깨달았다 이날의 문어시식은 입에서 살살녹는느낌 아시나요!?ㅜ 진심 잊혀지지않아~ 해물이용한 빠에야 사먹어는봤지만 시연으로보니 와우~ 본인이 선호하는 올리브유 아낌없이 입혀주라며^^ 스테이크맛있게 마리네이드하고 굽기정도도 깨알같이 알려주시는 센스^^",19.7
791c03a0-d37c-5133-b2e2-0bb72ba72a0e,스페이스노들케이,디저트,서울 동작구 현충로 11 1층,동작구,9노들역 3번 출구,330,0507-1465-2158,https://www.instagram.com/spaceknodeul/,구)노량진취수장을 리모델링하여 새롭게 오픈하는 문화복합공간 입니다. 미디어아트와 노들섬 야경이 아름다운 특별한 공간입니다.,,,,True,True,False,True,True,112,170,999,"내부,음식·음료,자몽허니블랙티,에이드,빙수,카페라떼,아메리카노,외부,메뉴판,동영상,동영상,동영상,동영상,동영상",0,37,0,58,0,"{""커피"": 18, ""빙수"": 5, ""라떼"": 4, ""샌드위치"": 3, ""떡볶이"": 2, ""샐러드"": 2, ""치아바타"": 2, ""파스타"": 2, ""딸기에이드"": 1, ""리조또"": 1, ""맥주"": 1, ""식빵"": 1, ""쑥크림라떼"": 1, ""아메리카노"": 1, ""아인슈페너"": 1}","{""만족도"": 54, ""맛"": 29, ""분위기"": 18, ""전망"": 13, ""서비스"": 8, ""목적"": 4, ""음식량"": 3, ""예약"": 2, ""주차"": 2, ""가격"": 2, ""방역"": 1, ""위치"": 1, ""메뉴"": 1}",17,6800,21000,13523.1,False,"치아바타 잠봉뵈르 샌드위치 버섯 잣크림 파스타 떡갈비 능이 크림 파스타 해물 토마토 파스타 떡갈비 능이버섯 간장 파스타 새우 알리오올리오 노들 플레터 떡볶이 (투움바/매운맛) 14,000~15,000원 두바이 쫀득 쿠키 (55g) 디저트 / 빵 & 케이크 3,500~8,000원 아메리카노 카페라떼 아인슈페너 쑥크림라떼 인절미크림라떼","노들 시그니처 메뉴.. 치아바타에 소금집잠봉햄 트러플드레싱 오미자청 루꼴라의 절묘한 조합 은은한 고소함이 가득한 잣크림 소스와 각종 버섯으로 맛을 낸 크림 파스타 능이버섯의 깊은 향이 어우러진 크림소스에 육즙 가득한 떡갈비를 더한 달콤고소한 파스타 오징어, 새우, 관자 등 각종 해물과 토마토 베이스 파스타 육즙 가득한 떡갈비와 향이 깊은 능이버섯 간장소스가 어우러진 달콤하고 짭조름한 파스타 올리브치즈치아바타, 단호박퓨레, 베이컨, 버섯, 그린 샐러드 hot해 hot해~ 피스타치오 함량이 높아 촉촉하고 쫀득한 두쫀쿠","공간이 넓고 다양한 포인트가 있었어요. 주말인데도 한적해서 좋았어요. 노들섬이랑 가까워서 걸어가기도 편하네요. 음료는 조금 비싼편- 저녁엔 미디어아트도 볼수있어서 해질녘에 오면 좋을듯해요. 뷰가 좋아요+4
---
친구들과 함께 해서 넘 좋았고.. 그 안에서 1.2.3차까지.. 커피,라떼,파스타,떡볶이 먹었어요. 낮부터 저녁까지 있었는데..조용하고..음악 좋고.. 야경도 좋고.. 따뜻할때 또 오고 싶네요.
---
점심에 방문예약 후 이용대기 시간 바로 입장일상지인・동료 매장 개방감이 좋습니다 파스타는 좀 묽었어요 샌드위치는 나쁘지 않았습니당 매장이 넓어요
---
점심에 방문예약 후 이용대기 시간 바로 입장데이트혼자 두쫀꾸를 처음먹었습니다 이런맛이군요!!!^^ 사장님의 친절함에 놀랐고 맛에 놀랐습니다!!! 카페도 이쁘고 날좋은날 루프탑 갈께요!!♡♡
---
바삭바삭한 두바이쿠키 커피랑 먹는걸 추천드립니다 저는 바빠서 테이크아웃했지만 다음에는 카페에서 먹어보는 것도 좋을거 같아요 디저트가 맛있어요+4
---
여유있게 한번쯤 가보면 좋을것 같애요 ㅎㅎ 조용히 혼자~~
---
노량진취수장의 변신. 기존 골조를 살려 리모델링된 한강대교와 한강뷰를 감상할 수 있는 가페입니다. 야간시간에는 미디어아트도 펼쳐지는듯. 단지 지금 시즌엔 야외 자리를 이용할 수 없는 아쉬움이 있다는...뷰맛집입니다.
---
충전이 잘돼요! 분위기도 좋구요 맛은 조금은 레시피 개선이 필요해 보입니다 ㅜ 특히 사장님과 직원분이 특 별 관리를 해 주셔서, 너무나 안전하게 리프레시 마치고 돌아왔습니다. 감사합니다 😊!!
---
점심에 방문예약 후 이용대기 시간 바로 입장나들이혼자 우연히 갔다가 많이 샀는데 먹어보니 대 존 맛 이에요!!! 안딱딱하고 피스타치오 향도 잘느껴지고 빠삭빠삭 맛있어요 양도 많고 코코아파우더도 좋은거 같아요 돈 값해요 럭키비키네요 디저트가 맛있어요
---
플래터 맛있어요 한강뷰 이뻐요 고냥이도 있었어요",점심,0.0,1.0,0.0,혼자,0.4,0.2,0.2,일상,1,,
8695e912-a94d-5f61-b429-a92dfbd1c3e3,아리스타커피 선릉2호점,카페,서울 강남구 테헤란로43길 10,강남구,2수인분당선릉역 5번 출구,408,,,"매일 신선한 샌드위치와 생과일쥬스, 커피가 함께하는 아리스타커피 선릉점 입니다",,,,True,False,True,True,False,,,,,0,469,0,0,0,"{""샌드위치"": 35, ""커피"": 30, ""과일"": 18, ""쥬스"": 18, ""과일주스"": 16, ""수박주스"": 12, ""생과일쥬스"": 9, ""라떼"": 8, ""딸기라떼"": 4, ""바닐라라떼"": 4, ""딸기쥬스"": 3, ""샐러드"": 2, ""생딸기라떼"": 2, ""아메리카노"": 2, ""에그샌드위치"": 2}","{""만족도"": 186, ""맛"": 130, ""서비스"": 16, ""가격"": 13, ""메뉴"": 10, ""음식량"": 5, ""분위기"": 4, ""대기시간"": 3, ""목적"": 2, ""청결도"": 1, ""위치"": 1}",1,2000,2000,2000,False,아메리카노,,"여기 분위기에 비해 가격이 좋은편 바닐라라떼 맛있고 양도 많네요☕️ 굿👍
---
점심 후 차 한쟌의 여유 자리는 만석인데 얘기 소리가 울리지 않아 시끄럽지 않고 좋아요
---
굿
---
커피 굿
---
미팅 하기 좋습니다:)
---
.
---
.
---
굳 친절해요
---
기다리지 않고 가져갈 수 잇도록 패스오더 사용해 주세요!
---
좋아요",점심,0.0,0.8,0.2,지인·동료,0.0,0.0,0.0,일상,3.3,"가을가을한 오늘. 2019년 11월1일 365일중 60일이 남은 지금입니다. 12시에 블로그교육이 있어 11시 10분쯤 나와서 무얼 먹을까 혼자서 선릉 거리를 걸어봐요 걷다가 발걸음을 멈추게 하는 매장이 눈에 들어왔어요. 아리스타커피 선릉2호점 시간도 많지 않고 샌드위치 종류보니 다양하고 가격도 좋고 오늘은 너로 정했다! 요즘엔 즉석 생과일주스를 판매하는 경우가 많아 간편하게 먹을 수 있어 참~ 좋아요 여기 선릉 아리스타커피2호점에서는 생과일 주스를 포함해 수삼차도 먹을 수 있네요. 커피숍에서 쉽게 볼 수 없는 차죠~ 선릉에는 사무실이 상당히 많아요. 직장인들 바쁜 업무와 바쁜 일정으로 건강 챙기기 쉽지 않죠~ 따끈한 수삼차 한잔으로 기분 UP시켜보셔도 좋을 듯 합니다. 샌드위치 종류 많았지만 너무 좋아하는 그아이가 보여 보자마자 바로 주문했어요. 바로~ 선릉 아리스타커피 2호점 단호박샌드위치 시켰어요. 단호박을 보면 건강한 느낌이 들어요 먹으면 건강해질것 같은.. 단호박이 참 좋다~ 선릉 아리스타커피 2호점 단호박샌드위치 점심으로 샌드위치를 선택하는 건 처음! 그것도 혼자서 샌드위치를... <네이버 16주년 기념 스티커를 받으세요> 세심하고 깔끔한 인테리어가 자주 가고 싶게 만드네요~~ 단호박 샌드위치 맛나게 먹고 기분도 좋아졌으니 블로그 수업을 위해 발걸음 재촉해 봅니다. 점심으로 단호박샌드위치 너무 옳은 선택! 단호박의 담백함과 양상추의 상큼함 만큼이나 11월 기분 좋은일 많이 있으시길 바래요~ 선릉역 5번출구 도보 7분거리 아리스타커피2호점에서 단호박샌드위치 먹고 기분좋게 11월 첫날 출발했습니다. 선릉 아리스타커피숍에는 테라스도 있어서 도란도란 이야기하며 커피와 샌드위치 즐기기 넘 좋아요 샌드위치와 커피셋트 착한가격에 즐거보세요~ 사무실 근처에 딱 마음에 드는 커피숍 있어서 굿굿!!! 신사동으로 데려가고 싶으요~ 배달해서 먹고 프다~~
---
출근길, 간단하지만 든든하게! 선릉역 샌드위치 맛집 발견했어요 아침 7시 오픈, 선릉 직장인의 숨은 맛집 공개! 출근길 바쁜 아침, 허기진 배를 달래줄 뭔가가 필요할 때가 있잖아요? ‘아침부터 뭘 먹기는 애매한데, 커피만으론 부족하고…’ 이런 생각 해보신 적 있으시죠? 바로 그런 날, 제가 우연히 찾은 맛집! 선릉 5번출구 근처 ‘아리스타커피 선릉2호점’을 소개할게요. 부드럽고 담백하게 단돈 3,800원?! 선릉 꿀맛 카페 요즘 아침먹기 ㅎㅎ 힘들더라구요! 아침을 거르기 쉬운 분들, 건강하게 간단히 챙기고 싶은 직장인 분들께 도움되는 간단한 선릉역 출근길 맛집추천 소개해드릴까해요! 내부 분위기 & 이용 팁 선릉역 출근길 맛집추천 매장은 길쭉한 구조에 아늑하고 엔틱한 분위기가 느껴졌어요. 원목 테이블이 정갈하게 놓여 있고, 바체어와 바테이블이 있어서 혼자서도 편하게 앉을 수 있어요. 4인석 테이블도 있어 여럿이서 간단히 브런치처럼 즐기기에도 좋아 보였어요. 아침 일찍 문을 열고, 전반적으로 조용한 분위기라서 혼자만의 시간 갖기에 제격! 선릉역 출근 맛집추천 아리스타커피 리코타 크린베리 와사비마요 샌드위치 이면도로 쪽에 조용히 자리 잡고 있어서 정신없는 출근길에도 잠깐 숨 돌리기 좋아요. ‘방문자리뷰가 많은 편’이라 신뢰가 갔고, 실제로 직장인들이 출근하면서 많이 들르는 분위기였어요. 모든 샌드위치가 3,800원?! 가격부터 매력적 요즘 이런 가성비 진짜 드물잖아요. 아리스타커피의 모든 샌드위치는 단돈 3,800원! 커피와 다양한 음료도 함께 판매하고 있어서 커피 한 잔에 샌드위치 하나, 아침 한 끼로 정말 딱이에요. 선릉역 출근 맛집추천 아리스타커피 리코타 크린베리 와사비마요 들어가자마자 보이는 정면 샌드위치 냉장고엔 약 10여 가지의 다양한 샌드위치가 진열돼 있었어요. 그날그날 재료 수급에 따라 종류가 조금씩 바뀔 수 있다고 하니, 방문할 때마다 새로운 조합을 만나는 재미도 있겠죠? 내가 고른 두 가지 맛 선릉역 출근길 맛집추천 아리스타커피 리코타 크린베리 와사비마요 출근길에 이런 곳이? 레몬즙+ 찐후기 이날은 야채가 짙은 녹색이라 너무 마음에 들었고! 또, 한두장 넣은게 아니라 듬뿍 가득 채워져있어 먹음직 스러운게 입맛을 돋구더라구요! 선릉역 출근길 맛집추천 아리스타커피 리코타 크린베리 와사비마요 샌드위치 상추 가득, 햄, 토마토, 치즈까지~ 치즈, 도톰한 토마토, 상추가득! 직장인 필수템 발견! 선릉역 3천원대 브런치의 정석 방금전 진하게...
---
안녕하세요~ 리아입니다 ! 저번주 평일에 회사끝나고 언니랑 선릉역에서 만나 밥을 먹기로 했는데, 언니가 회사 일이 늦어져 시간이 30분 정도 비더라구요. 그래서 혼자 30분 정도 잠시 앉아있을 카페를 찾는데 눈에 들어온 아리스타커피! 비싸지도 않고 자리도 많아보여 들어가봤습니다. 아리스타커피 선릉2호점 운영시간 : 평일 07:00 - 21:00 토 09:00 - 17:00 일요일 정기휴무 위치 : 서울 강남구 테헤란로 43길 10 메뉴가 다양해보입니당 키오스크로 주문 가능하구요 샌드위치랑 샐러드 세트, 약과 정말 찐 생과일주스라는걸 보여주는 과일들 과일 같은거 관리하고 씻고 이런거 힘드실텐데 다 깔끔하게 진열해놓으셨어요. 샌드위치류도 많은데 주변 직장인들 아침이나 점심으로 먹기에도 좋을 것 같아요 <메뉴판> 커피, 요거트, 생과일주스, 마카롱, 스프, 샌드위치 등 정말 다양하고 가격도 다 저렴해요 샌드위치 단품이 3500원이고 아메는 1800원! 제가 근처 직장인이었으면 매일 여기서 샌드위치 먹었을 것 같네요 ㅋㅋㅋ 다 가성비가 좋습니다 <매장 내부> 내부도 넓고 깔끔해요. 아이스 아메리카노 (1800원) 잠시 시간 비어서 혼자 앉아있을 곳이 필요했는데 잘 있다 왔어요 가성비 좋은 선릉역 카페 아리스타커피 추천드려요. 보니까 주변에 선릉 1,2호점, 삼성본점 등 강남쪽으로 매장이 5개나 있더라구요. 근처 직장인들이 애용하기 좋은 가게입니다~~ #아리스타커피선릉2호점 #선릉카페 #아리스타커피 #선릉역카페 #선릉역샌드위치 #선릉역샐러드 #선릉역아침",29.7
1808bf0d-c5a5-539a-8f2d-b13decef0a38,,,,,,,,,,,,,False,False,False,False,False,,,,,0,0,0,0,0,{},{},0,,,,False,,,,,,,,,,,,,,,
fd257f78-7462-50e3-b765-badc89ddc14a,아우어베이커리 역삼점,베이커리,서울 강남구 언주로85길 29 1층,강남구,2역삼역 1번 출구,428,0507-1416-0425,https://www.instagram.com/ourbakerycafe,아우어베이커리는 빵과 커피 이상의 경험을 파는 공간입니다.,08:00-22:00,09:00-17:00,주차 불가,True,True,True,True,True,399,124,999,"내부,음식·음료,빨미까레,외부,메뉴판",285,124,97,78,61,"{""커피"": 23, ""빨미까레"": 14, ""라떼"": 9, ""까눌레"": 4, ""앙버터"": 4, ""카페라떼"": 4, ""케이크"": 4, ""샌드위치"": 3, ""아메리카노"": 3, ""치아바타"": 3, ""치즈"": 3, ""녹차"": 2, ""브라우니"": 2, ""얼그레이"": 2, ""카레"": 2}","{""맛"": 104, ""만족도"": 68, ""서비스"": 12, ""분위기"": 9, ""가격"": 6, ""메뉴"": 5, ""음식량"": 3, ""위치"": 3, ""목적"": 2, ""청결도"": 1, ""배달"": 1, ""주차"": 1, ""대기시간"": 1}",2,5500,5800,5650,True,빨미까레 더티초코,고소한 버터풍미와 진하고 달콤한 초콜릿 풍미가 인상깊은 시그니처 메뉴 뺑오쇼콜라에 프랑스 진한 초콜렛으로 코팅하여 카카오 파우더로 마무리한 시그니쳐 메뉴,"라떼가 맛있어 들르는 곳인데 한가한 오전에 들렀다가 직원분 응대에 불쾌함만 겪었습니다. 본인의 실수는 인정하지 않고, 손님탓하는 태도와 모르는건지 모르척한건지 묘하게 기분 나쁘네요. 매장에 손님은 저 포함 2명인데... 자초지종을 물으니 그제야 사과의 언사를 표현하는데, 이 피해자 코스프레하고도 남을 인성!!!
---
커피 오전 할인 받아서 좋았어요~
---
💜🩷❤️🧡💙💚🤍💛 샌드위치 맛있어요 감사합니다
---
친구 몇몇과 커피한잔 나누며 이야기도 할겸 들어간김에 보니 아.. 하남 스타필드에서 집사람이 반한 바로 그 베이커리 였어요. 장소는 어지간한 스타벅스 만큼 넓고 그러면서도 북적거리지 않는 공간 배치 참 맘에 들었읍니다. 와이프를 위해 빵 몇개 더 사갑니다. 번창하세요
---
커피빵 다 맛있어요
---
빵 맛있어요
---
맛있어요.
---
좋아요",점심,0.2,0.6,0.2,혼자,0.333,0.167,0.167,일상,1.1,"아우어 베이커리, 압구정, 나인원한남 다 많이 가봤어요. 커피와 빵 맛있는 집이었는데요. 초코 크루와상 진짜 맛있어요. 이건 또 먹고싶은 맛. 아우어는 초코 종류는 다 맛있었던거 같아요. 빨미까레, 더티초코도 맛있었거든요. 옥수수 빵은 BEST 써있어서 골랐는데 생각보다 그저그랬어요. 버터프레첼은 너무 말라서 질겼어요. 너무 맛없어서 못먹고 다 버렸네요. 내돈내산 솔직후기 남겨봅니다. 압구정, 나인원한남 아우어 수차례 방문해왔고 역삼은 처음간거였는데 들어갈때, 주문할때부터 직원분이 본척도 안했어요. 주문을 못받는 상태면 아이컨텍을 하던 인사나 기다려달라 양해멘트 할 수 있잖아요? 손님이 많았으면 모르겠는데 전체 좌석 중 빈자리가 절반 정도 비어있는 상황이어서 사진도 여유롭게 찍었을 정도였어요. 주문하려고 계산대에 한참 서있었어요. 우리가 투명인간인가? 싶은 기분이 들더군요. 그래도 일행이 있어 기분나쁜 기색 내지 않고 빵과 음료 먹었습니다. 나오면서 빵 남아서 포장해달라고 했더니 위 사진처럼 포장해주네요. 누가보면 김밥 포장해가는줄 알겠어요. 종이봉투 하나없이 저게 맞아요? 지하철 빵집도 저러지 않아요. 봉투가 유상이라면 안내를 해줘야 제가 알지요. 다른 말은 하지도 않으면서 퇴식대는 저쪽이라고 그건 정확히 안내 하시더라고요. 밥보다 비싼 빵 먹고 이런 기분은 별로에요. 두번은 안갈래요. #아우어베이커리 #내돈내산
---
다들 빵 좋아하시져!!! 요즘 빵 값이 참 비싸졌는데 마감 시에 남는 마감할인 빵을 반값에 구매할 수 있는 빵순이에게 너무 좋은 앱이 있어 소개해 드리려 해요 이번 년 초부터 처음 이용하기 시작해서 요즘에도 종종 이용하고 있는 앱이에요 빵 마감할인 앱 럭키밀 https://www.luckymeal.io/customer 위 링크에서 웹으로도 구경할 수 있어요! 예전에는 사실 주변에 매장이 많지 않았는데 점점 제휴 매장이 늘어나고 있어서 서울에는 지역 별로 다양해진 것 같아요 가입할 때 추천코드 입력하고 가입하면 추가 할인 쿠폰을 제공한다고 합니닷 럭키밀 추천코드 ridzkeq8u 주로 그날의 마감 시간 직전에 픽업할 수 있고 어떤 집들은 다음날 오전에 픽업하는 곳도 있어요 보통 퇴근길에 픽업하면서 들어갈 수 있어서 딱! 저렴하게 빵 구매하기에 너무너무 좋아요 그리고 가격 부담이 없으니 새로운 곳도 선뜻 가보게 되는 것 같아요 빵 마감할인 앱 럭키밀 이용 후기 이번 연도 초부터 발견해서 한 달에 한두 번씩 꾸준히 (?) 이용하고 있어요 모든 가게 다 반값으로 구매할 수 있지만 매장 별로 금액도 달라서 원하는 양에 따라 선택할 수 있어요 강남에 있는 아우어베이커리 역삼점, 강동의 감자집과 브랜뉴하이몬드, 둔촌동에 시오사쿠 등.. 여기저기서 빵 많이 사먹었네요 ㅋㅋㅋㅋㅋㅋㅋㅋ 그중 가장 많이 간 아우어베이커리 역삼역부터!!! 럭키밀 - 아우어베이커리 역삼점 아우어베이커리 역삼점은 요즘에 진짜 인기가 많아져서 오픈 시간에 딱 예약하지 않으면 구매하기가 정말 어려워졌어요... ㅜㅜ 이전에는 여유로웠는데 사용자가 많아지면서 빵은 제한되다 보니 인기 있는 빵집은 알람 설정 후 바로 예약이 필수랍니다 아우어베이커리 역삼역점은 2만원 어치이고, 결제할 때는 만원을 결제하면 돼요! 보통 다양한 종류의 빵 5개가 들어 있었어요 여기에 한가득 들어 있답니다 가끔은 테이블에 앉아서 빵 하나 뜯어 먹고 갔어요 ㅎㅎ 봉투 안 뷰 (?) 이날 바로 먹은 더블치즈페스츄리 5400원 크림치즈랑 체다치즈가 같이 들어 있어요 더블치즈페스츄리는 종종 들어있던 것 같아요 더블치즈페스츄리 먹은 날 같이 들어 있던 빵들 갈릭올리브 5600원 아우어큐브 식빵 4900원 현미퀸아망 4400원 버터프레첼 4800원 (가격은 배민이나 이미지 검색으로 입력해서 실제랑은 조금 다를 수도 있어요) 다양한 종류를 섞어서 넣어주고 가격도 보통 계산해 보면 2만 원이 넘는 경우가 많았어요 버터프레첼은 제 입맛은 아니었지만 친구가...
---
아우어베이커리 역삼점 영업시간 월,화,수,목,금 08:00–22:00 ✔️토,일 09:00-17:00 문의전화 0507-1416-0425 주차불가능❌ 친구들이랑 역삼역에서 만나기로했다 번잡스러운 강남역은 일단 싫고 한정거장 떨어진 역삼역에서 만나기로 했는데 주말이라 역삼역 거리는 굉장히 한적했다. 우리 전부다 카페 가는걸 좋아해서 찾아본 역삼역 대형카페 베이커커리 카페 두가지 키워드가 다 들어가있는곳을 찾았고 솔직히 역삼역에 대형 베이커리 카페가 생각보다 많이 없더라. 아, 물론 역삼역에서 가까워야했기때문에 키워드가 한가지 더 추가 되서 아우어베이커리로 가기로 했다. 역삼역 카페 아우어베이커리 가기전에 검색좀 해보다가 안 좋은 리뷰를 한개 봤다 불친절하다 하필 이걸 봐서 갈까 말까 많이 망설였다. 하지만 역삼역 카페 중에서 역삼역에서 5분걸리고 빵까지 파는 대형카페는 아우어베이커리밖에 없었기 때문에 그냥 다녀왔다. 이만큼 얘기했는데 더이상 안 솔직한리뷰라고 생각하진않겠지? 역삼역에서 5분정도 신나게 열심히 걷다보면 내가 찾던 역삼역 카페 아우어베이커리가 나온다. 예전에 도산본점에서 봤던 기억이 있는데 로데오쪽은 워낙 눈돌아가는 카페가 많아서 아우어베이커리를 갈 생각못했고 빨미까레를 유행시킨 아우어베이커리를 이제서야 가보게되었다. 날이 엄청 덥거나 비가 축축하게 오지않는이상 역삼역에서 아우어베이커리카페를 찾아가는 길은 어렵지않다. 어차피 강남에 주차가능한 곳은 거의 드물기때문에 마음 비우고 대중교통 이용하길 추천 아우어베이커리 빵 종류 역삼역 카페 아우어베이커리로 간것이 오후 2시인가 빵이 다 빠지고 없을 시간이긴했다 그래도 사진찍는데 너무 텅텅 비어서 블로그 쓰기엔 적절하지 않으니 올릴까 말까 고민하다가 그래도 올려보기로 함. 있을건 다 있었음. 빨미까레만 있으면되지 뭐 아우어베이커리 음료목록 역삼역 카페 아우어 베이커리 음료 메뉴는 기본 커피류 외에 바닐라 더블 그린티 더블 아우어 에어 처럼 베이커리와 함께 즐기기 좋은 시그니처 음료가 있으며, 자몽에이드나 밀크티 종류도 보였다. 가격대는 아메리카노가 4,800원인데 역삼역 대형베이커리 카페치고는 나름 합리적인 가격 같았다 역삼역 카페 아우어베이커리는 시그니처 페이스트리와 다양한 빵, 디저트, 음료가 고루 갖춰진 베이커리 카페로 우선 대표 메뉴로는 ‘더티초코’가 가장 잘 알려져 있는데 겉에 진한 초콜릿 크림이 듬뿍 묻어 있고, 속은 촉촉한 크루아상으로 구성되어 있다. 이건...",18.7
f3aa30c7-222a-5b6f-930a-a2faabe40be5,아이커피샵,카페,서울 종로구 자하문로 57,종로구,3경복궁역 2번 출구,544,0507-1494-2363,,안녕하세요 아이커피샵 입니다 감사합니다 결제수단1 제로페이 알고 계신 정보와 다른 정보가 있나요? 사진으로 간단하게 제보해 주세요. 정보 수정 제안하기 이용약관고객센터리뷰운영정책신고센터 네이버,,,,True,False,False,False,False,30,1,,,0,7,0,0,0,"{""라떼"": 1, ""바닐라라떼"": 1}",{},0,,,,False,,,"쉬었다 가기 좋아요.
---
더운 날 한줄기 빛-⭐️ 달달구리 바닐라라떼 시원하게 잘 마셨습니다
---
아늑하고 좋습니다^^
---
음
---
점 점심에 방문 굿
---
점 점심에 방문 사장님이 친절해요
---
굿",점심,0.0,0.667,0.333,연인·배우자,0.0,1.0,0.0,데이트,1,,
c744f325-2e98-5b6d-ad5a-2324838f3f86,,,,,,,,,,,,,False,False,False,False,False,,,,,0,0,0,0,0,{},{},0,,,,False,,,,,,,,,,,,,,,
4657bc89-a34a-5103-adf7-a54d74edf9e7,어반스테이,디저트,서울 중구 세종대로2가길 26,중구,14공항경의중앙GTX-A서울역 4번 출구,253,,,,,,,False,False,False,False,False,669,20,,"이전 페이지,어반스테이,페이지 닫기,거리뷰,어반스테이카페,디저트,방문자 리뷰 669블로그 리뷰 20,다양한 메뉴로 선택의 즐거움,출발,도착,저장,거리뷰,공유,홈,메뉴,리뷰,사진",0,405,0,0,41,"{""4"": 1, ""1"": 18, ""8"": 7, ""리뷰"": 164, ""커피"": 37, ""라떼"": 8, ""과일"": 2, ""과일주스"": 2, ""아메리카노"": 2, ""아인슈페너"": 2, ""쥬스"": 2, ""노가리"": 1, ""바나나주스"": 1, ""바닐라라떼"": 1, ""쌍화차"": 1, ""애플시나몬"": 1, ""우유"": 1, ""카푸치노"": 1}","{""만족도"": 57, ""맛"": 53, ""메뉴"": 8, ""서비스"": 6, ""가격"": 5, ""위치"": 3}",20,1500,3200,2380,False,"이전 페이지 어반스테이 페이지 닫기 거리뷰 어반스테이카페,디저트 방문자 리뷰 669블로그 리뷰 20 다양한 메뉴로 선택의 즐거움 출발 도착 저장 거리뷰 공유 홈 메뉴 리뷰 에스프레소 아메리카노(엘사바도르) 아메리카노(허니코케) 카페라떼 카푸치노",,"메뉴 다양하다 가격이 합리적 입니다 좋아요 😀 👍 ~~~~~~
---
커피 원두 맛있어요
---
커피가 맛있어요ㅎ 비플페이, 서울페이, 민생지원 - 다 사용가능
---
오렌지자몽라때 (ICE) 4,000원 이거 맛있어요ㅎ
---
음료 맛있어요 커피 맛있어요 가성비 최고 👍 음료가 맛있어요
---
오렌지자몽라때, 아주 맛있어요ㅎㅎ (아이스) 음료가 맛있어요+2
---
오랜지 자몽 라때, 맛있습니다ㅎ
---
가성비 커피 맛집 허니코케 맛있음!!!
---
커피 맛있어요
---
커피 맛있어요 ~~~",점심,0.2,0.8,0.0,지인·동료,0.1,0.0,0.0,일상,2.7,"사람들이 북적북적하는 카페에는 다 이유가 있지! 하고 우연히 먹어봤다가 '와! 대박!' 을 외친 곳이다. 바닐라빈씨드라떼가 시그니처, 난 바닐라빈라떼 한 잔을 마셨고, 반했고, 또 갈 예정이다. 내 기준에서는 숭례문 남대문시장에서 가깝고, 시청에서는 굉장히 먼 곳인데 지도 등록이 왜 이 모양일까 의문인 가게다. 카페 사장님이 직접 네이버지도를 관리하지 않아서 그런가 싶었다. 꽤 오래 전에 가고 한 동안 안 갔는데 다시 가고 싶은 곳! 앞에 흡연하시는 분들 너무 많은 건 참 슬픈 일 카페가 대로변에 있는 곳이 아니라서, 한 블록 안쪽으로 들어가서 또 한 번 더 왼쪽으로 꺾어들어가는 지점이니 카페가 커피 맛집 아니고서는 이렇게 사람 많기는 힘들다. #바닐라라떼맛집 이라 다음 주에 이거 또 시킬 예정! 어반스테이 시청점
---
아이스 카페라떼 3,200 밥 먹고 산책하다가 골목에 사람들이 있길래 가봤더니 카페가!! 아니 이 골목에 카페가 있을 줄 상상도 못했네,, 근데 또 사람이 많아서 깜짝 놀랐다,, 메뉴가 굉장히 많았지만 항상 그렇듯 아이스 라떼 주문,, 가격 저렴하고 양이 많다,, 맛은 쏘쏘,,
---
내가 즐겨가던 서소문 카페 어반스테이 당분간 저장해놨던 하드털이좀 하려고 함 ㅋㅋㅋㅋ 사진 왜이케 세기말 감성으로 찍혔다냐 ㅋㅋㅋㅋㅋㅋㅋㅋㅋㅋ 디카로 찍어서 메모리카드로 옮긴줄 여기는 내가 지금 다니고 있는 회사로 이직 했던 해 즈음해서 생겼던 카페다 시청역은 내가 첫 직장생활을 시작한 곳이기도 해서 서소문의 풍경이랑 정동길 등은 나에게 애정어린 추억의 장소이다 첫 직장 다니던 해는 너무너무 더웠는데 그때는 이 카페가 없어서 스타벅스를 주구장창 다니던 기억이 난다 (갑자기 추억 썰 푸는거 자연스럽네?) 당시 나는 고집있게도 커피는 무조건 뜨거운 아메리카노지 하면서 8월의 삼복더위에도 입도 대지 못할 정도로 뜨거운 아메리카노를 주문해서 식을때까지 (여름이라 식지도 않음) 기다렸다 먹곤 하였다 어느새 나도 나이가 들어서 (갑자기 이렇게 전개요?) 더이상 한여름에 미련하게 뜨거운 커피를 고집하지 않는 사람이 되었다 첫 직장을 떠나 새로운 직장에서 근무를 하게 되었는데 어쩜 그 직장이 또 위치가 여기냐 당시에 생긴지 얼마 안됐던 카페였던 어반스테이는 특유의 시원한 홍차메뉴로 인근 직장인들 사이에서 인기가 많았다 여기에 정말 많은 카페 음식점들이 생겼다 사라지곤 했지만 이곳은 아직도 변함없이 이 자리를 지키며 사랑받고 있다 그래서 여름이 다가오니 그 시절 이곳에서 친한 동료랑 시원한 홍차음료를 마시던 생각이 난다 2층까지 계단으로 이어지는 내부는 인테리어도 흔한 프랜차이즈 카페 같지 않아 좋고 베이커리류도 정말 다양한데 맛도 훌륭하다 왜인지 ㅋㅋㅋ 음료 사진은 찍어놓은게 없고 기록용으로 올리는 포스팅인데 여기는 커피도 잘하지만 이곳만의 시그니쳐 티 음료가 있다 아니 음료는 안찍어놓고 왜 이런건 찍어놨어 ㅋㅋㅋㅋㅋㅋㅋㅋㅋ 같이 런치 메뉴 먹으러 와보자 해놓고 한번도 못갔네 ㅋㅋㅋㅋ 내 대신 근처 있는 사람들 가서 런치 먹어보라며 브런치도 운영하는 브런치카페 커피도 다양하게 이것저것 많았네 늘 아아만 마셔서 몰랐지 뭐야?? 내가 이 포스팅을 한 이유 ㅋㅋㅋㅋㅋ 죄송한데 음료사진이 없다 ㅋㅋㅋㅋㅋㅋㅋ분명 어딘가 찍어놨을텐데 넘나 아쉬운거 ㅋㅋㅋㅋㅋㅋ 하지만 네이버마이박스나 구글포토를 뒤질 자신은 없숴 여기 가신다면 꼭 이 홍차메뉴를 드셔보시길 바란다 (실물사진도 없이 드셔보시래) 런던의 아침은 내가 좋아하던 메뉴인데 홍차티백을 넣고 거기에 과일청을 넣은 메뉴 지금 보니 땡큐베리머치도 마셔보고 싶네 하지만 마실수가...",13
039ffc1b-4b5b-5721-80e0-34e4d0e7af13,플레이스,,,,,,,,,,,,False,False,False,False,False,,,,"플레이스,서비스 이용이 제한되었습니다.,과도한 접근 요청으로 서비스 이용이 제한되었습니다.,잠시 후 다시 시도해주세요.,IP: 211.192.210.178(09/Mar/2026:14:37:32 +0900),이전화면,새로고침",0,0,0,0,0,{},{},6,,,,False,플레이스 서비스 이용이 제한되었습니다. 과도한 접근 요청으로 서비스 이용이 제한되었습니다. 잠시 후 다시 시도해주세요. 이전화면 새로고침,IP: 211.192.210.178(09/Mar/2026:14:37:15 +0900),,,,,,,,,,,,,
8c9bf4ac-bdd5-54a7-9f08-1769ba8075b7,,,,,,,,,,,,,False,False,False,False,False,,,,,0,0,0,0,0,{},{},0,,,,False,,,,,,,,,,,,,,,
ca68d57d-b048-506d-ad78-4dc98e67eef7,서비스 이용이 제한되었습니다.,,,,,,,,,,,,False,False,False,False,False,,,,,0,12,0,0,0,"{""커피"": 3, ""아메리카노"": 1, ""쿠키"": 1}","{""맛"": 5, ""서비스"": 2, ""만족도"": 2, ""목적"": 1, ""전망"": 1}",6,,,,False,플레이스 서비스 이용이 제한되었습니다. 과도한 접근 요청으로 서비스 이용이 제한되었습니다. 잠시 후 다시 시도해주세요. 이전화면 새로고침,IP: 211.192.210.178(09/Mar/2026:14:35:45 +0900),"딸이랑 경춘선길 산책하고 마시는 커피. 분위기도 조용하고 커피맛도 좋네요. 통창이라 눈이라도 펑펑 오면 분위기 더 짱일듯
---
커피가 굉장히 맛있어요! 그리고 사장님이 친절하세요 그래서 만족 스러워요 카공족을 위한 곳입니다
---
아이스 아메리카노가 3800원, 사장님 엄청엄청 친절하심, 지하공간은 조용해서 집중 잘되고 2층은 노트북 하기 좋음, 쿠키가 500원, 단체석도 있어서 단체모임하기도 좋음, 매일 00시(12시)까지 영업 여기 중학생때부터 왔는데 지금은 25살이네요,, 중간에 잠깐 사라져서 아쉬웠는데 다시 생겨서 놀랐어요 다시 생긴줄 모르는 단골이었던 분들 꽤 많을듯 ㅠㅠㅠㅠ 음료가 맛있어요+4
---
여러분 여기 카공 맛집이에요 매장이 넓고 조용해서 공부 잘돼요!!!!주말에 항상 사람 어딜가도 많은데 여긴 조용함!!!
---
전망 좋아요. 집중도 잘돼요.
---
에이치큐브, 원래 명칭이었는데 상호가 바뀌었네요. 도란도란 담소나누기 좋고, 연인들 데이트하기도 좋고, 학생들 공부하기도 좋고
---
오랜만에 방문한 카페입니다! 오랜만에 부모님 집에 와서 잠시 시간이 나서 동네를 둘러보다가 들어왔습니다! 여기 정말 사람 많았는데 이제 사람이 많이 없네요! 그래도 한가로이 여유를 즐길 수 있어서 좋았습니다!
---
유자리카노 짱맛있어요 사장님 다시 에이치큐브로 돌아와주셔서 감사해요
---
지하 1층~지상 2층까지 규모가 큽니다. 집중하기 좋아요+1",저녁,0.0,0.3,0.7,혼자,0.714,0.143,0.143,일상,2,,
a2fe2263-528c-5d20-ac3c-d69af5cadd6c,,,,,,,,,,,,,False,False,False,False,False,,,,,0,0,0,0,0,{},{},0,,,,False,,,,,,,,,,,,,,,
d8e6d5ea-1fc4-5168-88ce-ff1bfa67d246,엘빈,카페,서울 서초구 청두곶길 1,서초구,24사당역 14번 출구,346,,https://www.instagram.com/l.bean_sj,"사당역에서 30년의 역사를 가지고 있는 커피마스터의 로스팅 전문점입니다. 바리스타교육, 자격증 교육, 원두 납품, 라떼아트 교육도 하고 있습니다. 언제든지 방문하셔서 맛있는 커피드세요 주차 주차 불가 결제수단1 제로페이 SNS3 인스타그램 https://www.instagram.com/l.bean_sj 유튜브 유튜브 홈페이지 홈페이지 알고 계신 정보와 다른 정보가 있나요? 사진으로 간단하게 제보해 주세요. 정보 수정 제안하기 이용약관고객센터리뷰운영정책신고센터 네이버",,,주차 불가,False,False,False,False,False,469,366,999,"내부,음식·음료,바닐라라떼,에스프레소,아메리카노,더치라떼,에이드,외부,메뉴판,동영상,동영상,동영상,동영상,동영상",0,293,0,0,0,"{""커피"": 130, ""라떼"": 22, ""드립커피"": 19, ""케이크"": 12, ""핸드드립"": 12, ""당근케이크"": 6, ""아메리카노"": 4, ""에스프레소"": 4, ""치즈"": 4, ""카페라떼"": 4, ""크림치즈"": 4, ""에이드"": 3, ""우유"": 3, ""과일"": 2, ""과일주스"": 2}","{""맛"": 133, ""만족도"": 127, ""서비스"": 33, ""분위기"": 15, ""메뉴"": 10, ""음식량"": 3, ""가격"": 3, ""목적"": 3, ""위치"": 2}",17,500,8000,5153.3,False,오트 변경 우유를 오트로 변경 1000원 추가 디카페인 디카페인 500원 추가 아메리카노 카페라떼 바닐라라떼 카페모카 카라멜마끼아또 사이폰 더치아메리카노 더치라떼 에스프레소 아포가토 카페사이공 초코라떼 말차라떼,,,,,,,,,,,,,,
f9f32bb7-02eb-509f-a358-baf156ce3c86,엠케이투,,전북 전주시 덕진구 구총목로 20 1층 엠케이투 미용실,전주시,,,0507-1455-3782,,"안녕하세요 저희 MK2(엠케이투)는 전주 덕진구에 위치한 미용실로 오랜경력의 원장이 직접 관리하고, 고객만족을 위해 최선을 다하겠습니다. 주차 주차가능 무료 결제수단1 제로페이 알고 계신 정보와 다른 정보가 있나요? 사진으로 간단하게 제보해 주세요. 정보 수정 제안하기 이용약관고객센터리뷰운영정책신고센터 네이버",,,,False,False,False,False,False,,,,,0,0,0,0,0,{},{},7,15000,50000,27666.7,False,"컷 쥬니어 커트 베이직펌 매직 100,000~150,000원 클리닉 50,000~150,000원",,"굿 원하는 스타일로 잘해줘요
---
머리를 잘 잘라줘요 원하는 스타일로 잘해줘요+1
---
항상 좋은곳 잘보내고 가요! 트렌디해요
---
머리 예쁘게 잘랐어요~~ 원하는 스타일로 잘 잘라주셨어요^^ 원하는 스타일로 잘해줘요+1
---
스타일이 사랑스러워요 원하는 스타일로 잘해줘요+2
---
굿 친절해요
---
. 좋은 제품을 사용해요
---
4.5 점 저녁에 방문 여러 미용실을 다녀봤지만 여기 원장님 만큼 잘 하는 곳 못봤네요!! 최곱니다!
---
굿 친절해요
---
점 점심에 방문",점심,0.0,0.625,0.375,,0.0,0.0,0.0,,3.4,,
5473b121-6d8f-53d1-a583-95a023a93452,영역,디저트,경기 구리시 응달말로52번길 69-5 2층 영역,구리시,8경의중앙구리역 3번 출구,629,0507-1338-3298,https://www.instagram.com/cafe_yeongyeok,영역은 편안 할(영)寧 구역(역)域 편안한 구역이라는 뜻으로 각자의 영역들이 모여 우리 모두의 영역으로 함께 즐길 수 있는 공간입니다.,,,주차 불가,True,True,True,True,True,121,174,999,"내부,음식·음료,휘낭시에,라떼,아메리카노,메뉴판,동영상",0,102,0,65,0,"{""커피"": 32, ""휘낭시에"": 28, ""라떼"": 13, ""스콘"": 6, ""아메리카노"": 4, ""츄러스"": 3, ""핸드드립"": 2, ""돌체라떼"": 1, ""드립커피"": 1, ""레몬에이드"": 1, ""아이스크림"": 1, ""얼그레이"": 1, ""에이드"": 1, ""와인"": 1, ""진토닉"": 1}","{""맛"": 56, ""만족도"": 36, ""분위기"": 15, ""서비스"": 10, ""목적"": 2, ""청결도"": 1, ""배달"": 1, ""위치"": 1, ""메뉴"": 1, ""주차"": 1, ""전망"": 1}",9,2500,7000,5571.4,True,바스크 치즈 케이크 휘낭시에 영역라떼 영역 크림티 핸드드립커피 변동 아메리카노 카페라떼 수제 바닐라빈 라떼,"진한 끼리 크림치즈와 동물성 생크림으로 만든 바스크 치즈 케이크. 매장에서 직접 반죽하고 정성껏 구워내 겉은 바삭, 속은 촉촉한 풍미 가득한 휘낭시에! 진한 커피와 부드러운 엑설런트 아이스크림이 어우러진 특별한 라떼 루이보스와 아몬드를 비정제 설탕을 사용하여 액상으로 추출한 베이스 위에 크림이 올라간 음료 다양한 로스터리의 스폐셜티 등급 원두들을 소개해드립니다. 직접 만든 수제 바닐라 시럽이 더해져 풍미 깊고 부드러운 달콤함이 가득한 라떼!","카페 조용하고, 인테리어도 깔끔해서 좋습니다. 음악 듣기에도 좋고 손님들도 조용히 즐기다 가시는 것 같아요. 최근에 휘낭시에 먹어보고 맛있어서 이번에는 지인 선물할겸 포장해봤는데, 포장도 신경써서 깔끔하게 해주시네요. 조용하고 분위기 좋은 카페 찾으시면 추천 드려요. 자리 간격 넓어서 소개팅하기에도 좋습니다.
---
정말 맛있고 깔끔하고 카페도 깨끗해요!🙂
---
구리 감성 카페 1등. 젊은 사장님이신데도 커피 구력이 꽤나 되시는것같다. 커피도 맛있고 휘낭시에는 매일 직접 만드신다는데 겉바속촉 그자체다. 인테리어도 깔끔하고 사운드 빵빵한 스피커가 매장을 가득 채운다. 사장님도 너무 친절하시고 오랜만에 구리 방문해 영역 휘낭시에 다 털어갔다. 너무 맛있다.
---
영역 ❤️ 휘낭시에 맛집이에요. 요즘 일요일마다 영역 가서 휘낭시에 사서 오는게 낙이에요. 180도 5분 돌리고 먹으면 그저 극락의 맛 여러 휘낭시에 먹어봤는데 가격 맛 여기가 최고에요. 카페도 넘 이쁘더라고요 ㅎㅎ 디저트가 맛있어요+4
---
블루베리 레몬에이드 새로운 조합인데 시지 않고 맛있어요! 발로나 초코 휘낭시에 담백하니 맘에 드네요👍
---
요즘 휘낭시에 중독인데 휘낭시에가 다양해보여서 방문했어요. 츄러스 휘낭시에는 생각보다 덜 달아서 아쉽지만 고구마 크림치즈 휘낭시에가 너무 맛있어요! 매장이 넓고 쾌적해서(특히 화장실이 매우 깔끔✨) 또 올 것 같아요. 아아도 맛있었지만 언니가 시킨 듀스라떼가 짱맛이기에 다음에는 듀스라떼 시켜보려구요😙 매장이 넓어요+4
---
로투스 휘낭시에 생기고 미친듯이 먹는중이에요 ㅠㅠ 다른 휘낭시에도 맛있는데 제 원탑 로투스 .. 매주 포장해서 냉동실에 쟁이고 있습니다 👏🏻👏🏻
---
구리에 이런카페가.. 라떼다시가야지 ㅠㅠ
---
구리에서 휘낭시에 제일 맛있는 집이에요! 다른데서는 휘낭시에 못먹겠어요ㅠ 커피도 샷을 정말 쫀쫀히 잘 내리셔서 정말 맛있게 먹었어요!
---
듀스라떼 맛있어요🤎 플레인 휘낭시에 고소하네용!",점심,0.0,1.0,0.0,연인·배우자,0.25,0.75,0.0,데이트,1.8,,
fe68ba16-7d16-5c60-9e4f-926549cf29e5,,,,,,,,,,,,,False,False,False,False,False,,,,,0,0,0,0,0,{},{},0,,,,False,,,,,,,,,,,,,,,
53fd9da2-861f-5cf9-8251-e116f4a42ff8,오후,,서울 강남구 선릉로93길 17 현진빌딩 2층,강남구,2수인분당선릉역 5번 출구,169,0507-1312-3311,https://www.instagram.com/seonsuljib_ohu,"사시미,튀김,구이,탕 등 주문 즉시 조리되는 수제요리집입니다",,,주차 불가,True,True,False,True,True,223,249,999,"내부,음식·음료,치킨가라아게,연어사시미,오징어튀김,참치타다끼,메로구이,외부,메뉴판,동영상,동영상,동영상,동영상,동영상",0,0,0,0,0,"{""하이볼"": 24, ""모찌리도후"": 19, ""가라아게"": 14, ""튀김"": 12, ""떡볶이"": 11, ""맥주"": 9, ""연어"": 9, ""치킨"": 9, ""짬뽕"": 8, ""치킨가라아게"": 8, ""방어"": 7, ""새우"": 7, ""타코"": 7, ""타코와사비"": 7, ""순두부"": 6}","{""맛"": 148, ""만족도"": 139, ""분위기"": 38, ""서비스"": 38, ""예약"": 26, ""목적"": 22, ""메뉴"": 10, ""음식량"": 8, ""위치"": 7, ""가격"": 4, ""청결도"": 1, ""전망"": 1}",17,13000,59000,29400,True,방어사시미 계절메뉴(11월~2월) 광어+연어 사시미 치킨가라아게 차돌박이떡볶이 도미+광어+연어 사시미 해물떡볶이 명란크림파스타 차돌박이숙주볶음 얼큰해물짬뽕 오징어다리튀김 김치해물오뎅나베 뚝배기오뎅나베 메로구이 모찌리도후 전통방식으로 만든 모찌리도후 입니다 명란치즈계란말이,숙성시켜 만든 특별한 계란물을 이용해 체다치즈와 명란을 넣은 일본식 계란말이입니다,"방어가 가장 맛있는 계절이라 방어랑 사케 한 잔 하고 왔습니다. 선릉에서 프라이빗 룸으로 즐기는 사시미 한 상. 제철 방어는 기름기 과하지 않고 고소했고, 가지 새우살 튀김은 바삭함과 촉촉함의 균형이 딱 좋았고, 차돌 순두부 짬뽕으로 매콤하게 마무리! 사케는 차갑게. 와인효모 준마이는 부드럽고, 구보타 센쥬는 방어랑 정말 잘 어울렸습니다. 시끄럽지 않은 자리에서 천천히 먹고 마시고 싶은 날, 한번 방문해보세요. 음식이 맛있어요+1
---
늦은시간에 갔는데도 친절히 응대해주심! 음식도 맛있어서 재방문생각~ 100% !!!!!! 음식이 맛있어요+1
---
저녁에 방문예약 후 이용대기 시간 바로 입장가족모임친척・형제자매 와,,오늘 처음 방문해 본 곳인데 안주들 대박 너무 맛있어요! 아이랑 같이 갔는데도 아이도 같이 먹을 만한 음식들이 많아서 넘 좋았어요! 프라이빗한 룸이 엄청 아늑해서 편하고 좋았어요~재료도 신선하고, 푸짐하고! 넘 맛있게 먹었습니다~! 친절하신 덕분에 기분 좋게 있다가 갑니당☺️ 음식이 맛있어요+4
---
너무 맛있네요 ㅎㅎㅎ 사시미 숙성정도와 염도 너무좋았구요 ㅎㅎ 산토리생맥주진짜 시원하니 넘 맛있아요 ㅎㅎ 치킨가라아게도 느끼하지않구 맛있습니다 ㅎㅎ 추천 음식이 맛있어요+4
---
저녁에 방문예약 후 이용대기 시간 바로 입장데이트연인・배우자 최근에 갔던 이자카야중에 젤 만족하고 온 곳! 직원분들도 친절하시고 음식맛도 최고! 프라이빗룸이 있어서 좋았어요 ㅎㅎ 음식이 맛있어요+2
---
선릉역 근처 2층에 위치한 선술집 오후!! 창가자리는 통창을 열어두어서 야장 분위기 가능하고 프라이빗 룸도 있습니다 조용한 분위기라 대화하서 한 잔 하기에 좋아요 베스트 메뉴라고 적혀있던 치킨 가라아게와 신메뉴였던 베이컨크림떡볶이 먹었는데 둘 다 정말 맛있었어요 치킨 가라아게는 그동안 먹어봤던 느낌이랑 달랐는데 더 바삭바삭한 튀김옷 때문인것 같아요 다만 염지가 심한건지 튀김옷이 간이 센건지 모르겠지만 짜다고 느꼈습니다 크림떡볶이 안에는 베이컨은 물론 각종 채소들이 푸짐하게 들어가있어서 만족스러웠고 너무 느끼하지 않아서 맛있게 먹었습니다 부들부들한 밀떡도 최고였어요 음식이 맛있어요+4
---
저녁에 방문예약 후 이용대기 시간 바로 입장데이트연인・배우자 안주도 너무 맛있고 직원분들도 친절하셔서 좋았어요. 1차 2차 상관없이 방문해서 배채우고 술마시고 좋아요!!! 특히 명란파스타랑 가라아게 안주 진짜 맛있었어요 음식이 맛있어요+4
---
저녁에 방문예약 후 이용대기 시간 바로 입장데이트연인・배우자 지금 계절에만 먹을 수 있는 고등어 초회!! 매장 인테리어도 너무 아늑하고 요즘 같은 선선한 날 창문을 전체 오픈해주셔서 진짜 너~~~무 기분좋은 외식이었습니다!! 프라이빗룸도 2인부터 다수 인원이 이용할 수 있는 공간이 준비되어있어서 더 좋은 것 같아요!! 우리동네 맛집 완전 인정!!! 음식이 맛있어요+2
---
저녁에 방문예약 후 이용대기 시간 바로 입장일상친구 역삼역과 선릉역 근처 이자카야로 어디 갈까 하다가 방문했어요! 소고기 타다끼랑 고로케 주문했는데 일단 안주 맛집이에요 여기! 소고기 타다끼는 고기 잡내도 안 나고, 익힘 정도도 딱 제 스타일이었어요. 상큼한 드레싱과 야채 덕분에 다이어트 안주로도 너무 좋을 것 같아요. 고로케는 뭐 말해 뭐해 맛없없! 맥주 안주로 딱이었어요. 프라이빗 룸도 있어서 단체모임 장소로도 추천드려요 :) 음식이 맛있어요+4
---
저녁에 방문예약 후 이용대기 시간 바로 입장데이트연인・배우자 와 떡볶이 하나도 완전 맛있구 메로구이는 말로 모해 프라이빗 룸도 있어서 친구들이랑 모임이나 회식으로 가고 싶어요! 음식이 맛있어요+4",저녁,0.0,0.0,1.0,연인·배우자,0.0,0.75,0.25,데이트,1.2,,
6a8216f0-8a10-5eb9-91cc-93d166881ad1,,,,,,,,,,,,,False,False,False,False,False,,,,,0,0,0,0,0,{},{},0,,,,False,,,,,,,,,,,,,,,
ca21bac1-7b54-5d97-b22b-97fa3b8faf36,우니스,디저트,서울 구로구 구일로 130 퀸즈파크 1층 107호,구로구,1구일역 1번 출구,172,,http://pf.kakao.com/_rixjKG,- 구일역 근처 결혼식답례품이나 단체간식주문으로 인기 있는 수제쿠키 전문점입니다. 답례품쿠키는 모두 직접 구워 정성스럽게 포장해드려요 :),,,,True,True,True,True,True,192,37,,"내부,음식·음료,타르트,아메리카노",0,82,48,0,61,"{""타르트"": 67, ""에그타르트"": 63, ""쿠키"": 36, ""커피"": 35, ""라떼"": 15, ""마들렌"": 8, ""구움과자"": 7, ""르뱅쿠키"": 4, ""밀크티"": 4, ""스콘"": 4, ""휘낭시에"": 4, ""레몬마들렌"": 3, ""크림라떼"": 3, ""스모어쿠키"": 2, ""초코쿠키"": 2}","{""맛"": 153, ""만족도"": 102, ""서비스"": 49, ""목적"": 26, ""위치"": 16, ""메뉴"": 9, ""분위기"": 5, ""청결도"": 2, ""가격"": 2, ""대기시간"": 2, ""음식량"": 1}",23,1000,4500,3587.5,True,⭐우니스 에그타르트⭐ 🥰[시즌] 러브데이 쿠키❤️ 매장에 다양하게 구비되어 있습니다 :) 변동 ❤️답례세트 10종 종합❤️ ⭐BEST고메버터쿠키⭐ ⭐우니스 버터링쿠키⭐ ✔️답례세트①-A ✔️답례세트①-B ✔️답례세트①-C ✔️답례세트①-D ✔️답례세트② 변동 ✔️답례세트③ 변동 ✔️답례세트④ 변동 ✔️답례세트⑤ 변동 ✔️답례세트⑥ 변동 ✔️답례세트⑦ 변동,"우니스의 존재이유.. 말모..❤️ 파이지 반죽부터 100%수제 시그니처 에그타르트입니다:) 답례세트 10종 외 다른 원하시는 구성이 있으시면, 커스텀 제작 가능하십니다. :) 1000원~2500원까지 용량별 가격이 상이합니다. 2개입세트 맞춤구성 가능합니다:) 답례 구성품으로도, 단품으로도 우니스 인기상품 고메버터링쿠키입니다! :) [10개이상 주문가능/라벨서비스무료] 머스코바도쫀득키쿠1종+버터링쿠키+한입쏙쿠키3종 [10개이상 주문가능/라벨서비스무료] 행사 베스트 답례입니다 :) 휘낭시에+한입쏙쿠키3종 [10개이상 주문가능/라벨서비스무료] 머스코바도쫀득키쿠2종+버터링쿠키+버터쿠키(기본) [10개이상 주문가능/라벨서비스무료] 곰돌이마들렌+한입쏙쿠키3종 [라벨서비스무료] 회사, 유치원 베스트 답례입니다 :) 곰돌이마들렌(미코팅)+버터쿠키3개 [라벨서비스무료] 기업, 어린이집 베스트 답례제품입니다 :) 에그타르트+버터쿠키2개 [라벨서비스무료] 간식선물 베스트 답례입니다 :) 에그타르트+버터바1/2(or곰돌이마들렌) [라벨서비스무료] 각종 행사 최다 베스트 답례세트입니다 :) 우니스 베스트 미니쿠키 3종 [라벨서비스무료] 회서선물 베스트 답례세트입니다:) 레몬마들렌+미니쿠키2종+샤브레2개 [라벨서비스무료] 각종 행사 베스트 답례세트입니다 :) 휘낭시에2개+한입쏙3종","아이랑 종종 오는데 올때마다 친절히 맞이해주시구 또 디저트도 맛있어서 기분좋게 있다가 와요😊 마들렌, 에그타르트, 쿠키 등 다 맛나구 선물용으로도 좋아요💗 커피도 맛집이에용ㅎㅎㅎ
---
근처 카페 찾아보다가 처음 방문했는데 디저트 종류도 많고 좋은 재료 사용해서 만드시는지 버터향이 고소하고 넘 맛있었어요!🥰 답례품도 많이 하시는 것 같아서 필요할 때 여기서 하면 좋은 것 같습니다✨ 음료가 맛있어요+4
---
요주변동네에서 커피가 젤 맛있어서 생각날때 들립니다~가장 좋아하는건 르뱅쿠키인데 오늘 설날세트 포장도 너무 귀여워서 내일 본가갈때 가져가려고 샀는데 넘 맘에 듭니다…새해복 곰돌이 쿠키는 그냥 제가 갖고싶어서 사버렸네요…! 맛도 있구 포장도 넘 예뻐서 기분이 좋습니다~~^ㅅ^
---
ㅊㅓ음 방문했는데 아늑하고 친절하시고 너무 좋네요^^ 라떼 맛있어요 추천해용 타르트도 굿굿🩷 음료가 맛있어요+4
---
여기 에그타르트 선물용으로 너무 좋아요!! 카페 내부도 예뻐서 커피 마시러 오기 좋슴니다ㅏ
---
디저트류도 맛있고, 커피도 딱 밸런스 좋아요! 숨은 동네맛집 찾았어요.
---
동네에 이곳이 있어서 정말 좋아요. 동네 자랑입니다^^
---
근처 볼 일 있다가 들렸는데 너무 귀여운 쿠키와 맛있는 디저트들 한가득 있어서 행복했어요 ㅎ ㅎ 지인 선물 하려고 구디백 만들어 갑니다 답례품, 가벼운 선물로 최고 일것같아오 사장님도 너무 친절하십니다 💛
---
단체 주문 했는데 상담부터 주문, 배송까지 다 너무 친절하게 응대해주셨어요! 구움과자들도 다 맛있더라구요ㅎㅎ 선물한 분들도 좋아하셨어요~! 다음에 단체주문할 일 있으면 또 하고 싶어요! 디저트가 맛있어요+4
---
애플 시나몬 에그타르트 맛있어요! 안에 사과 알맹이도 있고 시나몬이 물리지 않게 해줘서 커피 없이 먹어도 깔끔한 맛이에용~ 추위 피할 겸 커피 없이 에그타르트만 주문하고 매장 이용했는데 사장님께서 친절하게 안내해주셔서 마음이 따듯해지네용~~ 디저트가 맛있어요+3",점심,0.0,0.9,0.1,친구,0.429,0.143,0.429,일상,1.3,,
2c984f05-381a-5e86-a67f-a8f764151381,,,,,,,,,,,,,False,False,False,False,False,,,,,0,0,0,0,0,{},{},0,,,,False,,,,,,,,,,,,,,,
5e91fe09-f503-5cb7-b8d5-eeae6b411906,서비스 이용이 제한되었습니다.,,,,,,,,,,,,False,False,False,False,False,,,,"플레이스,서비스 이용이 제한되었습니다.,과도한 접근 요청으로 서비스 이용이 제한되었습니다.,잠시 후 다시 시도해주세요.,IP: 211.192.210.178(09/Mar/2026:14:36:32 +0900),이전화면,새로고침",0,0,0,0,0,{},{},10,3200,8900,5637.5,True,올리브 치아바타 샌드위치 감자 치아바타 샌드위치 바게트 샌드위치 무화과깜빠뉴&앙밤깜빠뉴 앙버터 바게트 감자&먹물&바질 치아바타 소금버터번 2025 윤송 슈톨렌 변동,"올리브 향이 톡톡, 올리브 치아바타 샌드위치 신선한 야채와 햄치즈로 든든한 한끼",,,,,,,,,,,,,
23133070-a1fd-5055-b1ed-56f19d550657,이공오도씨,카페,서울 종로구 성균관로4길 5 1층,종로구,4혜화역 4번 출구,437,,https://www.이공오도씨.com/,[ 온라인 커피주문 사이트 오픈 ],,,주차 불가,True,True,False,True,True,334,239,999,"내부,음식·음료,티라미수,아메리카노,아인슈페너,스무디,토스트,동영상,동영상,동영상,동영상,동영상,동영상",0,144,0,0,0,"{""커피"": 71, ""티라미수"": 47, ""드립커피"": 18, ""아메리카노"": 7, ""라떼"": 6, ""핸드드립"": 6, ""치즈"": 4, ""샌드위치"": 3, ""스무디"": 3, ""아인슈페너"": 3, ""에스프레소"": 3, ""과일"": 2, ""드립백"": 2, ""에이드"": 2, ""치즈케이크"": 2}","{""맛"": 108, ""만족도"": 51, ""서비스"": 15, ""메뉴"": 10, ""분위기"": 9, ""가격"": 4, ""음식량"": 1, ""청결도"": 1}",10,4500,16000,9125,False,핸드드립 변동 티라미수 + 아메리카노 아메리카노 카페라떼 카페모카 아인슈패너 블루베리 요거트 스무디 프렌치토스트브런치 스크램블에그브런치,,"일단, 커피가 아주~ 여유있게 나옵니다. 여유있게 있으실거 아니면 테이크아웃을 해야될 거 같습니다. 그리고 에디오피아 드립을 주문했는데, 강배전을 하셨는지 생각보다 산미와 향이 많이 죽은 듯한 느낌과 다크한 맛이 너무 강했습니다. 산뜻한 맛을 예상했는데 취향에는 맞지 않았습니다. 원두는 직접 로스팅을 해서 그런지 종류는 다양하네요~ 종류가 다양해요
---
티라미스 꼭 드세요 커피도 맛있고 다 맛있어요
---
테이크 아웃시 regular는 3,000원을large는 3,500원을 받아서 저렴하고 산미있는 맛과 고소한맛을 정할 수 있습니다 직접 로스팅해서 주는 커피여서 그런지 고소하고 맛이 좋습니다 윈두 종류도 다양하고 200g에 15,000원 정도인듯 합니다 또 티라미수가 맛있다고 하는데 언제 한번 먹고 싶습니다
---
완벽한 티라미수! 디저트가 맛있어요+4
---
블루베리 요거트 스무디 주문해서 매장에서 마셨습니다~ 달달하니 당 떨어지는 지금 아주 딱 입니다^^ 예쁜 찻잔이 눈길을 끌고... 가만 귀 기울여보니 음악감상 할 만 하네요~독특한 매력이있는 곳입니다~ 다만, 매장방문 현관 쪽 유리창 너머로 주차장 뷰가 펼쳐진다는 것! 음료가 맛있어요+2
---
커피를 직접 로스터리하는 곳이고 아메리카노 테이크 아웃하면 작은 사이즈는3,000원 큰 사이즈는 3,500원입니다 맛은 고소한 맛 산미있는 맛을 고를 수 있어서 산미로 했는데 산미가 그렇게 강하지는 앉았습니다
---
사장님 한 분 + 드립커피 조합으로 어어어어어엄청 오래 걸림 거의 40분 기다림ㅋㅋㅋㅋ 태어나서 카페 메뉴를 40분 기다린건 처음인듯ㅋㅋㅋ 그래도 맛있어서 감... 커피도 커핀데 저 티라미수가 진짜 맛있음...
---
깔끔하고 친절하신데 커피를 직접 볶아 만드셔서 그런지 뭔가 더 깊은 맛이 났고 테이크아웃을 하면 1,500원을 할인해주셔서 좋았습니다 일전에 다만 시간을 맞춰갔는데도 안 열려 있는 경우가 있어서 영압시간을 다시 올려주셨으면 좋을 것 같습니다
---
종종 방문하는 아지트 같은 곳이에요!! 장점을 5개밖에 못 고른다니... ㅠㅠ 드립커피로 잘 알려진 카페지만 사실 힘을 숨긴 찐 메뉴는 블루베리 스무디에요..! 너무너무너무 맛있어요 🫐🥛 소금초콜릿 같이 주시는 것도 너무 좋아요 🤎🍫
---
사장님부부가 운영하시는 카페인데 독특합니다~ 여행다녀오신 사진을 벽면 가득 붙여놓으셔서 눈을 끄네요",저녁,0.0,0.4,0.6,혼자,0.75,0.125,0.125,일상,1.6,,
3b1581e1-7e7a-54d6-827b-1d90afa598b0,이디야커피 역삼월드점,카페,서울 강남구 역삼로52길 14 도곡프라자 1층 이디야커피 역삼월드점,강남구,수인분당한티역 7번 출구,571,,https://blog.naver.com/ediya-coffee,"Always beside you, EDIYA COFFEE 일상 속 모두에게 커피를 통한 휴식과 영감을 제공하는 이디야커피는, 대한민국의 커피 문화를 만들어가는 가장 가까운 안식처입니다.",,,주차 불가,True,False,False,False,False,197,2,,,0,92,20,0,0,"{""커피"": 7, ""라떼"": 4, ""고구마라떼"": 2, ""아메리카노"": 2, ""눈꽃빙수"": 1, ""딸기라떼"": 1, ""빙수"": 1, ""우유"": 1, ""치즈"": 1, ""치즈케이크"": 1, ""카푸치노"": 1, ""케이크"": 1, ""프레즐"": 1}","{""만족도"": 28, ""맛"": 19, ""서비스"": 13, ""음식량"": 3, ""위치"": 2, ""청결도"": 1, ""메뉴"": 1, ""분위기"": 1, ""주차"": 1, ""가격"": 1}",4,3200,4500,4025,False,카페 아메리카노 카페 라떼 토피 넛 라떼 바닐라 라떼,,"난 우리동네 이디야가 참 좋다 커피도 좋고 음료도 좋고 사장님도 친절하시고 음료가 맛있어요
---
친절합니다 대화하기 좋아요+2
---
손 빠르고 친절한 직원분 감사합니다
---
좋아요
---
동네에 있는 작은 매장이지만 깔끔하고 음료와 빵이 맛있어요 테이블 다 차있어도 조용한 분위기에 친절합니다
---
맛있고ㅡ 양도많아요
---
역삼동주변에서 주차도 편리하고 좋습니다!
---
좋아요
---
맛있고 빨리나와요오
---
맛있는메뉴가 많아요",저녁,0.1,0.4,0.5,혼자,1.0,0.0,0.0,일상,4.3,,
3418724d-f528-5d57-baba-f7cf54f6478a,서비스 이용이 제한되었습니다.,,,,,,,,,,,,False,False,False,False,False,,,,"내부,음식·음료,토피넛라떼,아메리카노,외부,동영상,동영상,동영상,동영상",0,0,0,0,0,{},{},6,,,,False,플레이스 서비스 이용이 제한되었습니다. 과도한 접근 요청으로 서비스 이용이 제한되었습니다. 잠시 후 다시 시도해주세요. 이전화면 새로고침,IP: 211.192.210.178(09/Mar/2026:14:35:35 +0900),,,,,,,,,,,,,
773028d4-39a5-5c5c-9d5d-e677152347ef,이디야커피 명지대점,카페,서울 서대문구 거북골로 35,서대문구,,,,https://blog.naver.com/ediya-coffee,"Always beside you, EDIYA COFFEE 일상 속 모두에게 커피를 통한 휴식과 영감을 제공하는 이디야커피는, 대한민국의 커피 문화를 만들어가는 가장 가까운 안식처입니다. 위생 정보 세스코 멤버스 2026.02 2027년08월 최근 통합방제 점검월",,,,True,False,False,False,False,546,27,,,0,133,49,0,0,"{""라떼"": 15, ""커피"": 15, ""연유라떼"": 5, ""토피넛라떼"": 3, ""브레드"": 2, ""아메리카노"": 2, ""카페라떼"": 2, ""고구마라떼"": 1, ""과일"": 1, ""과일차"": 1, ""달고나라떼"": 1, ""버블티"": 1, ""블루베리요거트"": 1, ""빙수"": 1, ""소금빵"": 1}","{""만족도"": 76, ""맛"": 41, ""서비스"": 11, ""분위기"": 6, ""가격"": 4, ""목적"": 4, ""청결도"": 2, ""대기시간"": 2, ""예약"": 1, ""주차"": 1}",4,3200,4500,4025,False,카페 아메리카노 카페 라떼 토피 넛 라떼 바닐라 라떼,,"친절하세요 쿠폰으로 마카다미아 쿠키를 디저트가 맛있어요+1
---
허니 브레드 생크림 짱짱 많이줘서 맛있어요 디카페인 아아도 넘 맛있습니다 디저트가 맛있어요+3
---
네이버카드로 결재시 ₩5000이상 사용시 ₩2500 네이버 포인크,머니로 캐시백
---
네이버 주문으로 포장 이용이 편리해요. 음료가 맛있어요+3
---
좋아요
---
젛아용
---
아이스커피 좋아요
---
믹스커피는 이디야가 제맛입니다
---
좋아요",아침,0.5,0.4,0.1,혼자,0.7,0.2,0.0,일상,3.1,,
3ecdab7d-b7a7-55c5-bbf1-e72cff91eb63,이디야커피 상도파크엘점,카페,서울 동작구 양녕로 220,동작구,7상도역 1번 출구,309,,https://blog.naver.com/ediya-coffee,"Always beside you, EDIYA COFFEE 일상 속 모두에게 커피를 통한 휴식과 영감을 제공하는 이디야커피는, 대한민국의 커피 문화를 만들어가는 가장 가까운 안식처입니다.",,,,True,False,False,False,False,178,4,,,0,114,0,0,0,"{""커피"": 10, ""빙수"": 3, ""계란빵"": 1, ""망고빙수"": 1, ""모짜렐라치즈"": 1, ""밀크티"": 1, ""베이글"": 1, ""블루베리스무디"": 1, ""수박주스"": 1, ""스무디"": 1, ""스콘"": 1, ""옥수수"": 1, ""우롱티"": 1, ""우유"": 1, ""주먹밥"": 1}","{""맛"": 24, ""만족도"": 22, ""서비스"": 10, ""위치"": 3, ""청결도"": 2, ""메뉴"": 2, ""목적"": 2, ""분위기"": 1, ""가격"": 1, ""대기시간"": 1}",4,3200,4500,4025,False,카페 아메리카노 카페 라떼 토피 넛 라떼 바닐라 라떼,,"굿굿👍
---
조용하고쾌적해서 좋네요
---
👍🏻
---
점심식사로 매콤로제주먹밥이랑 수건 크레이프 케이크 먹었는데 맛이 괜찮아요. 주먹밥 살짝 매콤하고, 속에 모짜렐라 치즈 들어있어요. 수건 케이크 크림은 고소하고, 속에 딸기쨈은 너무 달지 않아 좋았어요. 가성비 굿~ 밖은 영하날씨라 추웠지만 카페안은 따뜻해서 디카페인 아아 마셨는데 함께 주문한 디저트랑 잘 어울려요! 사장님도 친절하고, 좌석도 편해 좋은데 화장실이 살짝 아쉬워요. 화장지도 들고 가야하고, 새건물이라 깨끗하긴한데 비누가 없네요. 그래도 이디야커피 상도파크엘점 내부는 쾌적해서 맘에 듭니다. :)
---
초당옥수수에 빠져 3일 연속 먹음 알바생이 만들때는 옥수수를 해동을 했는지 딱 좋았는데, 직원분이 만들때는 식감이 너무 차갑고 안익은 (?) 옥수수인 느낌 ...
---
좋아요
---
#바닐라오트콜드브루 당은 적게 먹고싶고 달달한게 먹고 싶을 때 먹기 좋은 커피! 이디야가 은근 커피 맛이 좋은거 같아요 ㅎㅎ 가격이 좀 더 저렴했으면 좋겠어요~
---
바닐라오트콜드브루 젤맛나용 아기들먹는 뽀로로음료도 종류많아서 키즈카페 갔다가 들리기 좋아요
---
아파트 바로 앞 이라 좋네요. 이디야 기본 맛 좋어용",점심,0.1,0.6,0.3,혼자,0.5,0.25,0.25,일상,1.6,,
d3d93a42-c4cc-5876-bed9-72f6ad2d2c0e,이디야커피 신창점,카페,서울 도봉구 덕릉로 235 1층 이디야,도봉구,,,,https://blog.naver.com/ediya-coffee,,,,,True,False,True,False,False,757,14,,"플레이스,서비스 이용이 제한되었습니다.,과도한 접근 요청으로 서비스 이용이 제한되었습니다.,잠시 후 다시 시도해주세요.,IP: 211.192.210.178(09/Mar/2026:14:35:12 +0900),이전화면,새로고침",0,0,0,0,0,{},{},108,2800,15200,4697.4,True,배달우리 매장은 배달 주문이 가능합니다 대표메뉴 ICED 아메리카노 허니 카라멜 브레드 ICED 바닐라 라떼 딸기 듬뿍 라떼 아망추(복숭아) 신제품 HOT 거문도쑥 라떼 ICED 거문도쑥 라떼 ICED 저당 문경오미자 에이드 HOT 저당 하동매실 그린티 ICED 저당 하동매실 그린티 커피 HOT 아메리카노 ICED 아메리카노 HOT 시그니처 라떼 ICED 시그니처 라떼 HOT 헤이즐넛 아메리카노 펼쳐서 더보기 디카페인 디카페인 HOT 아메리카노 디카페인 ICED 아메리카노 디카페인 HOT 헤이즐넛 아메리카노 디카페인 ICED 헤이즐넛 아메리카노 디카페인 꿀화이트 아메리카노 펼쳐서 더보기 아이스티 아샷추 복숭아 제로슈가 아샷추 복숭아 아망추(복숭아) 복숭아 아이스티 제로슈가 아이스티 복숭아 펼쳐서 더보기 베이커리 저당 제육 단백브리또 저당 찜닭 단백브리또 스위트칠리 킬바사 핫도그 콘마요 킬바사 핫도그 대파베이컨 크림치즈 베이글 펼쳐서 더보기 디저트&기타 딸기쏙쏙 모찌떡 딸기크림치즈 쫀득빵 초코생크림 조각케익 수플레 치즈 조각케익 치즈 고유의 부드러움과 촉촉함이 살아있는 케이크 데블스 초코 조각케익 진한 초콜릿과 코코아 시트로 만든 초콜릿 케이크 펼쳐서 더보기 논커피 치즈폼 딸기라떼 딸기 듬뿍 라떼 ICED 딸기 초코 라떼 HOT 말차 라떼 ICED 말차 라떼 펼쳐서 더보기 주스 딸기 주스 망고 주스 블루베리 주스 딸기바나나 주스 망고바나나 주스 펼쳐서 더보기 블렌디드 망고 플랫치노 꿀복숭아 플랫치노 유자몽 플랫치노 초콜릿 칩 플랫치노 민트 초콜릿 칩 플랫치노 펼쳐서 더보기 티 HOT 딸기감귤티 ICED 딸기감귤티 딸기자두 요구르트 살얼음 식혜 HOT 루이보스 펼쳐서 더보기 에이드 자몽포멜로 에이드 머스캣모히또 에이드 꿀복숭아 에이드 샹그리아 에이드 감귤레몬 에이드 병음료 이디야 프루츠 스파클링 사과 이디야 프루츠 스파클링 복숭아 이디야 프루츠 스파클링 체리 이디야 콤부차 청포도레몬 이디야 콤부차 복숭아망고 펼쳐서 더보기 스낵 미니 코코 크런치 미니 말차 크런치 크리미피넛 감자쿠키(12개입) 크리미초코 감자쿠키(12개입) 이디야 제로슈가 쿠키 스윗오트 펼쳐서 더보기 스틱커피 더 진한 제주 말차 라떼(10T) 더 진한 솔티드 카라멜 라떼(10T) 스페셜 골드블렌드 커피믹스(30T) 스페셜 골드블렌드 커피믹스(100T) 스페셜 아로마블렌드 헤이즐넛향 커피믹스(30T) 펼쳐서 더보기 MD 과육이 살아있는 제주 레몬차(10T) 통생강을 갈아넣은 제주 생강차(10T),"더 커지고 더 깊어졌다. 구운 견과류의 고소한 향미와 다크초콜렛의 Bitter sweet 깊고 깔끔한 애프터테이스트가 특징인 이디야의 대표 음료/고카페인함유(어린이,임산부,카페인 민감자는 섭취에 주의해주시기 바랍니다) 은은한 시나몬과 진한 카라멜 코팅이 된 허니브레드에 휘핑크림을 더해 한결 부드러워진 맛의 허니브레드 부드러운 라떼에 은은한 바닐라 향이 더해져 더욱 달콤하게 즐길 수 있는 음료/고카페인함유(어린이,임산부,카페인 민감자는 섭취에 주의해주시기 바랍니다) (Only ICED)달콤한 딸기의 식감과 상큼함을 듬뿍 담은 딸기 라떼 (Only ICED)홍차의 깊은 맛과 풍부한 복숭아 향이 어우러진 아이스티에 달콤한 망고가 올라가 더욱 달콤하게 즐길 수 있는 음료 거문도의 해풍을 맞고 자란 봄 제철 쑥을 활용하여 쌉쌀한 맛과 달콤한 플로팅크림의 조화를 담은 음료 거문도의 해풍을 맞고 자란 봄 제철 쑥을 활용하여 쌉쌀한 맛과 달콤한 플로팅크림의 조화를 담은 음료 문경 오미자를 활용하여 봄에 어울리는 화사한 색감과 청량감을 담은 저당 에이드/대체당(에리스리톨 등)은 개인의 체질에 따라 과다 섭취 시 복통 및 설사 등을 유발할 수 있습니다. 하동 매실의 상큼한 풍미를 살리고 저당으로 깔끔함을 더한 리프레싱 티 음료/대체당(에리스리톨 등)은 개인의 체질에 따라 과다 섭취 시 복통 및 설사 등을 유발할 수 있습니다. 하동 매실의 상큼한 풍미를 살리고 저당으로 깔끔함을 더한 리프레싱 티 음료/대체당(에리스리톨 등)은 개인의 체질에 따라 과다 섭취 시 복통 및 설사 등을 유발할 수 있습니다. 더 커지고 더 깊어졌다. 구운 견과류의 고소한 향미와 다크초콜렛의 Bitter sweet 깊고 깔끔한 애프터테이스트가 특징인 이디야의 대표 음료/고카페인함유(어린이,임산부,카페인 민감자는 섭취에 주의해주시기 바랍니다) 더 커지고 더 깊어졌다. 구운 견과류의 고소한 향미와 다크초콜렛의 Bitter sweet 깊고 깔끔한 애프터테이스트가 특징인 이디야의 대표 음료/고카페인함유(어린이,임산부,카페인 민감자는 섭취에 주의해주시기 바랍니다) 생크림이 함유되어 부드럽고 풍부한 시그니처밀크와 진하고 고소한 에스프레소가 조화를 이뤄 깊고 고소한 맛을 선사하는 라떼/고카페인함유(어린이,임산부,카페인 민감자는 섭취에 주의해주시기 바랍니다) 생크림이 함유되어 부드럽고 풍부한 시그니처밀크와 진하고 고소한 에스프레소가 조화를 이뤄 깊고 고소한 맛을 선사하는 라떼/고카페인함유(어린이,임산부,카페인 민감자는 섭취에 주의해주시기 바랍니다) 헤이즐넛 파우더를 더해 부드럽고 고소한 너트향의 풍성한 여운을 더한 아메리카노/고카페인함유(어린이,임산부,카페인 민감자는 섭취에 주의해주시기 바랍니다) 풍부한 향미와 진한 단맛을 중심으로 긴 여운의 밸런스가 좋은 디카페인 아메리카노 풍부한 향미와 진한 단맛을 중심으로 긴 여운의 밸런스가 좋은 디카페인 아메리카노 헤이즐넛 파우더를 더해 부드럽고 고소한 너트향의 풍성한 여운을 더한 디카페인 아메리카노 헤이즐넛 파우더를 더해 부드럽고 고소한 너트향의 풍성한 여운을 더한 디카페인 아메리카노 (Only ICED)향긋한 사양 벌꿀과 부드럽고 풍부한 시그니처 밀크, 디카페인 에스프레소의 완벽한 조화를 느낄 수 있는 음료 (Only ICED)홍차의 깊은 맛과 풍부한 복숭아 향이 어우러진 아이스티에 이디야 에스프레소가 어우러진 음료/고카페인함유(어린이,임산부,카페인 민감자는 섭취에 주의해주시기 바랍니다) (Only ICED)홍차의 깊은 맛과 풍부한 복숭아 향이 어우러진 제로 슈가 아이스티에 이디야 에스프레소가 어우러진 음료/대체당(에리스리톨 등)은 개인의 체질에 따라 과다 섭취 시 복통 및 설사 등을 유발할 수 있습니다. (어린이,임산부,카페인 민감자는 섭취에 주의해주시기 바랍니다) (Only ICED)홍차의 깊은 맛과 풍부한 복숭아 향이 어우러진 아이스티에 달콤한 망고가 올라가 더욱 달콤하게 즐길 수 있는 음료 (Only ICED)홍차의 깊은 맛과 풍부한 복숭아 향이 어우러진 달콤한 여름철 인기 음료 (Only ICED)홍차의 깊은 맛과 풍부한 복숭아 향이 어우러진 아이스티를 제로 슈가로 즐길 수 있는 음료//대체당(에리스리톨 등)은 개인의 체질에 따라 과다 섭취 시 복통 및 설사 등을 유발할 수 있습니다. 매콤 달콤한 저당 제육 소스로 건강하게 즐길 수 있는 브리또 매콤하고 감칠맛이 특징인 저당 찜닭 소스로 건강하게 즐길 수 있는 브리또 육즙이 살아있는 킬바사 소시지에 렐리쉬, 스위트칠리 소스가 토핑되어 달콤하면서도 매콤한 맛의 핫도그 육즙이 살아있는 킬바사 소시지에 고소한 콘마요가 토핑되어 조화로운 맛이 인상적인 핫도그 치즈가 토핑된 베이글에 대파에 베이컨이 들어간 크림치즈를 발라서 부드럽고 깔끔한 맛으로 음료와 잘 어울리는 제품 딸기의 달콤한 풍미를 살리고 쫀득한 떡 식감과 오독오독한 화이트 초콜릿 코팅이 어우러져 씹는 재미가 있는 제품 쫀득한 빵 속에 상큼한 딸기 크림치즈 필링이 가득 차갑게 먹을수록 쫀득한 식감이 더욱 살아나는 제품 진한 초콜릿 생크림으로 달콤하고 고소한 초콜릿의 맛이 특징인 조각케익 상큼한 딸기라떼에 부드럽고 고소한 치즈 폼을 올려 달콤하게 즐길 수 있는 음료(프로바이오틱스 함유) (Only ICED)달콤한 딸기의 식감과 상큼함을 듬뿍 담은 딸기 라떼 (Only ICED)달콤한 딸기와 진한 초콜릿이 어우러진 부드럽고 달콤한 라떼 진한 말차의 깊은 풍미와 부드러운 우유가 어우러진 달콤쌉쌀한 음료 진한 말차의 깊은 풍미와 부드러운 우유가 어우러진 달콤쌉쌀한 음료 새콤달콤한 딸기 과육을 그대로 담아, 딸기 본연의 풍미를 즐길 수 있는 과일 스무디 부드럽고 진한 달콤함이 살아있는, 망고 본연의 풍미를 즐길 수 있는 과일 스무디 향긋하고 상큼한 블루베리의 맛을 그대로 담아낸 과일 스무디 딸기의 새콤달콤함과 바나나의 부드러운 달콤함이 어우러진 과일 스무디 진한 망고의 풍미에 바나나의 부드러움을 더한 달콤한 과일 스무디 (Only ICED)열대과일인 망고의 달콤하고 진한 맛을 그대로 담아낸 여름철 인기 메뉴 (Only ICED)복숭아의 리얼한 풍미와 꿀의 달콤함이 최적의 조화를 이룬 달콤하고 시원한 플랫치노 상큼한 유자와 자몽이 어우러져 청량하고 시트러스한 맛을 즐길 수 있는 플랫치노 (Only ICED)트리플 모카시럽에 초콜릿이 더해져 씹는 재미가 있는 달콤한 플랫치노 (Only ICED)진한 민트향이 더해진 초코렛에 초콜렛칩이 가득 들어있는 젊은 감성의 이디야 플랫치노 딸기와 감귤이 달콤, 상큼하게 조화된 맛에 가볍게 즐길 수 있는 음료 딸기와 감귤이 달콤, 상큼하게 조화된 맛에 가볍게 즐길 수 있는 음료 달콤한 딸기와 상큼한 요구르트의 조합에 건강하게 즐길 수 있는 리프레쉬 티 음료(프로바이오틱스 함유) (Only ICED)밥알이 씹히는 정성 가득한 식혜에 살얼음을 띄워 더욱 시원하게 즐길 수 있는 메뉴 복숭아 한 조각을 베어 문 잔향이 입안에 남는 맑은 수색의 루이보스 티(카페인 無) (Only ICED)싱그러운 포멜로와 자몽의 상큼함을 즐길 수 있는 청량한 에이드 (Only ICED)샤인머스캣의 달콤함과 향긋한 민트향을 동시에 즐길 수 있는 상큼한 에이드 (Only ICED)복숭아의 리얼한 풍미와 꿀의 달콤함이 최적의 조화를 이룬 달콤하고 시원한 에이드 (Only ICED)다양한 과일에 와인베이스를 더해 다채롭고 풍성한 맛을 진하게 즐길 수 있는 논알콜 에이드 (Only ICED)레몬의 상큼함과 감귤의 달달함을 더욱 즐길 수 있는 달달한 에이드 상큼한 사과 풍미에 식이섬유를 더해 가볍고 청량하고 즐길 수 있는 저당 기능성 탄산음료 은은한 복숭아 향과 비오틴을 함유해 일상 속 부담 없이 마실 수 있는 저당 기능성 탄산음료 체리맛에 테아닌을 더해 일상을 환기할 수 있는 저당 기능성 탄산음료 새콤하고 톡쏘는 맛의 발효 콤부차에 이디야의 노하우로 만든 청포도레몬 티베이스를 블렌딩한 발효 음료(프로바이오틱스 함유) 새콤하고 톡쏘는 맛의 발효 콤부차에 이디야의 노하우로 만든 복숭아망고 티베이스를 블렌딩한 발효 음료(프로바이오틱스 함유) 초코 과자의 바삭함과 달콤한 크림이 어우러져 한 입에 즐거움을 느낄 수 있는 제품 현미 과자의 바삭함과 달콤한 말차 크림이 어우러져 한 입에 즐거움을 느낄 수 있는 제품 슬림한 감자 크래커에 달달하고 고소한 피넛 크림이 샌딩되어 있는 디저트 쿠키 스낵 슬림한 감자 크래커에 달콤한 초콜릿이 샌딩되어 있는 디저트 쿠키 스낵 단단하고 바삭한 질감에 달지 않고 담백한 맛의 오트 쿠키 말차 함량을 강화해 제주산 말차의 쌉쌉하고 고소한 여운을 그대로 즐길 수 있는 제품(10T) 카라멜 함량을 강화해 카라멜의 달콤함과 히말라야 솔트의 밸런스를 즐길 수 있는 제품(10T) 무지방 우유가 함유된 크리머를 사용하여 깔끔한 끝맛과 라떼와 같은 부드러움을 느낄 수 있는 커피믹스(30T) 무지방 우유가 함유된 크리머를 사용하여 깔끔한 끝맛과 라떼와 같은 부드러움을 느낄 수 있는 커피믹스(100T) 이디야 전용 라떼 크리머로 부드러움과 향을 살린 고소하고 은은한 헤이즐넛향 커피믹스(30T) 100% 제주산 레몬을 갈아 넣어, 과육이 살아있는 상큼한 레몬차(20g/T) 100% 제주산 생강을 갈아 넣어, 깊고 진한 풍미가 살아있는 생강차(20g/T)",,,,,,,,,,,,,
1bcadb3b-2785-5025-a050-e86ff1b5c69f,이디야커피 종로이화동점,카페,서울 종로구 낙산성곽서1길 10,종로구,14동대문역 1번 출구,821,,https://blog.naver.com/ediya-coffee,,,,,True,False,False,False,False,127,19,,"플레이스,서비스 이용이 제한되었습니다.,과도한 접근 요청으로 서비스 이용이 제한되었습니다.,잠시 후 다시 시도해주세요.,IP: 211.192.210.178(09/Mar/2026:14:26:15 +0900),이전화면,새로고침",0,77,0,0,0,"{""커피"": 24, ""라떼"": 3, ""아메리카노"": 2, ""복숭아아이스티"": 1, ""수박주스"": 1, ""아이스크림"": 1, ""아이스티"": 1, ""우유"": 1, ""쥬스"": 1, ""카스테라"": 1, ""크림라떼"": 1}","{""만족도"": 57, ""서비스"": 29, ""맛"": 23, ""전망"": 9, ""분위기"": 7, ""청결도"": 2, ""위치"": 2}",4,3200,4500,4025,False,카페 아메리카노 카페 라떼 토피 넛 라떼 바닐라 라떼,,"낙산공원에 위치한 이디야~ 확트인 공간에 깔끔한 인테리어가 돋보이는 카페 외국인이 많은 동네라 영어가 기본인 동네~ 사장님이 친절하신데 영어를 어찌나 유창하게 하시던지 기분좋은 힐링 공간 잘 즐기다 갑니다~!!
---
낙산 성곽길을 따라 자리한 이디야 종로 이화동점에서 잠시 추위를 녹이는 시간을 가졌습니다. 이곳의 가장 큰 매력은 단연 압도적인 뷰입니다. 서쪽을 향하고 있어, 해 질 녘에 찾아온다면 분명 눈부신 노을을 마주할 수 있으리라는 확신이 들었습니다. 오랜만에 주문한 따뜻한 아메리카노는 차가워진 몸을 녹이는 데 큰 도움이 됐습니다. 맛을 논하기에는 사실 큰 의미가 없습니다. 이곳에서는 그 어떤 뛰어난 스페셜티 커피를 앞에 두어도 시큰둥할 것만 같습니다. 풍경이 워낙 빼어나기에, 미각보다 시각이 호강하는 곳이기 때문입니다. 커피는 그저 훌륭한 조연일 뿐이지요. 따뜻한 커피 한 잔을 앞에 두고, 밖의 아름다운 풍경에 시선을 맡긴 채 잠시 망중한에 빠져봅니다. 눈이 즐거운 것만으로도 충분히 감사한 휴식이었습니다.
---
낙산. 펄슈가 카스테라 3100 아메 3200 따뜻하고 달달한 빵에 커피한잔. 좋다. 이른아침. 볕도 잘들다. 주변 아기자기.
---
혜화문ㅡ흥인지문 한양도성길 걷다,이화마을 근처에 우연히 들어온 이디야^^ 조명.음악.분위기.가성비 너무 좋네요! 왼쪽으로는 성벽길 조명 들어와서 예쁘고,루프탑 강추입니당.사장님이 루프탑까지 음료 갖다주시고 너무 친절하세요! 가성비가 좋아요+4
---
10월 중순 평일 점심식사후 방문 낙산공원 쪽 성곽길을 따라 올라가다 갈증이 나서 산책 중 우연히 들렸어요 뷰가 좋아 2층 테라스에서 성곽길이나 도시 풍경을 바라보며 커피 마시는 경험이 꽤 인상적이였어요 직원분 매우 친절해요 걷기 중간 쉼으로 적합했어요
---
성곽길 걷다가 들어왔는데 뷰가 멋져서 인상적입니다
---
오랜만에다시왔어요 ㅎㅎ 커피정말 맛있고 루프탑있어 시원해요 뷰 너무좋음 사장님 정말 친절하심 자주 오겠습니다 감사합니다^^
---
뷰는 서울 최고아닐까 디저트가 맛있어요
---
맛있어요 친절해요 뷰가 좋아요
---
뷰도 좋고 사계절 다 좋아서 정말 추천하는 곳이에요.",점심,0.2,0.4,0.4,지인·동료,0.333,0.333,0.0,일상,1.5,,
d9e567c3-e76a-50b7-988c-d02bf5c815bd,이스트빌커피,디저트,경기 고양시 덕양구 중앙로176번길 10 1층,고양시,경의중앙한국항공대역 1번 출구,271,0507-1333-6692,,,,,,True,True,True,True,False,11,2,,"이전 페이지,이스트빌커피,페이지 닫기,이미지 갯수,+128,이스트빌커피카페,디저트,알림받기,방문자 리뷰 11블로그 리뷰 2,매장부터 테이크아웃까지 완벽한 한 잔,출발,도착,저장,거리뷰,공유,홈,소식,리뷰,사진,정보,내부,음식·음료,외부,동영상",0,0,0,0,0,{},{},7,,,,False,이전 페이지 플레이스 페이지 닫기 서비스 이용이 제한되었습니다. 과도한 접근 요청으로 서비스 이용이 제한되었습니다. 잠시 후 다시 시도해주세요. 이전화면새로고침,IP: 211.192.210.178(2026.03.09 14:29:26),,,,,,,,,,,,"조용한 동네에 작은 카페가 생겼어요. 서울 근교, 지하철역(화전항공대)이 가깝고 항공대학교, 초등학교, 특성화 중학교까지 있는데도 문화시설이나 편의시설이 거의 없는 동네입니다. 서울근처, 주변은 다 개발되는데 여긴 왜 조용하지?! 라고 의문을 가질 수도 있겠지만, 이 동네에 나고 자란 나로써는 할아버지때부터 언젠가는 개발된다는 소문만 무성하고, 느리지만 조금씩 발전되어가는 모습을 경험하긴 했다. 그만큼 동네에 새로 무언가 들어오면 관심이 생길 뿐 ^^ 더군다나 내가 즐겨다니는 카페가 새로 생긴다니, 편의점 하나 생겼을 때도 얼마나 반가웠는지 몰라요. 야채나 신선한 과일을 사려면 차를 끌고 대형마트에 다녀와야하는 동네 어르신들은 야채차 아저씨를 기다렸다가 장을 보는 동네. 주차하기도 어려운 동네이지만, 난 이 동네가 정겹고 좋다! 이런 조용한 동네에, 작고 예쁜 카페가 하나 생겼으니~ 동네사람들 관심은 한몸에 받겠죠?! 이스트빌커피. 아직 오픈한 지 일주일밖에 안 돼서 그런지 인터넷에도 정보가 거의 없더라고요^^ 내부는 오픈형 2층입니다. 가끔 퇴근길 2층에 불이 켜있길래. 2층은 집인 줄 일았어요~ ㅎㅎㅎ ( Tip. 2층은 테이블 2개 8명 좌석입니다) 1층은 음료주문하는 곳과 몇개 테이블로 구성되어있어요~ 제일 안쪽 테이블은 요런 구성이예요~ 반대쪽에도 의자를 놓을 수 있는 공간이 있었으몀 좋았을 것 같은데 살짝 아쉬운 감이 있지만, 단체손님이 많지 않을거라 괜찮지 않을까요??? 이 카페의 사장님은 마곡역 주변에서 카페를 운영하시다, 우리 동네에 새롭게 자리를 잡으셨어요. 손님과 이야기 나누시는 걸 얼핏 들었는데, 커피를 배우러 미국까지 유학을 다녀오셨다고 하는 걸보니 커피에 진심인 분 같았어요. 날씨 좋은 날, 카페 창이 활짝 열려 있어서 그 분위기가 참 좋았어요. 카페에 조용히 앉아 창밖을 바라보고 있노라니, 머리 히끗한 친근한 동네 어르신들, 중학교 끝나고 지나가는 아이들의 하하호호 웃음소리, 그리고 사장님께 “안녕하세요~!” 크게 인사하는 초등학교 아이들까지. 참 정겹고 따뜻했어요. 아직 우리 동네 아이들은, 순수한가 봐요. 이스트빌커피에는 커피나 음료 외 에그타르트를 맛보실 수 있습니다. 손님의 발길이 많아지면 케잌도 생기겠죠?! 요즘 인스타보니 베이커리 열심히 준비중이신거 같은데 기대할게요~^^ 시원한 아이스 아메리카노를 주문해서 2층으로 올라갔어요. 별다를 것 없어보이는 하루같지만 나에겐 소소하지만 특별한 하루였답니다....
---
항공대역 근처 조용한 힐링 공간 이스트빌커피 고양시 카페 이스트빌커피 영업시간 오전 10:00 ~ 오후 18:00 매주 일요일 정기 휴무 이스트빌커피 인스타그램 @eastvill_coffee 화전역 카페 이스트빌커피 위치 주소 : 경기도 고양시 덕양구 화전동 574-6 주차 가능(무료) 화장실 카페 내부 위치 포장 / 배달 가능 반려견 동반 가능 경의중앙선 항공대 역에서 나와 덕양중학교 방향으로 걷다 보면 예쁜 하얀색 단독주택 같은 이스트빌커피 가 나온다~ 새로 지어진 하얀색 건물이 너무나 예쁘다~ 이스트빌커피 주차는 카페 앞 공간에 하면 된다 고양시 감성 카페 이스트빌커피 내부 공간 카페 문을 열고 들어서면~ 햇살이 너무나 예쁘게 들어오는 오픈형 복층 공간이 나온다 오후 시간대라서 그런지 살짝 넘어가는 햇살이 카페 창문 안으로 예쁘게 들어온다 카페 제일 안쪽에는 이렇게 살짝 숨어 있을 수 있는 히든 공간이 나온다 아래에는 콘센트가 있어서 오래 머물며 노트북 작업을 해야 하는 사람들에게 베스트 공간이 아닐까 싶다. 통창 하나당 테이블이 하나씩 놓여 있다. 앞뒤 간격도 적당해서 사람이 많아도 불편하지 않을 것 같다. 카페 출입문 앞에는 사장님 공간 및 카운터가 위치하고 있다. 그 앞에는 웨이팅 공간~ 테이크아웃 하는 사람들은 여기서 기다리면 될 것 같다. 진한 커피를 못 마시는 사람들을 위한 사장님의 배려 큰 컵이 무료! 복층으로 올라가면~ 1층 카페가 훤~히 보이는 아지트 같은 공간이 나온다 복층에서 1층을 바라보면 천장에 달린 조명이 꼭 밤하늘의 별처럼 보인다 복층 공간에도 벽 쪽에 콘센트가 있다 고양시 카페 이스트빌커피 메뉴 고양시 카페 이스트빌커피의 메뉴는 시그니처 커피와 커피 에이드, 논커피, 프라푸치노로 구성되어 있다! 아메리카노 커피 가격이 3,000원이다.. 엄청 저렴~! 아메리카노 커피의 맛은 산미 없는 진하고 고소한 맛~! 심지어 사장님이 직접 가져다주신다 함께 마신 레몬에이드~ 달콤 상큼 한 맛! 카페인 과다 일 때 잠시 쉬어 가는 음료 고양시 감성 카페 이스트빌커피 감성적이고 편하게 쉬기 너무 좋은 내부 공간과 저렴한 커피와 음료의 가격이 장점이 카페이다 뭔가 살짝 숨어 있는 기분이 드는 나만 알고 싶은 카페 이스트빌커피 힐링공간이 필요하거나 집중할 공간이 필요한 사람에게 강추~! 한다.",22
a1295e0d-3935-54e1-a9c7-4a1d3f0daa08,일립스,,서울 마포구 마포대로 52,마포구,5마포역 3번 출구,123,,,,,,,False,False,False,False,False,,,,"이전 페이지,일립스,페이지 닫기,거리뷰,일립스기업,블로그 리뷰 1,출발,도착,저장,거리뷰,공유,홈,리뷰,사진",0,0,0,0,0,{},{},41,24,24,24,False,"이전 페이지 일립스 페이지 닫기 거리뷰 일립스기업 블로그 리뷰 1 출발 도착 저장 거리뷰 공유 홈 리뷰 주소 서울 마포구 마포대로 52 5마포역 3번 출구에서 123m 미터 영업시간 정보 수정 영업시간 수정 제안하기 추가 이 장소의 관리자라면, 무료로 직접 관리하세요! 권한 받기 방문자 리뷰 방문 키워드 통계 그래프 예시입니다. 현재 0명 참여 10명 이상 참여하면 방문 키워드 통계가 공개됩니다! 아직 등록된 리뷰가 없습니다. 첫 리뷰를 작성해보세요! 블로그 리뷰1 라노랑 까까랑 얼레리 꼴레리~ 얼레리 꼴레리~ 마스크 대체품으로 일립스마스크 구매 후기~ 20.3.3.화 2020년 3월 3일 화요일 이미지 수 로딩중 알고 계신 정보와 다른 정보가 있나요? 사진으로 간단하게 제보해 주세요. 정보 수정 제안하기","마스크!!!!! 없어요 인제 30개밖에 안남았는데 어쩔꺼냐ㅜㅜㅜㅜ !!!!! 비러머글 머글..머글.. 내 외국인 친구들이 다 나 괜찮냐고 연락이 온다.. 니들도 조심해라 이건 한국뿐이 아니여 이제...ㅜㅜㅜㅜㅜ 시끄러운 코로나가 줄어들 생각은 안하고 내 마스크만 계속 쓰니 줄어들고.. 한집에 식구가 4인데 일안가냐고.. 하..ㅜㅜ 그래서 마스크 대체품을 찾다가 엠마 또 등장하는 그녀♥ 엠마티처의 정보로 재빠르게 싼가격에 get한 일립스 마스크~~~ 오예!!!! 그래서 준비한 포스팅!!! 내가 직접 일주일간 써보고 외출도 하고 내돈주고 쓰는 포스팅입니다. 왜냐면 진심 좋아요 강력추천~~~ GVS elipse 일립스 마스크라는 것입니다. 현재 인터넷 최저가 38,500원입니다. 이글 쓸때는 주문해논 상태라 엠마쌤이 보내준 사진만 보고 가늠이 안되었는데 직접 보니 더 좋은게야ㅋㅋㅋㅋ 일단 저는 관계자 아닙니다!! 카드 지문인증으로 산 일개미입니다. 아니지..지금은 백수..ㅜㅜ 어쨌든 솔직후기♥ 일단 겉모습은 이렇게 생겼어요!!! 사진상으로 크기가 가늠이 안되는데 생각보다 작아요!!! 앞 툭 튀 스타일입니다 사이즈는 사이트가보시면 두가지가 있습니다 S/M과 M/L 요렇게요~~ 근데 후기보니 전투모 58호 쓰시는 남자분께서 M/L사이즈가 크다고 하시더라고요 제가 아빠 라노등 남자사람들에게 다 씌어본 결과 한국인은 그냥 S/M 사이즈면 충분할 것 같습니다~^^ 코로나 바이러스 마스크 대체품을 찾으신다면 일립스 마스크 S/M사이즈로 추천드려요!! 안쪽에 보이시듯이 구멍 세개가 있습니다. 앞쪽이 옆처럼 막혀있지 않아서 말소리가 전달되는데 kf 94 마스크처럼 얇지 않아 크게 전달되지 않아요ㅜㅜ 시끄러운 곳에서는 의사소통 힘들거예요 백프로 이게 가장 큰 단점인데, 난 누구와도 소통하지 않을것이기에ㅋㅋㅋㅋ Safe가 더 중요함 그리고 양 옆에는 필터기가 있습니다!! 저 이 대용품쓰고 세차장도 가고 이마트도 가고 코스트코, 아울렛, 동네마트, 빵집 다 돌아다녔는데!!!! 개짱편해요..,진심♥ 쓰는 순간 공기질의 다름을 느낄 수 있구요 마스크랑 차원이 다른게 입과 피부에 붙지 않으니 너무나 편한것 귀도 안아프고 짱좋♥ 그 어떤 구린내도 나지 않아요 이 필터가 진짜 다 막아줍니다 신기방기한 아이!!!! 더이상 코로나로 걱정 안해도되고 마스크때문에 노심초사 안해도 되요ㅋㅋㅋ 마스크 대체품으로 일립스 마스크있으면 필터당 2개월사용이니 일회용 마스크 2달치 사는것 보다 훨씬 저렴이♥ 마스크 1500원에 살 수 있다고 치면 1500원 × 60일...",,,,,,,,,,,,"마스크!!!!! 없어요 인제 30개밖에 안남았는데 어쩔꺼냐ㅜㅜㅜㅜ !!!!! 비러머글 머글..머글.. 내 외국인 친구들이 다 나 괜찮냐고 연락이 온다.. 니들도 조심해라 이건 한국뿐이 아니여 이제...ㅜㅜㅜㅜㅜ 시끄러운 코로나가 줄어들 생각은 안하고 내 마스크만 계속 쓰니 줄어들고.. 한집에 식구가 4인데 일안가냐고.. 하..ㅜㅜ 그래서 마스크 대체품을 찾다가 엠마 또 등장하는 그녀♥ 엠마티처의 정보로 재빠르게 싼가격에 get한 일립스 마스크~~~ 오예!!!! 그래서 준비한 포스팅!!! 내가 직접 일주일간 써보고 외출도 하고 내돈주고 쓰는 포스팅입니다. 왜냐면 진심 좋아요 강력추천~~~ GVS elipse 일립스 마스크라는 것입니다. 현재 인터넷 최저가 38,500원입니다. 이글 쓸때는 주문해논 상태라 엠마쌤이 보내준 사진만 보고 가늠이 안되었는데 직접 보니 더 좋은게야ㅋㅋㅋㅋ 일단 저는 관계자 아닙니다!! 카드 지문인증으로 산 일개미입니다. 아니지..지금은 백수..ㅜㅜ 어쨌든 솔직후기♥ 일단 겉모습은 이렇게 생겼어요!!! 사진상으로 크기가 가늠이 안되는데 생각보다 작아요!!! 앞 툭 튀 스타일입니다 사이즈는 사이트가보시면 두가지가 있습니다 S/M과 M/L 요렇게요~~ 근데 후기보니 전투모 58호 쓰시는 남자분께서 M/L사이즈가 크다고 하시더라고요 제가 아빠 라노등 남자사람들에게 다 씌어본 결과 한국인은 그냥 S/M 사이즈면 충분할 것 같습니다~^^ 코로나 바이러스 마스크 대체품을 찾으신다면 일립스 마스크 S/M사이즈로 추천드려요!! 안쪽에 보이시듯이 구멍 세개가 있습니다. 앞쪽이 옆처럼 막혀있지 않아서 말소리가 전달되는데 kf 94 마스크처럼 얇지 않아 크게 전달되지 않아요ㅜㅜ 시끄러운 곳에서는 의사소통 힘들거예요 백프로 이게 가장 큰 단점인데, 난 누구와도 소통하지 않을것이기에ㅋㅋㅋㅋ Safe가 더 중요함 그리고 양 옆에는 필터기가 있습니다!! 저 이 대용품쓰고 세차장도 가고 이마트도 가고 코스트코, 아울렛, 동네마트, 빵집 다 돌아다녔는데!!!! 개짱편해요..,진심♥ 쓰는 순간 공기질의 다름을 느낄 수 있구요 마스크랑 차원이 다른게 입과 피부에 붙지 않으니 너무나 편한것 귀도 안아프고 짱좋♥ 그 어떤 구린내도 나지 않아요 이 필터가 진짜 다 막아줍니다 신기방기한 아이!!!! 더이상 코로나로 걱정 안해도되고 마스크때문에 노심초사 안해도 되요ㅋㅋㅋ 마스크 대체품으로 일립스 마스크있으면 필터당 2개월사용이니 일회용 마스크 2달치 사는것 보다 훨씬 저렴이♥ 마스크 1500원에 살 수 있다고 치면 1500원 × 60일...",24
ebe7ef71-9aa6-5895-8a70-a22b07e5dcaa,카페자스 역삼점,카페,서울 강남구 테헤란로19길 10,강남구,2역삼역 4번 출구,167,,,카페자스 입니다. 위생 정보 세스코 멤버스 2026.03 2027년08월 최근 통합방제 점검월 알고 계신 정보와 다른 정보가 있나요? 사진으로 간단하게 제보해 주세요. 정보 수정 제안하기 이용약관고객센터리뷰운영정책신고센터 네이버,,,,False,False,False,False,False,197,20,,"동영상,동영상",0,81,0,0,0,"{""라떼"": 8, ""커피"": 8, ""과일"": 2, ""샌드위치"": 2, ""과일주스"": 1, ""과일차"": 1, ""딸기쥬스"": 1, ""생강차"": 1, ""수박주스"": 1, ""아메리카노"": 1, ""쥬스"": 1}","{""맛"": 20, ""만족도"": 7, ""분위기"": 3, ""서비스"": 3, ""가격"": 1}",4,2900,5200,3925,False,아메리카노 카페라떼 카푸치노 생강차,,"착한 가격에 맛난 라떼를 먹을 수 있는 카페입니당 이른 아침 포함 거의 대부분의 시간대에 주변 직장인 분들이 그룹으로 얘기하고 계신 단골 맛집이에요 ㅎㅎㅎ
---
샌드위치 처음 먹어봤는데 넘 알차고 맛있었습니다! 라떼는 말해모해 짱맛!
---
라떼가 예술
---
아이스라떼 진짜 고소하고 진하고 맛있어요!
---
라떼 맛집
---
하루시작전 매일 먹는 라떼! 자스는 라떼 맛집~~^^ 비교불가~~~♡ 여기 라떼는 너무 꼬소하고 맛있어요!
---
여기 블루베리 바나나 맛잇음 ㅎㅎ 아늑하고 그런 카페임!! 디저트가 맛있어요+1
---
가성비 좋고 분위기도 좋아요 음료가 맛있어요+1
---
몸에 카페인 안받는데 이상하게 자스커피는 어지럽지도 않고 화장실도 많이 안감... 잠은 안오겠지...
---
역시 채고",아침,0.5,0.4,0.1,지인·동료,0.167,0.333,0.0,일상,2.1,,
7dc3c155-8038-5bed-8af7-7ad0136b19f7,저스티나,,서울 마포구 양화진2길 31 저스티나 1층,마포구,26합정역 7번 출구,308,0507-1318-5551,https://www.instagram.com/gjustina_seoul,,,,,True,True,True,True,True,,,999,"플레이스,서비스 이용이 제한되었습니다.,과도한 접근 요청으로 서비스 이용이 제한되었습니다.,잠시 후 다시 시도해주세요.,IP: 211.192.210.178(09/Mar/2026:14:34:37 +0900),이전화면,새로고침",0,0,314,831,0,"{""커피"": 118, ""와인"": 57, ""파스타"": 56, ""스테이크"": 38, ""피자"": 38, ""샐러드"": 31, ""치즈"": 14, ""케이크"": 14, ""베이글"": 13, ""에그베네딕트"": 11, ""연어"": 11, ""까르보나라"": 10, ""라떼"": 10, ""아메리카노"": 10, ""치킨"": 8}","{""만족도"": 591, ""맛"": 558, ""분위기"": 252, ""서비스"": 106, ""메뉴"": 51, ""목적"": 50, ""주차"": 43, ""가격"": 33, ""음식량"": 23, ""청결도"": 16, ""위치"": 10, ""예약"": 9, ""방역"": 7, ""대기시간"": 2, ""배달"": 1}",23,16000,167000,36733.3,True,"토마호크 1.1 kg+ (2~3인용) 미국산 숙성 토마호크 24, 25일 크리스마스 디너코스 Gjustina 브런치 플레이트 그라블락스 에그 베네딕트 스파이스럽 풀포크 에그 베네딕트 풀포크, 수란, 소테 시금치, 홀렌데이즈, 사워도우 스매쉬드 아보카도 햄 토스트 스매쉬드아보카도,수란,토마토콩피토스트 그라블락스 lover's 플레이트 오리콩피 직접 만든 오리콩피, 곡물, 샐러드, 오렌지 드레싱 카우보이 스테이크 & 에그 USDA 프라임 스테이크, 써니사이드 에그 연어구이 브런치, 아보카도와 수란 연어구이, 아보카도, 수란, 사워도우 치킨 아보카도 볼 치킨, 아보카도, 콘살사 볼(키토 프렌들리) 치킨 슈니첼 숙성 돈등심 커틀렛 64겹 Danish 프렌치 토스트 Gjustina 하우스 샐러드 신선한 샐러드 믹스와 제철 재료","스크램블, 직접 만든 베이컨, 양송이 버섯, 로스트 토마토, 사워도우 직접 만든 연어 그라블락스, 수란, 아보카도, 홀렌데이즈, 사워도우 아보카도, 파르마 햄, 수란(스크램블, 써니사이드 선택 가능), 사워도우 아보카도, 토마토 콩피, 수란(스크램블, 써니사이드 선택 가능), 사워도우 직접 만든 연어 그라블락스, 토마토, 감자 샐러드, 사워도우","친구들과 점심 모임 왔습니다. 레몬향의 제철 굴파스타 맛있고 피자도우와 포카차가 아주 쫀득합니다. 1인 1메뉴 선택하여 먹으면 양이 적당합니다. 층고가 높고 선곡이 좋아 식사 후 차 한잔 하며 여유롭게 공간을 누릴 수 있습니다. 음식이 맛있어요+4
---
남편이 직장에서 한번 다녀가고 맛있었다고 해서 아이와 함께 방문했어요. 3명이서 왔는데 2인 세트랑 빵 추가해도 돼서 그것부터 마음에 들어요. 음식은 아이가 순삭해서 사진이 없네요ㅎㅎ 친절하고 분위가 좋았어요~
---
콰트로 포르마지 피자 너무 맛있어서 또 먹으러 왔어요! 감자 뇨끼도 부드럽고 너무 맛있네요💛 올때마다 만족하는 곳입니다! 음식이 맛있어요+4
---
저녁에 방문예약 후 이용대기 시간 바로 입장친목친구 주차가 편해 선택한 장소 . 테이블 키오스크로 주문 결제 모두 합니다 . 매장 운영하시는 인력이 많지 않아 필요한 것 그때 그때 콜해야 합니다 . 개인 접시, 물 등등 매건마다 주문 !!! 음식 바뀔때마다 접시 챙겨주시면 좋을 듯 합니다 . 음식이 맛있어요+2
---
저녁에 방문예약 후 이용대기 시간 바로 입장친목지인・동료 첫 방문인데 합정에 이렇게 좋은 장소가 있다니!!함께 하신 분들 모두 대만족이었습니다~~음식도 넘 맛났어요 ㅎㅎ 단체모임하기에도 좋은 곳 같아요 음식이 맛있어요+4
---
가게 인테리어가 너무 좋구 편안한 분위기에 식사와 티타임까지 한번에 해결할수있어서 좋아요 ! 다음에도 또 방문하려고합니다 !! 음식이 맛있어요+4
---
엄마랑 브런치 데이트 왓는데 연어 너무 신선하고 피자가 담백해서 맛있어요! 분위기도 조용하고 좋아요❤️ 음식이 맛있어요+1
---
피자, 파스타 모두 너무 맛있어요. 주차도 편하고 분위기도 좋고 무조건 재방문입니다. 추천합니다! 음식이 맛있어요+4
---
움식이 맛나요~ 커피랑도 같이 먹먹을수 있어서 좋아요 음식이 독특하고 분위기가 좋아요~ 음식이 맛있어요+3
---
몇주전에 처음 와보고 분위기가 좋아서 다시 방문했어요. 샐러드 스테이크 파스타 모두 특색있고 맛있어요. 특히 닭가슴살 요리가 기억에 남네요 작은테이블엔 소개팅하는 커플도 많아요. 기념일에 오면 좋을거 같습니다! 음식이 맛있어요+4",점심,0.0,0.625,0.375,연인·배우자,0.0,0.667,0.167,일상,1.1,,
36610df6-9675-5ae8-be22-898e53c2215d,조셉의커피나무,카페,서울 성북구 성북로31길 65,성북구,,,,http://www.instagram.com/joseph_coffee_tree,바리스타 챔피언쉽 심사위원이 직접 내리는 스페셜 커피! 핸드드립/수제 로스팅/최고급 아라비카 스페셜티만 사용합니다. 소중한 날 함께해서 행복한 공간에서 품격있는 카페의 커피를 만나보세요:),,,,True,True,False,True,True,783,461,999,"내부,음식·음료,커피,조각케이크,와플,외부,메뉴판,동영상,동영상,동영상,동영상",0,409,0,168,0,"{""커피"": 186, ""드립커피"": 23, ""케이크"": 16, ""치즈"": 12, ""치즈케이크"": 11, ""핸드드립"": 11, ""바스크치즈케이크"": 6, ""와플"": 6, ""라떼"": 3, ""빙수"": 3, ""망고빙수"": 2, ""바질"": 2, ""아인슈페너"": 2, ""에스프레소"": 2, ""인절미"": 2}","{""만족도"": 224, ""맛"": 160, ""분위기"": 49, ""전망"": 41, ""서비스"": 17, ""메뉴"": 13, ""주차"": 10, ""가격"": 8, ""목적"": 8, ""음식량"": 2, ""위치"": 1}",1,7500,7500,7500,True,스페셜 하우스 커피,조셉의 커피나무 전통 로스팅으로 커피나무에서만 맛보실 수 있는 시그니처 하우스 블렌드,"성북동 산자락 아래 보물창고같은 아기자기 예쁜 카페네요! 동화 속에 있을 법한 비쥬얼인데다 덥수룩 흰수염의 주인장 아자씨가 조셉인가봐요! 커피맛집답게 원두별 종류가 많고 향과 맛이 일품이예요! 새봄ㆍ새학기 시작인데 무거운 마음으로 여기 들렀는데 카페 BGM과 분위기에 포근해집니다♡
---
근처 대학 병원에 왔다가 시간이 남아 아내와 함께 커피가 좋다는 조셉의 커피나무에 일찌기 와보았습니다. 전부터 오고픈 곳이었는데 오픈과 함께 첫손님이 되었네요. 아침이라 주변 공기가 차가워 홀내부는 다소 쌀쌀했지만 어쩔 수 없었겠지요. 커피에 대한 호불호가 없고 다양한 커피를 즐기기에 좋은 곳인듯 합니다. 드립으로 내린 풍미가 좋은 자마이카블루마운틴과 향과 산미가 좋은 게이샤로 맛을 보니 아침의 입안의 정결함이 새롭습니다. 성북동의 풍경도 좋았고 분위기도 산장같은 컨셉으로 독특하네요. 바쁜 시간에는 꽤 분주할듯 합니다. 주차공간은 있지만 내방객이 많다면 다소의 안내가 필요해 보입니다. 좋은 커피 잘 음미했어요.
---
남편과 드라이브겸 커피 한잔 마시러 나왔다가 성북동 언덕쪽에 넘 예쁜 빈티지 카페를 발견했어요!! 3층 뷰가 미쳤더라구요!! 평일 낮시간인데 자리가 거의 차서 저희는 2층에 앉았어요~ 카페 인테리어 색감이 너무 아늑하고 예쁘네요^^ 어느 눈오는 날 찾은 숲속 산장같은 느낌입니다. 스페셜티 커피 종류가 엄청 많구요, 커.알.못이지만 산미가 있으면서도 고소하고 맛나네요😉 머핀도 굿~!!
---
도보로 이용하느라 험난한 언덕길을 올라갔는데 뷰도 그렇고 커피도 그렇고 다 만족입니다 비 오는 날이라 올라가는 길은 조금 힘들었는데 카페에 들어서자마자 우와를 외쳤고 커피까지 맛있으니 그 조금 힘들어도 어떤가요! 들어온 순간부터는 제 세상인데..!!
---
성북동 언덕에 뷰 좋은 카페 죠셉의 커피나무가 있어요 2층,3층이 카펜데..성북동 주택가가 시원하게 펼쳐지는 뷰가 멋지네요 핸드드립커피도 맛있고 카모마일티도 향이 좋아요 실내인테리어는 약간 고전틱하지만 분위기나쁘지않아요
---
성북동 위쪽에 멋진 카페가 있네요!! 친구가 같이 가자고 해서 따라왔는데 아주 좋은 경험을 했어요 ㅎㅎㅎ🤭 저는 하우스 블렌드를 브랜드 커피로, 친구는 케냐를 했는데요~ 하우스 블렌드 기대 이상이네요!! 전형적인 산미 있고 가벼운 느낌을 생각했는데 산미는 적당하고 곡물 특유의 향미와 종이(?..)같은 향이 있어서 독특했어요! 원래 연한 커피를 즐겨서 보통보다 연하다는 브랜드로 주문드렸는데 신선한 경험을 해서 좋았습니다🥰 꽤 높은 곳에 있어서 창밖으로 보이는 풍경이 시원해요~ 주말 오전을 보내기에 완벽한 곳이었습니다🤎
---
풍경이 너무 이뻐서 자주 오게 되는 커피 맛집 종류도 다양하고 맛도 있고 인테리어가 남다른 곳이라 좋아합니다 ~ 잘 마시고 갑니다
---
이렇게 한 번 더 주문해서 먹었어요👍🏻
---
남편이랑 결혼전부터 커피마시러 자주 가는 곳입니다~ 커피도 맛있고 그 외 케이크도 맛나지만 역시 뭐니뭐니해도 뷰 맛집👍🏼 선선해서 테라스도 좋을 것 같아요.
---
굿 연한 커피 좀 많이 연합니다~ 뷰가 좋아요+1",점심,0.0,0.9,0.1,연인·배우자,0.143,0.429,0.143,일상,1.1,,
f8f9c8b5-40df-539d-a70f-bc693484bbff,지음,,경기 남양주시 화도읍 경춘로1922번길 19-4 1층,남양주시,,,0507-1333-7617,https://www.instagram.com/__jium,남양주 화도읍 한적한 곳에 위치한 [지음],,,주차 불가,False,True,False,True,False,49,7,,"내부,음식·음료,파스타,오돌뼈,삼겹구이,에그인헬,동영상,동영상",0,0,0,34,0,"{""수제비"": 7, ""파스타"": 5, ""얼큰수제비"": 3, ""하이볼"": 3, ""고기"": 2, ""김치찌개"": 2, ""나가사끼짬뽕"": 2, ""명란"": 2, ""명란파스타"": 2, ""삼겹살"": 2, ""찌개"": 2, ""골뱅이"": 1, ""골뱅이소면"": 1, ""나가사끼짬뽕탕"": 1, ""닭발"": 1}","{""만족도"": 37, ""맛"": 36, ""분위기"": 22, ""서비스"": 19, ""목적"": 3, ""음식량"": 2, ""청결도"": 2, ""위치"": 1, ""메뉴"": 1}",29,14900,25900,19966.7,False,"전복볶음밥 고소하고 부드러운 밥과 달짝지근한 전복볶음밥 규스지 어묵탕 탱글한 어묵 , 쫀득한 규스지 얼큰한 국물 굿 입니다~ 삼겹구이 직접 만든 소스를 품은 삼겹살과 부추장 청어알 쌈 톡톡 터지는 청어알젓,두부,오이,김,차돌박이를 한입에 깻잎골뱅&비빔국수 새콤달콤 비빔국수와 수제깻잎페스토 골뱅이 오징어숙회&미나리무침 부드러운 오징어숙회와 향긋한 미나리무침의 조화 돼지고기김치찌개 돼지고기가 듬뿍! 들어간 김치찌개 나가사끼짬뽕탕 불향을 입힌 해물과 채소가 풍부한 나가사끼짬뽕탕 얼큰수제비 쫄깃한 감자수제비가 들어간 얼큰수제비 명란크림파스타 진한 수제크림소스에 명란의 고소함을 담은 크림파스타 에그인헬 (샥슈카) 토마토소스에 야채와 계란을 넣어 만든 스튜 오돌뼈&주먹밥 수제소스에 볶은 매콤한 오돌뼈와 주먹밥 우삼겹 마라로제 떡볶이 바지락술찜 바지락이 푸짐하게 들어간 시원 개운 술찜 떡볶이 매콤달콤 특제소스에 오징어튀김을 곁들인 떡볶이",부드러운 우삼겹과 직접 만든 마라로제소스로 알싸한 풍미를 더한 떡볶이,"친구들이랑 망년회겸 마석쪽에서 모임을 하려다가 방문하게 됬는데요 곧 크리스마스인데 튜리 너무 이뻐요 ㅎㅎ연말 분위기 나는듯 사장님이 요리 너무 잘하시는듯.. 술집인데 안주를 밥먹듯이 먹었어요 저의 최에는 명란파스타랑 불달게티 삽겹살 진짜 꿀맛이에요 꼭시켜드시고 국물류로 수제비도 진짜 맛있네요 디저트겸 츄러스도 아이스크림도 쫀독쫀독 너무 맛있고 토마토도 너무 맛있어요 마석에 이런 술집 많이 없느데 너무 좋아요 사장님도 너무 친절하고 좋아요 마석술집 강력추천해요 음식이 맛있어요+4
---
처음 방문했는데 송년회 겸 가족행사엿어요! 너무 분위기도 좋고 사장님도 친절해요!! 특히 청어쌈 먹어봤는데 너무 맛있고 정성이느껴집니다:) 수제비도 얼큰하니 맛있고요~ 저희는 콜키지해서 와인먹었는데 다음번엔 술도 마셔보려고요!! 다른 음식도 먹어보고 싶을정도로 마석에 이런 곳이 있다니!! 추천합니다👍👍👍 음식이 맛있어요+4
---
친절하시고, 매장이 청결하고, 사장님들 손님 한분 한분께 정성을 다하시는게 느껴져요~~ 물론 모든 메뉴가 다 예술입니당! 눈과 입을 즐겁게 해주는 마법의 요리^^ 감사드립니다~~ 음식이 맛있어요+4
---
술도 다양하고 안주도 완전 맛도리에용👍🥹 인테리어도 엄청 이쁘고 사진찍을곳도 많아용 👍 음식이 맛있어요+4
---
마석 제일가는 안주맛집 술집!! 늦게까지 여는곳도 많이 없는데 또 항상 서비스도 주셔서항상 감사합니다🫶 음식이 맛있어요+4
---
ㅡ 가성비가 좋아요
---
지나가다 우연히 들린 동네주민입니다. 전부터 가보려 했는데 오늘 타이밍좋게 시간이되어 방문해보았네요 ^^ 매장 사진은 따로 못찍어서 아쉽지만 베스트 메뉴들인 삼겹구이?그리고 수제비 , 버터새송이 구이를 먹었습니다 삼겹구이가 정말 너무 맛있습니다 삼겹살집 저리가라할정도의 굽기와 고기두께 ~.. 집사람과 감탄하며 먹었네요 ㅎㅎ. 수제비도 얼큰하고 쫀득하니 해장딱입니다 새송이버터구이는 버터의 향과 맛이 아주 부드럽게 잘입혀져 맛있구요 ^^ 일단 그리고 사장님이 너무 친절하십니다 우리 아들뻘 나이인것같은데 . 나중에는 아들이랑도 여기 한잔하러 와야겠어요 . 동네에 이런 맛집이 생겨서 너무 기쁘네요 번창하세요 ~ .. 재방문 예정 100퍼센트입니다 굿 음식이 맛있어요+4
---
마석에서 보기 힘든 감성 술집😃 제 최애 메뉴는 청어알쌈 임니다.. 간단하게 맥주랑 하이볼 한잔하기에 굿굿입니다. 👍👍 음식이 맛있어요+3
---
마석 주민이지만 마석에서 술집 잘 안가는데 새로생겼다해서 한 번 와봤어요 ! 한글로 지은 가게이름을 좋아해서 지음이라는 이름도 너무 마음에 들었고 , 내부는 심플하면서도 레트로 느낌이 나서 분위기 좋아요 👍🏻 얼그레이하이볼 제입맛에 딱이었고 , 시킨 음식들도 다 맛있었어요 ! 나가사끼짬뽕 사진은 못찍었지만 국물이 최고 ㅠ ㅠ 동네에 늦게까지 하는 술집이 생겨 시간에 구애받지않고 편히 갈 수 있을 것 같아요 ! 다른 요리들도 얼마나 맛있을지 도장깨기 하렵니다 😊 친절해요+4
---
마석에 이런 감성적인 술집이 생기다니.. 인테리어 너무 예쁘구요~ 안주도 너무 맛있어요! 친구들하고 갔다가 1인1주문 한 거 같아요^^ 맛있어서 계속 메뉴 추가 하게 되고, 못 먹어본 안주들도 먹으러 또 가려고요! 주류 메뉴 중에 몽키숄더하이볼 있는데, 다른데서 못 본 하이볼인데 맛있고 메뉴 신경 많이 쓰신 것 같아요~ 화장실도 가게 내부에 있어서 편하고, 술집 화장실 중요한 요소 중 하나인데 깨끗하고 향기로워서 술 마시다가 화장실 가기 좋네요 ㅎㅎ 그리고 사장님 두 분이신데 친절하고 너무 훈남이세요!! 이제 술은 지음으로 와서 먹을 것 같네용 ㅎㅎ 오래오래 해주세요!!",저녁,0.0,0.0,1.0,친구,0.0,0.3,0.5,친목,1.2,,
4e9c6143-d85e-539d-b566-687e6d97c1ef,,,,,,,,,,,,,False,False,False,False,False,,,,,0,0,0,0,0,{},{},0,,,,False,,,,,,,,,,,,,,,
a8c82553-79a8-5702-83f0-3fc0aea671cb,플레이스,,,,,,,https://smartstore.naver.com/locachica,"신풍역 5번, 6번출구에서 걸어서 2분거리",,,주차 불가,True,False,False,True,False,,,,"내부,음식·음료,라떼,아메리카노,외부,메뉴판,동영상,동영상,동영상",0,0,0,0,0,{},{},6,,,,False,플레이스 서비스 이용이 제한되었습니다. 과도한 접근 요청으로 서비스 이용이 제한되었습니다. 잠시 후 다시 시도해주세요. 이전화면 새로고침,IP: 211.192.210.178(09/Mar/2026:14:37:24 +0900),,,,,,,,,,,,,
e2eff3c3-4a1b-5908-b5c7-5d0d348d658f,초당동 주민센터,,강원 강릉시 초당순두부길 99 초당동주민센터,강릉시,,,,,,,,,False,False,False,False,False,,,,"이전 페이지,초당동 주민센터,페이지 닫기,초당동 주민센터행정복지센터,블로그 리뷰 31,출발,도착,저장,거리뷰,공유,홈,리뷰,사진",0,0,0,0,0,{},{},54,18,29,23.7,False,"이전 페이지 초당동 주민센터 페이지 닫기 초당동 주민센터행정복지센터 블로그 리뷰 31 출발 도착 저장 거리뷰 공유 홈 리뷰 주소 강원 강릉시 초당순두부길 99 초당동주민센터 영업시간 곧 운영 종료 18:00에 운영 종료 18시 0분에 운영 종료 펼쳐보기 전화번호 033-660-3861복사 이 장소의 관리자라면, 무료로 직접 관리하세요! 권한 받기 방문자 리뷰 방문 키워드 통계 그래프 예시입니다. 현재 0명 참여 10명 이상 참여하면 방문 키워드 통계가 공개됩니다! 아직 등록된 리뷰가 없습니다. 첫 리뷰를 작성해보세요! 블로그 리뷰31 남쪽구슬 남쪽구슬 20.4.18.토 2020년 4월 18일 토요일 이미지 수 산달자 sandalja 산달자 Sandalja 15.11.4.수 2015년 11월 4일 수요일 이미지 수 sssundog sundog의 사진 여행 한적하고 조용한 강릉 초당동 여행 25.5.19.월 2025년 5월 19일 월요일 이미지 수 블로그 리뷰 더보기 로딩중 알고 계신 정보와 다른 정보가 있나요? 사진으로 간단하게 제보해 주세요. 정보 수정 제안하기","안녕하세요! 제가 최근은 아니지만 고민끝에 1박 2일 국내여행 강릉편 포스팅을 진행하고 있는데요! 이제 사회적 거리두기가 과연 끝날것인지? 원래는 내일까지인데 어찌될지 궁금하네욥! 저는 사회적거리두기가 확산되기 전에 강릉여행을 다녀왔어요 1박 2일정도 드라이브를 하러 갔다왔죵 초당동 주민센터에 주차를 할 공간이 있더라고요! 주말에는 그냥 주차하면 된다는 블로그 글을 보고 초당동 주민센터에 주차를 하고 도보로 이동했답니다! 카페 툇마루가 살짝 멀긴한데 그래서 사람 많다면 한명이 툇마루에서 내려서 결제 먼저 하고 한명은 주민센터에 주차시키고 그러고 만나도 될 것 같아요 먼저 여기는 다 대기가 길다보니 루트를 짜자면! 툇마루->동화가든->순두부젤라또 이 순서로 가시는게 젤 좋아요 툇마루에서 보통 대기를 2시간 잡거든요 미리 결제해두고 2시간정도 후에 찾으러 오라고 합니다 동화가든은 1시간?! 정도여서 툇마루 결제 후 동화가든에서 번호표를 받고 순두부젤라또를 먹으며 동화가든을 기다립니다 ㅎㅎ 그 다음 동화가든에서 짬뽕순두부를 먹고 툇마루에 가면 보통 알맞더라고요 ...ㅎㅎㅎ 저는 툇마루 커피를 시켰어요 원래 커피를 못 마시는 사람인데 그래도 안먹기 아쉽더라고요 (커피 마시면 두근거리고 잠 못자서 잘 안마시는 1인) 일단 대기를 해뒀어요 여기서 사진 많이 찍더라고요! 저도 찍긴 찍었는뎅 쨋든 여기 줄이 없어서 우와 없구나! 했는데 그냥 줄만 없을 뿐입니다... 휴.. 여길 일단 젤 먼저 가서 결제하세용 그리고 초당소나무집이라고 써져있는 여기서 순두부젤라또를 구매했어요! 짠! 저는 순두부젤라또 먹을만했어요! 그리고 기다리면서 뚝딱 먹기 좋은 ㅎㅎ 그리고 번호표를 꼭 받아야해요! 저 아무생각없이 안받았는데 후회함 ㅜㅜ 280번 실화인가요 180번대인가 그랬는데... 저는 원조짬순을 시켰어요 근데 딱 먹는 순간 ?! 약간 음? 뭐지 ..? 그냥 짬뽕에 순두부 넣은 맛이에요 사실 맛이 없지 않음! 맛있음 근데 상상가능한 맛이에요 솔직히 오래 기다린다면 그냥 안 먹는 것도.. 방법이라고 생각합니다... 여러분의 여행 시간은 소중하니까요 요렇게 짬순이 적혀져있네요 ㅋㅋㅋㅋ 그리고 다시 툇마루 커피로 ㄱㄱ 여기서 원래는 테이크아웃을 하려다가 그냥 실내에서 먹고싶다고 하니까 10분정도 더 기다리라고 하시더니 바꿔주셨어요 툇마루커피 젓지말고 먹으라고 당부하시더라고요 근데 그래서 그런지 초반엔 완전 달아서 제스타일이었는데... 강릉초당동 순두부맛집 이번엔 동해쪽으로 가볼까요 ㅎㅎ 여행은 역시 급벙개여행이죠 가방하나 덜렁들고 바다보러 gogo~^^)) 강릉 도착하자마자 배도고프고 해서 찾아간집 초당동 순두부집 ㅎㅎ 요기 차현희 순두부집이 유명하다고 해서 드가 봅니다~^^)) 메뉴는 낙지순두부전골로 당첨~ 낙지한마리와 순두부전골~ 비쥬얼 얼큰하죵~ 낙지한마리 풍덩~♡♡ ㅋㅋ 실하진 않치만 낙지한마리~ 참고로 달자는 낙지전문가임~ ㅎ 하하 순두부와 낙지가 은근 매력있네용~ 고등어조림 같쥬~ 쌈에 한쌈싸서 츄릅~♡♡ 이스리도 한잔 빠질수없죠~^^)) 콩비지도 양념장 언져서 호로록 냠냠 하하 이거 정말 호로록 되네용~ㅋ 차현희 순두부 청국장 명태찜도 매콤하니 맛나고용 ㅎㅎ 허리띠 풀어야 겠슴돠~ㅋ 흰밥에 요렇게 언져서 한입 냠냠 남은 밥은 순두부에 비벼비벼 ㅎㅎ 와 밥한공기로 다양하게 먹었네용...ㅋ 초당두부도 건배하고용 ~ㅎ 정식이라 밑찬이 꾀 많네요 바닷가답게 생선이 많이 올라오네요 차현희 순두부 허영만 식객 순두부편에 나왔나부네요 ㅎㅎ 강릉 초당동은 강문해변 바로 뒷 동네입니다. 경포호수 바로 옆 동네고요. 허균 허난설헌 기념관이 있는 동네이기도 합니다. 허균의 아버지 허엽의 호가 초당입니다. 그래서 그 호에서 동네 이름이 나왔습니다. 그리고 우리에게는 초당 순두부로 유명한 마을이죠. 초당동의 유래 허균 허난설헌 기념관 맞은편에는 이 한옥 카페가 있습니다. 이름은 그리우니입니다. 한옥 2채가 연결되어 있는데 최근에 지었는지 아주 말끔하네요. 초당은 자신의 집을 낮춰서 누추한 곳이라는 뜻입니다. 겸손이 미덕인 성리학자의 마음씨가 잘 담겨 있습니다. 초야에 묻혀서 지붕을 풀로 엮어서 살 정도로 청빈한 삶을 뜻하는 것이 초당입니다. 실제로 허균, 허난설헌 생가는 양반집 고택이지만 집 크기는 크지 않고 아담합니다. 실제는 더 컸을지 몰라도 꽤 허름한 모습에 좀 놀랬습니다. 한옥카페 그리우니입니다. 정말 깔끔하고 툇마루에서 머물 수도 있습니다. 실내 공간은 큰 유리창이 있어서 창밖이 시원하게 보입니다. 다락방 같은 공간도 있습니다. 하얀 벽채가 깔끔함을 그대로 느껴지네요. 카페를 나오는데 쿵 소리가 나기에 봤더니 참새가 유리에 부딪혀서 잠시 기절해 있었습니다. 몇 분 저러고 있다가 정신 차리고 사라졌습니다. 초당동은 이런 예쁜 집들도 많네요. 팬션인지 가정집인지 구분이 안 가네요. 그러나 안내판이 없는걸 보니 가정집 같네요. 이번 강릉 여행을 하면서 맛집 투어는 안 했습니다. 그런데 초당동에 가니 온통 초당 두부와 초당 장칼국수 집이 많네요. 이야기를 들어보니 초당동에 두부로 유명해진 것은 전통이라기보다는 광복과 한국 전쟁으로 남자들이 강제 징집 당하자 집에 남은 아내와 여자들이 먹고살기 위해서 두부를 만들어서 팔았다고 합니다. 하기야 배를 타려고 해도 뱃일이 워낙 힘들어야죠. 남자 아니면 어렵죠. 그런데 남자는 없고 먹고는 살아야 하니 두부를 집집마다 만들었다고 해요. 강릉은 참 카페가 많아요. 가는 곳마다 대형 카페들이 많네요. 이때가 4월 초라서 홍매화, 매화가 참 예쁘게 폈네요. 요즘 소금빵이 유행인데 강릉에도 초당 소금빵 가게가 있네요. 세련된 가게네요. 마치 서울 익선동이나 성수동 느낌이 드네요. 강릉은 소나무가 엄청 많아요. 곳곳에 이런 대형 소나무가 있어요. 초당옥이라는 여기도 꽤 유명한 곳인가 봅니다. 음식점 하면 특유의 키치적인 느낌의 노포 음식점이 많은데 10년 사이에 이런 일본풍의 간판에 깔끔하고 모던한 음식점들이 늘어나고 있습니다. 다분히 젊은 취향이네요. 모든...",,,,,,,,,,,,"안녕하세요! 제가 최근은 아니지만 고민끝에 1박 2일 국내여행 강릉편 포스팅을 진행하고 있는데요! 이제 사회적 거리두기가 과연 끝날것인지? 원래는 내일까지인데 어찌될지 궁금하네욥! 저는 사회적거리두기가 확산되기 전에 강릉여행을 다녀왔어요 1박 2일정도 드라이브를 하러 갔다왔죵 초당동 주민센터에 주차를 할 공간이 있더라고요! 주말에는 그냥 주차하면 된다는 블로그 글을 보고 초당동 주민센터에 주차를 하고 도보로 이동했답니다! 카페 툇마루가 살짝 멀긴한데 그래서 사람 많다면 한명이 툇마루에서 내려서 결제 먼저 하고 한명은 주민센터에 주차시키고 그러고 만나도 될 것 같아요 먼저 여기는 다 대기가 길다보니 루트를 짜자면! 툇마루->동화가든->순두부젤라또 이 순서로 가시는게 젤 좋아요 툇마루에서 보통 대기를 2시간 잡거든요 미리 결제해두고 2시간정도 후에 찾으러 오라고 합니다 동화가든은 1시간?! 정도여서 툇마루 결제 후 동화가든에서 번호표를 받고 순두부젤라또를 먹으며 동화가든을 기다립니다 ㅎㅎ 그 다음 동화가든에서 짬뽕순두부를 먹고 툇마루에 가면 보통 알맞더라고요 ...ㅎㅎㅎ 저는 툇마루 커피를 시켰어요 원래 커피를 못 마시는 사람인데 그래도 안먹기 아쉽더라고요 (커피 마시면 두근거리고 잠 못자서 잘 안마시는 1인) 일단 대기를 해뒀어요 여기서 사진 많이 찍더라고요! 저도 찍긴 찍었는뎅 쨋든 여기 줄이 없어서 우와 없구나! 했는데 그냥 줄만 없을 뿐입니다... 휴.. 여길 일단 젤 먼저 가서 결제하세용 그리고 초당소나무집이라고 써져있는 여기서 순두부젤라또를 구매했어요! 짠! 저는 순두부젤라또 먹을만했어요! 그리고 기다리면서 뚝딱 먹기 좋은 ㅎㅎ 그리고 번호표를 꼭 받아야해요! 저 아무생각없이 안받았는데 후회함 ㅜㅜ 280번 실화인가요 180번대인가 그랬는데... 저는 원조짬순을 시켰어요 근데 딱 먹는 순간 ?! 약간 음? 뭐지 ..? 그냥 짬뽕에 순두부 넣은 맛이에요 사실 맛이 없지 않음! 맛있음 근데 상상가능한 맛이에요 솔직히 오래 기다린다면 그냥 안 먹는 것도.. 방법이라고 생각합니다... 여러분의 여행 시간은 소중하니까요 요렇게 짬순이 적혀져있네요 ㅋㅋㅋㅋ 그리고 다시 툇마루 커피로 ㄱㄱ 여기서 원래는 테이크아웃을 하려다가 그냥 실내에서 먹고싶다고 하니까 10분정도 더 기다리라고 하시더니 바꿔주셨어요 툇마루커피 젓지말고 먹으라고 당부하시더라고요 근데 그래서 그런지 초반엔 완전 달아서 제스타일이었는데...
---
강릉 초당동은 강문해변 바로 뒷 동네입니다. 경포호수 바로 옆 동네고요. 허균 허난설헌 기념관이 있는 동네이기도 합니다. 허균의 아버지 허엽의 호가 초당입니다. 그래서 그 호에서 동네 이름이 나왔습니다. 그리고 우리에게는 초당 순두부로 유명한 마을이죠. 초당동의 유래 허균 허난설헌 기념관 맞은편에는 이 한옥 카페가 있습니다. 이름은 그리우니입니다. 한옥 2채가 연결되어 있는데 최근에 지었는지 아주 말끔하네요. 초당은 자신의 집을 낮춰서 누추한 곳이라는 뜻입니다. 겸손이 미덕인 성리학자의 마음씨가 잘 담겨 있습니다. 초야에 묻혀서 지붕을 풀로 엮어서 살 정도로 청빈한 삶을 뜻하는 것이 초당입니다. 실제로 허균, 허난설헌 생가는 양반집 고택이지만 집 크기는 크지 않고 아담합니다. 실제는 더 컸을지 몰라도 꽤 허름한 모습에 좀 놀랬습니다. 한옥카페 그리우니입니다. 정말 깔끔하고 툇마루에서 머물 수도 있습니다. 실내 공간은 큰 유리창이 있어서 창밖이 시원하게 보입니다. 다락방 같은 공간도 있습니다. 하얀 벽채가 깔끔함을 그대로 느껴지네요. 카페를 나오는데 쿵 소리가 나기에 봤더니 참새가 유리에 부딪혀서 잠시 기절해 있었습니다. 몇 분 저러고 있다가 정신 차리고 사라졌습니다. 초당동은 이런 예쁜 집들도 많네요. 팬션인지 가정집인지 구분이 안 가네요. 그러나 안내판이 없는걸 보니 가정집 같네요. 이번 강릉 여행을 하면서 맛집 투어는 안 했습니다. 그런데 초당동에 가니 온통 초당 두부와 초당 장칼국수 집이 많네요. 이야기를 들어보니 초당동에 두부로 유명해진 것은 전통이라기보다는 광복과 한국 전쟁으로 남자들이 강제 징집 당하자 집에 남은 아내와 여자들이 먹고살기 위해서 두부를 만들어서 팔았다고 합니다. 하기야 배를 타려고 해도 뱃일이 워낙 힘들어야죠. 남자 아니면 어렵죠. 그런데 남자는 없고 먹고는 살아야 하니 두부를 집집마다 만들었다고 해요. 강릉은 참 카페가 많아요. 가는 곳마다 대형 카페들이 많네요. 이때가 4월 초라서 홍매화, 매화가 참 예쁘게 폈네요. 요즘 소금빵이 유행인데 강릉에도 초당 소금빵 가게가 있네요. 세련된 가게네요. 마치 서울 익선동이나 성수동 느낌이 드네요. 강릉은 소나무가 엄청 많아요. 곳곳에 이런 대형 소나무가 있어요. 초당옥이라는 여기도 꽤 유명한 곳인가 봅니다. 음식점 하면 특유의 키치적인 느낌의 노포 음식점이 많은데 10년 사이에 이런 일본풍의 간판에 깔끔하고 모던한 음식점들이 늘어나고 있습니다. 다분히 젊은 취향이네요. 모든...
---
강릉초당동 순두부맛집 이번엔 동해쪽으로 가볼까요 ㅎㅎ 여행은 역시 급벙개여행이죠 가방하나 덜렁들고 바다보러 gogo~^^)) 강릉 도착하자마자 배도고프고 해서 찾아간집 초당동 순두부집 ㅎㅎ 요기 차현희 순두부집이 유명하다고 해서 드가 봅니다~^^)) 메뉴는 낙지순두부전골로 당첨~ 낙지한마리와 순두부전골~ 비쥬얼 얼큰하죵~ 낙지한마리 풍덩~♡♡ ㅋㅋ 실하진 않치만 낙지한마리~ 참고로 달자는 낙지전문가임~ ㅎ 하하 순두부와 낙지가 은근 매력있네용~ 고등어조림 같쥬~ 쌈에 한쌈싸서 츄릅~♡♡ 이스리도 한잔 빠질수없죠~^^)) 콩비지도 양념장 언져서 호로록 냠냠 하하 이거 정말 호로록 되네용~ㅋ 차현희 순두부 청국장 명태찜도 매콤하니 맛나고용 ㅎㅎ 허리띠 풀어야 겠슴돠~ㅋ 흰밥에 요렇게 언져서 한입 냠냠 남은 밥은 순두부에 비벼비벼 ㅎㅎ 와 밥한공기로 다양하게 먹었네용...ㅋ 초당두부도 건배하고용 ~ㅎ 정식이라 밑찬이 꾀 많네요 바닷가답게 생선이 많이 올라오네요 차현희 순두부 허영만 식객 순두부편에 나왔나부네요 ㅎㅎ",23.7
0015ff66-2146-5f1e-9219-f11995974e7e,CAFE감,카페,경기 시흥시 목감남서로 9-33 더클래스투 1층 104-2호,시흥시,,,0507-1489-2007,https://blog.naver.com/severvend,"cafe gam은 에디오피아,과테말라,콜롬비아 등의 최고급 로스팅 원두를 블랜딩하여, 원두 특유의 신맛과 고소함을 기본으로 향미와 바디감으로 에스프레소 부터 라떼, 카푸치노 까지 각 커피의 풍부한 맛을 즐기실 수 있도록 오랜 경험의 바리스타가 정성껏 커피를 서빙합니다.",,,,True,True,True,True,True,173,25,,"내부,음식·음료,스무디,아메리카노,전통차",0,60,0,0,33,"{""커피"": 39, ""샌드위치"": 34, ""라떼"": 10, ""바질"": 10, ""스무디"": 7, ""요거트"": 5, ""아메리카노"": 4, ""에이드"": 3, ""요거트스무디"": 3, ""치즈"": 3, ""바닐라라떼"": 2, ""국화차"": 1, ""녹차"": 1, ""녹차라떼"": 1, ""달고나라떼"": 1}","{""맛"": 75, ""만족도"": 65, ""서비스"": 41, ""분위기"": 15, ""위치"": 4, ""메뉴"": 3, ""목적"": 3, ""예약"": 2, ""배달"": 1, ""가격"": 1}",12,3900,10000,5925,True,"카페감 시그니처 - 달감 샌드위치 아이스 아메리카노(테이크아웃 가능) 수제 바질/ 포테이토 샌드위치(택1) 생과일주스 토마토주스, 딸기바나나주스, 망고주스 허브티 쟈스민,카모마일,페퍼민트,얼그레이,히비스커스,루이보스 생과일스무디/요거트 전통차 대추 거창꿀 생강차,유자차 non-coffee 고구마라떼,말차라떼,녹차라떼,쵸코라떼,호두단호박라떼","달달한 감말랭이를 넣어 만든 카페감의 대표 샌드위치 입니다. 에디오피아, 콜롬비아,과테말라의 최상급 산지의 원두를 블랜딩하여 커피 고유의 진한 향기와 풍미를 만들어 내며, 오랜 경험의 바리스타가 제공하는 다양한 커피 메뉴를 즐겨보실수있습니다 카페 감에서는 주문을 받고 즉석해서 건강한 샌드위치를 요리합니다. 매일매일 신선한 재료를 선별하여 쉐프가 정성들여 직접 만든 수제 소스와 어울려 많은 분들에게 사랑을 받고 있습니다 초코바나나스무디, 홍시스무디, 딸기스무디, 망고스무디, 아보카도요거트, 플레인요거트","올때마다 사장님 서비스에 감동입니다~♡ 매번 다양하게 챙겨주셔서 감사해요😍 블루베리스무디는 어딜가도 이곳만큼 맛있는 곳은 아직 못 찾을 정도 아지트입니다^^
---
안정을 취하고 맛있는 커피와 여유로운 시간을 가지고 싶을때 항상 찾는 카페입니다. 건강을 최우선으로 생각하는 사장님의 마인드로 음료들이 재료도 정성도 남달라서 마실때마다 대접 받는 기분이예요
---
항상 친절하신 사장님^^ 음료도 맛있고 건강 쥬스~좋아요 커피 맛집으로 추천합니다~👍
---
사장님 친절하고 하나하나 정성스럽게 만들어주셔서 감동입니다. 혼자하시는거라 건강이 염려됩니다. 무리하지마시고 오래오래 목감에서 카페감을 지켜주세요! 감사합니다.
---
사장님이 너무 친절하셔요 블루베리도 듬뿍 올려주시고 맛있어요 시흥오면 편하게 쉬었다 가느곳 찜♡
---
블루베리요거트는 정말 맛있어요^^ 사장님~잘 먹었습니다! 사업번창하세요♡
---
요즘 시험준비로 스트레스가 극에 달해서 맛있는 케익이 땡겨서 단골 카페로 직행♡ 메뉴명이 눈에 확꽂혀서 유자얼그레이케익세트로 주문완료!!외향은 고구마케익같아보이는데 기본 얼그레이 쇼트케익에 중간중간 유자청이 듬뿍! 소프트한 우유크림에 유자씹히는 맛이 일품이네요! 달콤쌉싸레한 맛이 예술입니당♡ 적당히 달고 아메랑 먹기로 개꿀♡ 가격도 꿀♡ 오늘도 사장님 덕분에 힐링제대로 하고 갑니당♡♡
---
친구랑 차한잔하러 갔어요~ 디저트도 맛있고 사장님도 친절하세요.
---
간만에 휴가내고 힐링하러 고고♡ 저절로 발걸음이 향한 단골카페♡ 꾸덕한 치즈맛에 담백한 맛이 일품^^ 나처럼 단거 좋아하지 않은 분들이라면 강추합니당! 언제 어떤걸 먹어도 맛있는 이 곳이지만 케익을 즐겨하지 않는 저도 먹게되는 아주 마성의 카페집♡ 오늘도 잘 쉬고 갑니당^^
---
갑진년 새해 첫 주말♡ 단골카페 가서 브런치먹기로 힐링스타토! 새해답게 신메뉴 샌드위치세트로 픽햇는데 감탄의 연발!!!!기존의 달감샌드위치를 먹었다면 달감의 프리미엄급 업그레이드 버전이랄까!!트러플바질샌드위치!!!그 어느호텔에서 먹는 샌드위치보다 이 가격에 이런 크뤠이지한 조합!!!!트러플 오일에 바질, 건토마토의 조합!!쫠깃하고 폭신폭신한 빵까지!!샌드위치를 정말 사랑하는 사람으로써 이조합은 정말 미슐랭에 나가야함!!꽉꽉채운 신선한 채소들에 싸장님의 정성가득 탑쌓기...탑이 무너질 정도의 사장님의 정성과 사랑..가득느끼고 갑니다요♡ 항상 올때마다 건강하게 맛잇게 잘 먹고 갑니당♡♡♡♡♡♡♡5주년 진심으로 축하드려요♡♡♡♡♡♡♡",점심,0.1,0.9,0.0,혼자,0.556,0.111,0.111,일상,6.7,,
7fe4eedb-a8aa-5865-9e2e-3db865e00092,카페다커피,디저트,서울 종로구 통일로14길 24-2,종로구,3독립문역 2번 출구,116,,,,,,,False,False,False,False,False,156,6,,"이전 페이지,카페다커피,페이지 닫기,이미지 갯수,+148,카페다커피카페,디저트,알림받기,방문자 리뷰 156블로그 리뷰 6,출발,도착,저장,거리뷰,공유,홈,메뉴,리뷰,사진,음식·음료,아메리카노",0,74,12,0,0,"{""7"": 4, ""2"": 3, ""1"": 2, ""리뷰"": 67, ""커피"": 15, ""아메리카노"": 3, ""더치아메리카노"": 1, ""더치커피"": 1, ""도넛"": 1, ""마카롱"": 1, ""비엔나커피"": 1, ""수박주스"": 1, ""아이스티"": 1, ""핸드드립"": 1}","{""맛"": 25, ""만족도"": 23, ""서비스"": 5, ""분위기"": 4, ""위치"": 2}",31,4200,25000,6266.7,False,"이전 페이지 카페다커피 페이지 닫기 이미지 갯수 +148 카페다커피카페,디저트 알림받기 방문자 리뷰 156블로그 리뷰 6 출발 도착 저장 거리뷰 공유 홈 메뉴 리뷰 더치아메리카노 더치 카페오레 더치원액(500ml) 하우스블렌드 핸드드립 에스프레소블렌드 핸드드립 에스프레소 에스프레소 콘파냐 카페비엔나 카푸치노 바닐라 카푸치노 카라멜 카푸치노 헤이즐넛 카푸치노 아메리카노 카페라떼 바닐라 카페라떼",,"독립문역 2번출구 근처 세븐일레븐 골목 안쪽 위치한 카페다커피! 세란병원 방문할 일이 있었는데 대기시간이 좀 길어서 시간 보낼 겸 방문했어요:) 조용하고 한적하니 우드톤의 따뜻한 분위기였고 아기자기하게 꾸며놓은 내부를 보는 재미가 있어요~ 평일 오전에 방문하니 손님이 없어서 조용했고 인테리어가 마음을 편하게 해요ㅎ_ㅎ 100% 유기농 원두커피로 내린 유기농더치아메리카노, 유기농 핸드드립이 메인인 듯처음보는 디카페인 유기농 원두도 있었는데 커피맛 잘 모르니까 그냥 아이스아메리카노로 선택. 테라스도 있어서 지금 날씨에 야외 앉아서 여유를 즐기면 좋을 곳이에요bbb
---
비가 많이 오는 날 비 피할 겸 커피도 한 잔 마실겸 방문한 카페였는데 맛있게 잘 먹었습니다.
---
이디야 !!! 다앙한 음료로 2층에서 친구들과 조용히 아늑하게 이야기 나눌수 있는 장소로 추천합니다. 가성비가 좋아요+4
---
커피맛은 나쁘지 않은데 대추차는 넘 달고 그냥 시판맛 ㅠ
---
세란병원에 엄마 입원하셔서 입원수속밟고 커피한잔 샀어요~~ 찹쌀도넛에 먹으려고 커피가 진하지는 않네요~~~ 친절해요+1
---
조아요
---
시원하니 좋습니다 가성비가 좋아요
---
가끔 향도 좋고 맛도 좋은 커피가 생각날때가 있다. 그래서 내 기억 속 맛있는 커피를 찾아 찾아간 카페다커피 독립문점. 더치커피도 판매하고 있어 나의 소비욕을 자극했지만 우선은 원두 먼저 구입해 볼 생각이다.
---
무악재역 2번 출구 숲은 커피 맛집. 직원분이 사다 준 아이스커피가 너무 맛있어서 찾아가 본 카페다커피. 커피 뿐마나니라 디저트도 맛있는 카페다커피.
---
세라병원 바로앞 위치한 카페인데 시끄럽지않고 유기농아메리카노 맛있어요 차분한 분위기예요+1",점심,0.3,0.7,0.0,혼자,0.6,0.2,0.2,일상,1.1,"커피를 좋아하는 나. 하지만 하루 아메리카노 2잔이 나의 최대치 커피 량이다. 그것도 오후 2시 이전으로만 마셔야 하는 저질체력 소유자. 어느 날 아침 직원분이 사다 준 아이스 아메리카노 한 잔. 음~~ 향도 좋고 맛도 좋다. 그렇게 카페다커피 한 잔은 내 머리속에 맛있는 커피로 자리를 잡았다. #카페다커피 #독립문역카페다커피 #독립문카페다커피 서울 종로 독립문역 카페다커피 독립문역 2번 출구에서 쎄븐일레븐 골목으로 116m 정도 안쪽에 위치한 카페다커피. 아~!! 어딘가 했더니 CAFE THE PARK 근처에 위치해 있었다. 서울 종로 독립문역 카페다커피 블루와 화이트톤의 매장이 차분함을 전해준다. #카페다커피영업시간 매일 8:00 ~ 21:00(주말,공휴일 영업시간은 확인 못함) #카페다커피메뉴판 서울 종로 독립문역 카페다커피 카페다커피 음료 뿐만 아니라 디저트류까지 판매하고 있었다. #카페다커피더치커피 도 나의 호기심을 자극한다. '어떤 맛일까?' #카페타커피유기농원두 서울 종로 독립문역 카페다커피 카페다커피에서 판매하고 있는 로스팅 되어 있는 100% 유기농 원두커피. *100% 유기농 원료로 만들어 맛과 향은 물론 더욱 건강하게 드실 수 있습니다. 우수한 바디감과 기분좋은 촉촉한 유분감의 끈적임, 입안가득 퍼지는 향기로운 꽃향기, 황긍빛깔의 호랑이 무늬가 있는 에스프레소 거품을 직접 경험해 보시길 바랍니다.(안내글)* 카페다커피 유기농 원두커피 250g 2만2천원에 판매하고 있었다. 서울 종로 독립문역 카페다커피 내 책상 위에 놓여 있던 카페다커피 아이스 아메리카노. 얻어 먹었으니 나도 답례를 해야 할 것 같아 카페라떼와 땅콩+고구마잼 토스트를 주문했다. 서울 종로 독립문역 카페다커피 카페다커피 땅콩+고구마잼 토스트 가격은 6천원. 서울 종로 독립문역 카페다커피 카페다커피 땅콩+고구마잼 토스트 가격이 조금 비싼듯 하지만 고구마잼의 구수한 맛이 땅콩잼과 잘 어울렸다. 한마디로 맛있다. 바리스타 자격증을 보유하신 전문가가 추출해 주는 카페다커피 메뉴 만족한다. #유기농아라비카생두100% 서울 종로 독립문역 카페다커피 늘 주문해 먹던 빈플러스 원두커피를 포기하고 카페다커피 원두를 사왔다. 가방 속에서 풍기는 커피향이 힘든 하루를 행복하게 마무리하게 한다. 집에 와서 바로 더치커피 추출중~~☕️ #독립문커피맛집 #독립문브런치카페 #종로커피맛집 직장 동료분들 덕분에 맛있는 커피 맛집 알아가는 재미도 쏠쏠하다.
---
커피 한 잔의 가치는 단순히 카페인이나 맛에만 있는 것이 아니다. 오늘 방문한 ""카페다커피""는 공정거래 커피의 진정한 의미를 다시 한번 생각하게 만든 특별한 공간이었다. 최근 윤리적 소비에 대한 관심이 높아지면서, 커피 산업에서도 생산자와 소비자 모두가 행복한 상생의 가치를 추구하는 움직임이 활발해지고 있다. 카페다커피는 이러한 시대적 흐름을 선도하며, 공정거래 커피의 새로운 기준을 제시하고 있다. 커피 한 잔에 담긴 깊은 철학과 진심을 느낄 수 있는 이곳에서, 나는 커피가 가진 진정한 가치를 발견하게 되었다. 심상치않은 입구의 분위기 간판도 제대로 보지 않으면 카페 다 커피 라는 이름을 잘 확인하기 어렵다... 그리고 입구부터 여러개 붙어있는 공정거래 커피마크, 유기농 커피 전문점 안내판... 내공이 느껴지는 부산스러움이다. 그리고 사진을 못찍었지만 놀랍게도 주인으로 보이시는분이 유리문 앞 공간에서 도라지? 껍질을 까고 계셨다..!! 엄청난 포스 내부의 분위기도 내공을 숨긴 재야의 고수같은 느낌이다. 약간 오래된 느낌의 인테리어. 하지만 더 대박인게 있었으니 놀랍게도 가게 메뉴판에 가격이 가려져있다...! 심지어 나는 이 블로그를 작성할때까지 가격이 없다는 사실조차 인지하지 못하고 있었다. 비엔나 커피와 딸기 스무디를 먹었는데 12000원 결제했다. 물론 뭐가 얼마인지 모른다. 다행히(?) 바리스타님의 실력을 알수있어 보이는 여러가지 자격증, 그리고 커피 원두에 대한 설명 그리고 유기농 커피라는 프리미엄(?) 모쪼록 다소 특이한 카페를 우연히 만난건 참 재미있었다. 카페다커피는 단순한 카페를 넘어 공정거래 커피의 가치를 실천하는 의미 있는 공간이다. 원두 선택부터 로스팅, 추출까지 모든 과정에서 느껴지는 장인정신과 진정성은 이곳만의 특별한 매력이다. 커피 한 잔을 마시는 것이 누군가에게는 일상이 되고, 또 다른 누군가에게는 희망이 되는 순간을 카페다커피에서 경험할 수 있었다. 앞으로도 이곳이 추구하는 가치와 철학이 더 많은 사람들에게 전해지기를 바란다. 맛있는 커피 한 잔이 만들어내는 선한 영향력을 직접 경험하고 싶다면, 카페다커피를 방문해보기를 추천한다. 프렌차이즈 카페의 천편일률적 분위기가 질린다면 공정거래커피, 유기농 커피의 가치를 안다면 특이한 느낌을 알고싶다면 분위기점수 : ★☆☆☆☆ 맛 점수 : ★★★☆☆ 서비스 점수 : ★★☆☆☆ 재방문의사 : 55 / 100
---
독립문역 세란병원 근처 카페를 검색했을 때 커피가 맛있다는 후기가 많아서 궁금했던 곳이다. 저번에 왔을 때는 휴무였어서 아쉬웠는데 이날은 오픈되어 있었다. 카페다커피 메뉴판이다. 커피 메뉴만 나열해 보겠습니다☕️ 디카페인도 있고 논커피 종류도 다양하다. ONLY HOT 유기농 에스프레소 4,800원 에스프레소 콘파냐 5,000원 HOT/COLD 유기농 아메리카노 (진하게+200) 4,800원 ✔️ 카페비엔나 5,500원 카페라떼 5,500원 (바닐라/헤이즐넛/카라멜) 라떼 5,800원 카푸치노 5,500원 (바닐라/헤이즐넛/카라멜) 카푸치노 5,800원 연유라떼 6,000원 카페모카 6,000원 카라멜마끼아또 6,000원 아포가토 6,500원 ""샷 추가 1,000원 간단한 디저트와 병음료도 판매하고 있다. 카페다커피에서는 유기농 원두를 사용하고 있다. 유기농 하우스 블랜드는 감귤 계통의 단맛과 과일 계통의 천연 향미가 균형 잡힌 커피라고 한다. 1인석부터 다인석까지 다양하게 있다. 자리 곳곳에는 콘센트도 많이 있다. 무엇보다 조용해서 좋았다. 바깥쪽 테라스에도 자리가 있는데 추워서 앉는 사람은 없었다. 유기농 아메리카노 등장 커피는 준비되면 자리로 가져다주신다. 고소하고 맛있었다! 잘 먹었습니다 화장실은 외부에 있어서 조금 걱정했는데 깨끗하게 관리가 잘 되고 있었다! #세란병원근처카페 #카페다커피 #독립문역카페 #무악동카페",12.3
2c0ca57f-647a-5ee1-a8b5-61b8e81ffaa2,카페드람브르,디저트,서울 영등포구 경인로 867 호텔지엠에스 2층,영등포구,1영등포역 5번 출구,270,0507-1442-3382,,안녕하세요. cafe delambre입니다. 방문해주셔서 감사합니다.,,,,True,True,False,True,True,,,999,"내부,음식·음료,카페라떼,아메리카노,외부,메뉴판,동영상,동영상,동영상,동영상,동영상,동영상,동영상,동영상,동영상,동영상,동영상,동영상,동영상",0,751,0,423,0,"{""커피"": 136, ""케이크"": 30, ""아메리카노"": 22, ""젤라또"": 21, ""치즈"": 18, ""라떼"": 14, ""얼그레이"": 13, ""샐러드"": 11, ""카페모카"": 11, ""아이스크림"": 10, ""샌드위치"": 8, ""아인슈페너"": 7, ""카페라떼"": 6, ""치즈케이크"": 5, ""쿠키"": 5}","{""만족도"": 471, ""맛"": 316, ""분위기"": 144, ""서비스"": 51, ""메뉴"": 31, ""가격"": 29, ""음식량"": 15, ""목적"": 15, ""청결도"": 13, ""위치"": 12, ""전망"": 4, ""방역"": 3}",2,4200,4700,4450,False,아메리카노 카페라떼,,"예쁜카페찾다가 오늘방문한곳카페드람브르🥰브런치카페입니다💚뷰가예쁘고 넓어서 답답하지않고 기분이 좋았어요💜카페라떼와 로세젤라또 주문했어요 커피맛 좋고 아이스크림도 맛있어요ㆍ이곳은 분위가좋아서 단체모임 데이트 하기 좋은곳이네요👍🩵디저트종류도 많고 브런치카페라 부담없이 올수있어서 좋으네요ㆍ매장도깨끗하고 외국분들도 많이 오시네요💚
---
넓고 조용해요~~ 작업하기 좋은 공간이에요. 내부도 창가자리는 밝고 그외에는 간접조명으로 편안합니다🙋‍♀️🙋‍♀️ 가성비가 좋아요+4
---
몇 년 전부터 지나다니면서 가 보고 싶다 했는데 오늘 친구 만나면서 드디어 들렀어요. 좌석마다 자리가 되게 넓은 편이라 좋아요. 직원분들도 친절하시고, 계단이 살짝 가파른 점 빼고는 다 좋았고 잘 다녀왔어요♡ 음료가 맛있어요+4
---
오랜만에 방문했는데 양이 많이 줄었네요ㅠ
---
초코 케이크 양이 은근히 많은데 가격도 괜찮아서 좋아요☺️☺️ 디저트가 맛있어요+3
---
사장인지 알바인지 모르겠지만 계산대 젊은 남자분 불친절 과 싹바*지의 경계선에 한끗차이로 응대하시네요. 사장이라면 망할때까지 계속 그런식으로 장사하시고 직원이라면 일 하지말고 집에서 쉬세요. 엄한 손님 기분나쁘게 만들지마시고요 오래 머무르기 좋아요
---
카페에서 아이스 아메리카노, 아이스 모카 프라페, 홍차와 케이크를 즐겼어요. 블루베리 치즈케이크는 상큼하고 달콤했고, 밀푀유 케이크는 바삭한 식감이 매력적이었어요. 음료도 깔끔하고 디저트와 잘 어울려서 만족스러운 티타임이었습니다.
---
음료는 그저 그렇고 좌석이 많고 매장이 넓직해서 대화하거나 공부하기 좋은 곳입니다 대화하기 좋아요+1
---
사람 많은 영등포에서 그나마 조용하게 방문 가능한 카페입니당 재방문이였는데 12월은 연말이라 그런지 주말 낮시간엔 만석이라 자리가 없어서 좀 기다렸어요 커피 메뉴말고도 음료 종류도 다양한 편이라 음료 선택 폭이 넓은 편이고 임산부라 키위주스 마셨는데 시럽 적게 요청했더니 새콤하고 맛있었어요 아늑해요+1
---
넓은 자리가 있어 좋아요.",점심,0.1,0.6,0.3,친구,0.125,0.25,0.5,일상,1.5,"영등포역 근처에서 브런치와 카페를 한 번에 즐길 수 있는 곳을 찾는다면 호텔 1층에 자리한 GMS호텔 카페 드람브르를 소개합니다. 네이버지도에는 브런치 정보가 제대로 표시되지 않아 반신반의했지만, 오전 10시 오픈 직후 찾아가 보니 다양한 브런치 메뉴가 준비돼 있더군요. 이 글은 내돈내산 영등포역 브런치 카페 후기로, 늦은 아침이나 늦은 점심을 즐기려는 분들께도 참고가 될 거예요. 1. 위치와 접근성 GMS호텔 1층에 자리한 이곳은 영등포역에서 도보 5분 정도 거리라 접근성이 좋습니다. 호텔 로비를 지나면 측면 카페 입구가 보이는데, 알아두면 좋은 팁이 하나 있어요. 카페까지 2층까지만 다니는 전용 엘리베이터와 계단이 따로 마련돼 있어 굳이 큰길가 메인 출입문을 통하지 않아도 됩니다. 호텔 옆쪽이나 뒤쪽 골목에서 바로 연결되는 통로를 이용하면 더 쉽게 영등포역 브런치 카페 드람브르에 도착할 수 있답니다. 외관은 깔끔하고 모던한 느낌으로, 호텔 로비를 지나면 바로 카페 입구가 보여 처음 방문하는 분들도 헷갈리지 않을 거예요. 2. 메뉴·주문 방식 & 가격 이날 제가 주문한 메뉴는 치즈스크램블(12,000원) 샐러드먹물피자(12,000원) 버섯 크림 커틀렛(13,000원) 가격만 보면 이 근처에서 즐기는 영등포역 브런치 치고는 합리적이었습니다. 다만 벽면에 걸린 사진 속 샐러드 채소는 푸짐했는데 실제 접시의 샐러드는 생각보다 양이 적어 살짝 아쉬웠습니다. 사진에는 없지만 테이블마다 놓여 있는 메뉴판은 사진도 작고 글씨가 더 작아 시력이 2.0이어도 읽기 힘들 정도였어요. 결국 제가 프런트까지 가서 큰 메뉴판을 가져왔는데, 그제야 메뉴가 겨우 보일 정도였습니다. 프린트로 뽑아놓은 메뉴판도 있었지만 글씨 크기가 지나치게 작아 “다시 제대로 뽑아줬으면 좋겠다”는 생각이 들었죠. 주문부터 픽업, 식기 반납까지 모두 셀프서비스로 운영되니 처음 방문하시는 분들은 참고하시면 좋겠습니다. 3. 브런치 후기 + 디저트 & 음료 매력 저는 무엇보다 브런치를 먹으러 간 것이 메인 이유였어요. 그런데 막상 와보니 영등포역 카페 드람브르는 브런치뿐 아니라 카페로서의 매력도 충분히 느껴졌습니다. 먼저 브런치 맛을 간단히 소개하자면, 치즈스크램블은 부드럽고 담백했으며 샐러드먹물피자는 얇은 도우가 바삭해 식감이 좋았습니다. 가장 인상 깊었던 메뉴는 버섯 크림 커틀렛이었는데, 이름만 보고 돈가스를 떠올렸지만 막상 받아보니 치킨 커틀렛이더군요. 바삭한 치킨과 부드러운 크림소스의 조합이 의외로...
---
영등포역 근처 대형 카페 <카페 드람브르> 이 게시글은 요즘웨딩 네이버 카페 활동의 일환으로, 소정의 포인트를 제공받습니다. 영등포역 근처에 대형 카페 발견해서 소개드려요! <카페 드람브르> 입니다..! 영등포역 바로 맞은 편이고, 호텔 건물 2층에 있는 곳이더라구요! 계단 또는 엘리베이터로 올라가면되는데, 벽돌 건물 외관에 내부 건물도 넓고 좌석도 많아서 놀랐어요 ㅎㅎ 영등포역 꽤나 많이 오갔지만 이번에 처음 가봤습니다 ㅎㅎ 내부는 음료 메뉴, 디저트 메뉴 엄청 다양해요! 조각 케이크도 팔고, 한 쪽에는 작은 베이커리 코너도 있어요. 베이커리 류는 종류가 많은 건 아니지만 치즈빵, 달달한 빵 등등 고루고루 5가지 정도 있었습니다 ㅎㅎ 저는 이 날 시간이 안 맞아서 못먹었지만 프렌치 토스트, 샐러드, 파스타 등 브런치 메뉴도 있더라구요! 브런치를 못 먹은 대신 베이커리에서 치즈빵을 샀어요 ㅎㅎ 속까지 꽉꽉 차있고 쫀득쫀득한 식감에 맛도 짜지 않고 슴슴해서 중독성있더라구요 ㅎㅎ 커피 메뉴 외에도 홍차, 생과일 주스 등등 메뉴도 다양하더라구요! 저희는 말차라떼와 요거트 스무디, 티라미수를 주문했습니다 ㅎㅎ 티라미수도 지금껏 카페에서 본것중에서 가장 컸어서 신기했어요 ㅎㅎ 대신 티라미수 크림은 마스카포네 치즈크림보다는 식물성 생크림 느낌이 강해서 조금 아쉬웠습니당 실내 공간이 넓고 쾌적하고, 인테리어도 멋있어서 단체 모임나 데이트 하기에도, 개인 작업하기에도 좋을 것 같아요!!
---
영등포에서 모임 하기 좋은 카페, 드람브르 영등포에서 브런치 먹기 좋은 카페를 찾다가 분위기가 괜찮아 보여 방문하게 된 카페드람브르. 호텔 건물 안에 있는 카페라 가격이 비쌀 줄 알았는데 생각보다 브런치 메뉴 가격도 괜찮아서 가성비도 좋고, 조용하고 여유로운 분위기도 마음에 들더라고요. 테이블 간격도 넓은 편이라 영등포에서 모임 카페로 이용하기에 좋아 보였어요. 특히, 평일에는 브런치 메뉴 주문 시 커피를 50% 할인된 가격으로 마실 수 있는 이벤트도 있어서 브런치 즐기기에 더 좋았던 카페였습니다 ☕ 지금부터 간단하게 소개해 볼게요. 카페드람브르 서울 영등포구 경인로 867 호텔지엠에스 2층 ☕️ 카페 10:00~22:00 브런치 10:00~15:00 (브레이크타임 14:00~14:30 / 라스트 오더14:50) [ 브런치 메뉴 ] • 치킨 텐더 샐러드 — 13,000원 • 칠리 쉬림프 샌드위치 — 13,000원 • 샐러드 먹물 피자 — 12,000원 • 치즈 스크램블 — 12,000원 • 리코타 치즈 샐러드 — 11,000원 • 베이컨 & 치즈 샌드위치 — 12,000원 • 버섯 크림 커틀릿 — 13,000원 • 프리미엄 수제 버거 — 13,000원 • 칠리 치즈 감자 — 10,000원 [ 베이커리 ] 인근 주차장 이용 ⭐️ 호텔과는 다른 영업소라서 인근 주차장이나 무료주차권을 이용해 신백/롯백 백화점 주차장을 이용하시면 좋을거 같아요. ⭐️ 드람브르 위치 / 매장 분위기 영등포에 위치한 카페드람브르는 영등포 롯데백화점, CGV 건물 맞은편에 위치한 GMS호텔 건물 2층에 자리하고 있는 카페에요. 건물 옆쪽 문으로 들어가면~ 2층으로 올라가는 계단과 카페 전용 엘리베이터가 보여요. 2층으로 올라가니 카페가 아주 넓어요. 독특한 기둥 인테리어가 아주 특이하구요~ 전체적으로 조용하고, 고급스럽더라구요. 매장 내부는 전체적으로 여유로운 분위기라 대화 나누며 시간을 보내기 좋을거 같았어요. 천고도 높은데 테이블 간격도 넓은 편이라 답답한 느낌이 전혀 없었구요. 차분한 분위기 덕분에 영등포에서 카페 모임이나 브런치 즐기기 좋은 곳으로 괜찮아 보였던거 같아요. 실제로 모임하시는 분들도 계셨구요. 브런치로 주문한 메뉴들 브런치 메뉴는 샌드위치, 샐러드, 버거, 피자 등 다양하게 준비되어 있었고 가격대도 1만 원 초반대로 부담 없는 편이었어요. 저희는 가볍게 칠리쉬림프샌드위치와 샐러드, 먹물피자, 그리고 커피를 주문했네요. 브런치는 금방 준비됐어요. 여기서.. 커피 받자마자 쏟아버림 이슈로.. 자리 옮기고.. 하... 감사하게도 쏟은 커피 서비스로 한잔...",19
d34637c2-cffd-501a-9c73-db4aeed9d85d,카페드앙팡 남영점,,서울 용산구 한강대로77길 15 4층,용산구,1남영역 1번 출구,45,0507-1374-2121,,"- 서울형인증 민간키즈카페 선정 카페드앙팡 - 만 6세까지 이용할 수 있는 키즈카페입니다. - 외부 음식, 음료 반입 불가(이유식 가능) - 파티룸 대여시 평일 무료 (주말 2시간 5만원) * 예약 없이 현장입장 전체 대관 있을 시 이용불가하니 카페드앙팡남영점 오픈채팅방을 확인하시거나 네이버 소식을 확인해주시기 바랍니다.",,10:00-20:00,,False,False,False,True,True,187,72,999,"동영상,동영상",0,0,0,0,0,{},{},7,,,,False,이전 페이지 플레이스 페이지 닫기 서비스 이용이 제한되었습니다. 과도한 접근 요청으로 서비스 이용이 제한되었습니다. 잠시 후 다시 시도해주세요. 이전화면새로고침,IP: 211.192.210.178(2026.03.09 14:34:34),,,,,,,,,,,,"카페드앙팡 남영점에서 4살 아들과 알차게 놀기 내돈내산 서울형인증민간키즈카페 서울형인증 민간키즈카페 중 하나인 카페드앙팡에 한번 들러보았다. 이동네는 한번도 와본적이 없는데 낯설지만 근처에서 밥도 먹고 조금씩 파악 중. 우리집에 바로 가는 버스가 있어서 깜놀! 건물 3층에 위치한 이곳에 들어갔다. 이것저것 인증마크가 많이 붙여져 있다. 오! 여긴 일부 금액을 도움이 필요한 사람들의 집짓는 것을 돕는 단체를 후원한다. 입장료는 아이 1시간에 7,000원 2시간에 13,000원 어른 입장료는 음료 포함 4,500원 4,500원 초과금액은 더 추가비용 지불하여 음료 선택 가능. 음료는 약간 가격대가 있는 편이다. 이밖에도 간식거리도 팔아서 좋네. 아주 넓진 않지만 다락느낌의 공간을 활용하여 아주 다양한 놀이를 할 수 있게 구성되어 있다. 파티룸까지 있는거 실화냐? 미끄럼틀과 볼핏. 미끄럼틀 잘 안미끄러지는건 함정;;; 이용시 주의사항이 있어서 찍어보았다. 주방놀이, 카페놀이, 화장대 등 아기자기한 놀잇감들이 많아서 좋았다. 낚시할 수 있는 구역은 키즈카페는 거의 다 있는 듯. 이 협소한 곳에 트램플린도 있다. 정말 대단해 ㅎㅎㅎ 이것저것 구경하는 동안에 주문한 자몽티가 나왔다. 엄청 달지만 맛있었다. 남영역 기찻길이 보이는 풍경의 다락에도 가보았다. 인형의집 놀이도 있었고... 엄청난 양의 장난감들... 여기서 꽤 우리 뀰이는 머물러서 놀았다. 자동차, 블럭, 트랙 등등... 코스튬도 가능하지만 늘 그렇듯 뀰이는 싫어함. 미끄럼틀이 인조가죽이라 너무 안미끄러져서 당황스러움... 그래서 뭔갈 깔고 타야지 잘 내려감. 작지만 알찬 놀이공간 이었던 이 곳의 분위기를 담아보았다. 카페드앙팡 남영점 내돈내산
---
집과 가까운 서울형키즈카페 카페드앙팡에 다녀왔어요~ 지난 번에 2월 중순 쯤, 광복이 6개월 차에 한 번 다녀오고 이번에 광복이 8개월 된 날 한 번 또 다녀왔어요! 들어가면 전체 공간은 엄청 넓진 않지만, 복층에, 구름다리처럼 양쪽을 연결하는 길도 있어 알차게 사용하여 꾸며둔 느낌이랄까?! 서울형 키즈카페라서 그런지 다른 키즈카페에 비해 저렴합니다!! 12개월미만 (토, 일, 주말 제외) 무료 12개월~만 6세 1시간 7천원 / 2시간 1만 3천원 어른 4천 5백원 (음료 주문 시 입장료 무료) 이유식 제외 음식 반입 금지 심지어.. 아메리카노가 4,500원이니 어른은 커피값만 받으시는 거!!!! 입구 왼편의 공간에는 주방놀이 소품들과 마트놀이 소품이 가지런히 놓여있다- 아이스크림 가게 같은 장난감도 있고! 처음 갔을 때에는 아이들이 많아서 한차례 어질러 있어 아쉬웠는데 두번째 갔을 때에는 아이들이 많지 않아 가지런히 정렬되어있는 소품들을 볼 수 있었다- 어른들이 봐도 너무 귀엽고, 실제같은 모형들이라 재미있어보이는데 아이들 눈에는 얼마나 더 재미있어보일지!!! 처음 6개월 때에는 강아지 장난감 정도 그나마 가지고 놀 만 했는데, 이 번에 가보니 지난번보다 조금 컸다고 가지고 놀 수 있는 게 조금 늘었다ㅋㅋㅋㅋ 2-3주 정도 후 가면 가지고 놀 수 있는 게 더 많아지겠지?! 주방놀이 옆으로는 볼풀장이 있는데 볼풀장은 복층의 놀이공간과 미끄럼틀을 통해 연결이 된다! 미끄럼틀 쪽의 구조물(?)로 대근육발달을 위한 몸쓰기가 가능하고, 볼풀공을 가지고 놀 수 있어서 광복이에게는 꽤 오래 머무를 수 있는 공간이다ㅋㅋㅋ 미끄럼틀로 올라가보면 요렇게 인형놀이 공간이다- 메이크업샵처럼 동그란 조명거울도 있고 드라이기 장난감도 있고, 바비인형이 있다!!!!! 바비인지, 쥬쥬, 미미인지 모르겠지만 그런 류의 인형들이 인형의 집에 들어있다ㅋㅋㅋㅋ 아직 광복이가 놀만한 수준은 아니라 살짝 들러서 사진만 남기고 지나감ㅋㅋㅋㅋㅋ 인형놀이존 옆으로는 낚시존이 있는데 줄을 내려 자석원리로 물고기를 잡는 형태이다- 아래에서 바라보면 바닥에 뭔가를 바라보는 모습이고 바닥쪽에는 형광색 물속생물들이 가득ㅋㅋㅋㅋ 생각보다 난이도가 있어 어른이 하기도 좀 어려움ㅜㅜ 낚시놀이를 지나가면 탈 것, 공룡, 악기 장난감이 있다- 이 곳은 아무래도 자동차 관련 장난감이랑 공룡 같은 게 있어서 그런 지 남자아이들이 좋아하더라! 한 쪽에 피아노가 있어서 앉혀줬는데 완전 신나서 연주를ㅋㅋㅋㅋㅋㅋㅋ 뚱땅뚱땅 때리는...
---
안녕하세요, 고고맘입니다 오늘은 남영역 근처 카페드앙팡(남영점)에 다녀온 날을 기록해보려고 해요. 12개월전 아기라면 확인 후 평일에 무료 입장이 가능하고, 어른은 음료만 시키면 되는 구조라 솔직히 이런 가성비 인 곳은 자꾸 생각나더라고요. 저는 오후 2시쯤 갔는데 그 시간대엔 사람이 많지 않아서 시작부터 마음이 편했어요. 크진 않지만 아기랑 놀기엔 오히려 동선이 짧아서 더 좋았던 느낌! 카페드 앙팡 남영점 기본 설명 위치 서울 용산구 한강대로77길 15, 4층 남영역 1번 출구에서 45m 영업시간 화~금 11:00 ~ 20:00 토~일 10:00 ~ 20:00(매주 월요일 정기휴무) 입장료 어린이(12개월~만 6세) 1시간 7,000원 어린이(12개월~만 6세) 2시간 13,000원 초과 10분당 1,000원 추가 12개월 미만 2시간 무료(토·일·공휴일 제외) 어른 입장료 3,000원 어른은 음료 주문 시 입장료 무료 전화번호 0507-1374-2121 주차 주차 가능 기계식 주차타워(중형 SUV까지 가능) 남영역 바로 옆, 위치는 최고 키즈카페 갈 때 찾아가는 길이 복잡하면 아이랑 함께 가기 불편 하잖아요 여긴 남영역에서 정말 가까운 편이라 이동이 편했어요. (남영역 1번 출구 기준 45m) 입구도 유모차 끌고 갈 수 있게 되어있어서 유모차 동선 good 12개월 아기 평일 무료 + 어른은 음료만 제가 여기를 저장해뒀던 가장 큰 이유가 이거예요. 12개월 미만 평일(주말/공휴일 제외) 2시간 무료 어른은 음료 주문하면 입장료 무료 이 조합이 진짜… 아기 데리고 잠깐 나가서 놀다 오고 싶을 때 부담이 없더라구요 ! 작지만 장난감이 다양해서 12개월에게 딱 규모가 엄청 큰 편은 아닌데 장난감이 생각보다 다양해서 놀기 괜찮았어요. 오히려 공간이 너무 넓으면 아기가 계속 흩어져서 엄마가 더 바빠지는데 여긴 그 정도가 아니어서 한결 편했어요. 그리고 오후 2시쯤엔 사람이 별로 없어서 아기가 장난감 바꿔가며 충분히 탐색할 수 있었고요. 시간이 지나니까 큰 형아들이 들어오긴 했는데 그때는 저희가 슬쩍 정리하고 나오는 타이밍으로 맞췄어요. 결과적으로는 재밌게 놀고 잘 나왔습니다 카페드앙팡 장난감 수유실 + 아기의자까지 준비되어 있었어요 아기랑 외출에서 진짜 중요한 건 수유실 기저귀 갈이를 할 수 있는 공간이잖아요 ! 여긴 수유실이 있다는 점이 꽤 큰 장점이었어요 ! 오늘 한 줄 후기 12개월 아기 기준으로는 평일 무료 + 역세권 + 수유실까지 있어서, 부담 없이 다녀오기 좋은 남영역 키즈카페였어요. 크게 욕심내지 않고, 짧게 재밌게 놀고...",22
86360e7e-2112-5e75-8926-aaf6abb5a983,,,,,,,,,,,,,False,False,False,False,False,,,,,0,0,0,0,0,{},{},0,,,,False,,,,,,,,,,,,,,,
734c5a3f-e8f5-5e03-9974-463d0934c60a,cafe maggio,카페,서울 종로구 종로5길 103,종로구,5광화문역 2번 출구,378,,,저희의 커피 한 잔에 근심 걱정 없이 행복한 일들만 마주하는 하루를 보내시길 바라는 마음을 담아 봅니다. 감사합니다^^,,,,True,True,False,False,False,499,16,,동영상,0,177,34,0,0,"{""커피"": 27, ""생과일쥬스"": 8, ""아메리카노"": 8, ""과일"": 7, ""샌드위치"": 6, ""라떼"": 4, ""쥬스"": 4, ""과일주스"": 2, ""닭가슴살"": 2, ""레몬생강차"": 1, ""매실차"": 1, ""바나나주스"": 1, ""베이글"": 1, ""생강차"": 1, ""수박주스"": 1}","{""만족도"": 75, ""맛"": 58, ""서비스"": 9, ""가격"": 8, ""위치"": 4, ""분위기"": 4, ""배달"": 3, ""메뉴"": 2, ""대기시간"": 2, ""음식량"": 1, ""청결도"": 1}",12,2800,4800,3958.3,False,아메리카노 민트아메리카노 배도라지생강티 진저라떼 유자아메리카노 더치커피 코코넛라떼 바닐라라떼 헤이즐넛라떼 연유라떼 햄치즈/햄에그샌드위치 크랜베리치킨/햄감자샌드위치,"grande size 500원 추가 venti size 1,000원 추가","저렴한데 사장님도 친절하고 맛있어서 좋아요! 디카페인도 있음
---
커피에 진심인 카페...
---
토요일 근무할 땐 필수💕
---
폭염의 더운날, 너무 덥고 쉬고 싶은날이다. 근처에 커피숍은 널렸다. 그러나 한적하고 사람좀 없는곳(?)에 가고 싶어서 찾아서 갔다. 생과일쥬스가 신박한게 많아서 먹고 싶었지만 집 냉장고에 박혀있는 과일들을 생각 하면서 꾹꾹 참았다. 갑자기 눈이 건강해지고 싶어서 블루베리 바나나쥬스를 시켰는데 너무 괜찮았다. 얼음맛이 안느껴지면서 시원해서 너무 좋았다. 다음에 근처에 오면 또 들릴것이다. 음료가 맛있어요+4
---
혼자 지나가다 들렀어요. 도심 오피스근처라 점심에는 정신없어요. 하지만 조금만 늦게 가도 아주 한적하니 매장의 분위기와 커피를 즐길수 있어요. 커피가 신맛을 거의 느낄수가 없어서 살짝 아쉽지만.. 그래도 맛있는 수준입니다. ㅎㅎ
---
네이버페이로 포장 주문하고 바로 픽업해서 편리했습니다. 커피 투샷도 충분히 진해서 끝까지 세미나 집중에 도움이 되었네요
---
아아에 사이즈업+샷추가 했는데 커피가 진해서 좋았습니다. 연한커피 좋아하시는 분은 샷추가 안해도 충분히 진할테니 참고하세요. 근처 오피스에 세미나 오면 늘 주문하는 커피맛집입니다.
---
가성비 짱!
---
커피가 맛있다. 점심시간에는 주문이 밀린다.
---
조용한 매장이라서 이야기하기 편함 사진이 잘 나와요+2",점심,0.2,0.7,0.1,혼자,0.75,0.0,0.0,일상,1.5,,
d3ebe7cc-db37-5efd-bf67-3b4528030bbd,카페 만월경 성남여수점,카페,경기 성남시 중원구 여수울로15번길 4-7,성남시,수인분당야탑역 1번 출구,991,,https://smartstore.naver.com/cafewhale,"고래가 유영하는 달빛 바다, 카페 만월경입니다. 맛볼 가치가 있는 커피, 머물 가치가 있는 공간을 제공하겠습니다.",,,,True,True,False,True,False,1,1,,"동영상,동영상",0,0,0,0,0,{},{},15,1700,3500,2813.3,True,아메리카노 (2shot) 카페라떼 연한 아메리카노 (1shot) 바닐라라떼 복숭아메리카노 (아샷추) 카라멜 마끼아또 카페모카 헤이즐넛 아메리카노 헤이즐넛 카페라떼 고구마라떼 고래로로쉐 (리얼초코라떼+헤이즐넛) 딸기라떼 리얼팡팡 복숭아라떼 리얼초코라떼 복숭아 아이스티,,아침일찍 시간 잘 보내고왔어요 . 화장실이 외부인거빼고 다 괜찮아요. 여러사람 오면 다인실도 괜찮아요 . 4인은 아니여도 유료 운행하면 쓰고싶어요!!!,점심,0.0,1.0,0.0,연인·배우자,0.0,1.0,0.0,데이트,1,,
615be09a-9b08-5581-bb65-d064ef9d6b8f,,,,,,,,,,,,,False,False,False,False,False,,,,,0,0,0,0,0,{},{},0,,,,False,,,,,,,,,,,,,,,
dc892807-20f5-56a4-9a4f-27778327f196,서비스 이용이 제한되었습니다.,,,,,,,,,,,,False,False,False,False,False,,,,"플레이스,서비스 이용이 제한되었습니다.,과도한 접근 요청으로 서비스 이용이 제한되었습니다.,잠시 후 다시 시도해주세요.,IP: 211.192.210.178(09/Mar/2026:14:35:44 +0900),이전화면,새로고침",0,0,0,0,0,{},{},6,,,,False,플레이스 서비스 이용이 제한되었습니다. 과도한 접근 요청으로 서비스 이용이 제한되었습니다. 잠시 후 다시 시도해주세요. 이전화면 새로고침,IP: 211.192.210.178(09/Mar/2026:14:35:28 +0900),,,,,,,,,,,,,
ac91d894-c47c-5941-b08f-89ff777b96b4,카페이드라,디저트,서울 종로구 윤보선길 18 1층,종로구,3안국역 1번 출구,113,,,핸드드립 전문 카페로 7종의 싱글 오리진 커피의 맛을 느껴 볼수 있는 카페 이드라/ 커피 원두 종류별로 전용 핸드밀을 사용하여 고유의 맛과 향을 그대로 추출/ 커피 생두 마다의 고유의 맛과 특성을 잘 살린 최적의 로스팅을 자랑합니다./,,,,True,True,False,True,False,354,149,999,"내부,음식·음료,아메리카노,초콜릿라떼,외부,메뉴판,동영상,동영상,동영상,동영상,동영상,동영상",0,213,47,54,0,"{""커피"": 103, ""핸드드립"": 43, ""드립커피"": 38, ""라떼"": 3, ""스콘"": 3, ""카페라떼"": 2, ""과일"": 1, ""녹차롤"": 1, ""대추차"": 1, ""밀크티"": 1, ""바닐라라떼"": 1, ""오미자차"": 1, ""유자차"": 1, ""자몽차"": 1, ""치즈"": 1}","{""만족도"": 91, ""맛"": 88, ""서비스"": 32, ""메뉴"": 24, ""분위기"": 24, ""위치"": 3, ""가격"": 3, ""청결도"": 2, ""목적"": 2, ""전망"": 1}",16,5000,13000,6291.7,True,블루마운틴(파퓨아뉴기니) 초코레티한 단맛의 여운이 감미로움 이드라 블랜딩 카페 이드라의 하우스 블랜딩 예가체프(에티오피아) 꽃향과 과일향이 매력적임 더치사케라또 카페 라떼 파나마 게이샤 다양하고 풍부한과 과일맛과 향이 탁월함 아이스 아메리카노 Cold Brew 초코라떼 녹차라떼 카모마일 국화차 홍차,"에티오피아 예가체프 원두를 핸드밀로 직접 갈아 찬물로 내린 커피,","핸드드립 커피 맛집인 카페 이드라 방문했어요! 커피 선택지가 많아서 좋았어요. 덕분에 산미 있는 거 좋아하는 제 지인 입맛을 취향 저격 했답니다. 케모마일 티도 예쁜 찻잔에 주셨고, 깔끔하게 잘 마셨어요. 가게 내부 넓고 좌석 간의 간격이 넓어서 대화하기 좋아요. 매장도 청결하고 사장님 두 분께서 친절하세요:)
---
근처 베이커리 왔다가 발견한 숨은보석~~ 원두 선택하면 바로 핸드 그라인드 후 드립을 해주십니다. 사장님의 포스가 느껴지는 그런 곳 입니다. 매장 정원에 있는 오래된 향나무를 보면서 향도 좋고 맛도 다채로운 핸드드립 커피 한잔하시면 세상 고민 싹 사라지는 경험을 하게 됩니다. 근처에는 엄청 유명한곳들도 있지만, 전 커피는 꼭 여기서 드시면서 재밌는 경험을 해보길 추천합니다. 👍 👍 👍
---
아이와 어린이 박물관 체험학습을 끝낸 후 동네 산책을 하다 들어간 곳입니다. 대문부터 입구의 멋진 나무가 인상적인 카페입니다. 들어가면 사장님이 멋지게 커피를 내리는 모습을 볼 수 있습니다. 내부는 생각보다 넓고 조용합니다. 아이와 한숨 돌리고 책도 읽기 좋은 쾌적한 카페로 핸드드립커피도 맛있습니다. 날씨 좋은 날에는 친구와 나무 아래 테라스석에 앉아 수다를 하염없이 떨고싶은 카페입니다.
---
카페 초입의 크고 오래된 나무가 정말 멋있어서 한참을 구경하다 들어갔습니다. 낮에는 야외에서 커피를 마셔도 참 좋을 것 같아요. 들어가니 따스한 인상의 사장님이 여유 있게 맞이해 주셔서 기분이 좋았습니다. 카페는 아늑한 분위기에 잘 어울리는 클래식 음악과 그라인더 소리가 어우러져 차분하게 집중이 잘 되었어요. 한 잔 가득히 내려 주신 따라주와 안티구아 커피 맛도 향기롭고 좋았습니다. 대화를 오래 나누고 싶은 사람과 함께 다시 방문하고 싶은 마음이 드는 공간입니다. 카페 앞의 나무처럼 오래도록 자리를 지켰으면 좋겠다는 마음에 이렇게 리뷰를 씁니다. 누군가 이 글을 보고 꼭 방문해서 좋은 추억을 만들고 가셨으면 좋겠다는 바람입니다. 하루를 기분 좋게 마무리할 수 있도록 편안한 시간을 만들어 주셔서 감사했습니다.
---
핸드드립을 넘 정성껏 해주시는 모습에 감동.. 스콘도 달지도 않고 촉촉하니 넘 맛있다. 야외에서 먹는 커피가 넘 좋은 곳이다.
---
핸드드립집.. 스콘 괜찮구요.. 예가체프는 쓴맛이 도는게 로스팅을 좀 오래하신듯한.. 커피 맛있네요.. 직접서빙도 해주심다..
---
나이드신 남자분 친절하게 잘 해주세요 빵 종류 많고 좋습니다
---
주로 대형 카페를 가다가 주인장님이 직접 내려 주시는 핸드드립 커피를 마시는 아기자기한 카페를 가니 감성이 뿜뿜하네요. 도란도란 얘기하기에도 좋았고 커피 맛도 부드럽고 좋았습니다.
---
갑자기 늘어난 관광객들한테 시달리는 골목인데, 이 가게에 들어서면 갑자기 다른 세계. 커피도 맛있고 주방 위생적이고 깔끔하고, 가게 안 분위기도 좋지만 마당 분위기가 압도적으로 너무 좋음. 오늘같이 날씨 좋은 날은 말 할 것도 없고, 한겨울 에 달달 떨게 되더라도 잠깐 커피 마시고 갈 듯. 평화로운 시간에 감사합니다.
---
노부부가 하시는 차분한 카페! 핸드드립이 맛있어요.",점심,0.111,0.778,0.111,연인·배우자,0.143,0.429,0.143,일상,1,,
57c49552-19af-5235-8085-be9a2835f0b3,카페 이마고,디저트,부산 금정구 중앙대로 1920 1층 101호,금정구,1두실역 2번 출구,66,,https://www.instagram.com/imago._.cafe?igsh=azNsd3pjbGg3cGwy&utm_source=qr,**모든 디저트 개별 포장 후 판매 합니다 (위생문제) **,,,,True,True,True,True,False,136,34,999,"내부,음식·음료,휘낭시에,마들렌,얼그레이,아메리카노,연유라떼,동영상,동영상,동영상,동영상",0,93,0,52,0,"{""커피"": 34, ""휘낭시에"": 30, ""라떼"": 20, ""마들렌"": 16, ""치즈"": 16, ""케이크"": 15, ""흑임자"": 13, ""치즈케이크"": 11, ""에그타르트"": 9, ""타르트"": 9, ""흑임자라떼"": 7, ""구움과자"": 4, ""쿠키"": 4, ""바스크치즈케이크"": 3, ""딸기라떼"": 2}","{""맛"": 100, ""만족도"": 75, ""서비스"": 36, ""분위기"": 17, ""메뉴"": 10, ""위치"": 8, ""가격"": 4, ""목적"": 3, ""음식량"": 2, ""방역"": 1, ""배달"": 1, ""예약"": 1}",17,2800,7500,4093.3,False,오리지널 쿠키 다크 초코 쿠키 제주 말차 쿠키 바닐라빈 에그타르트 피칸 솔티드 카라멜 휘낭시에 무화과 크림치즈 휘낭시에 호두 다크초코 휘낭시에 다크 초콜릿 휘낭시에 조약돌(흑임자) 마들렌 레몬 마들렌 치즈 품은 브라우니 다크 초콜릿으로 만든 브라우니와 크림치즈의 조합! 바닐라빈 바스크 치즈(글루텐 프리) 티라미수 바스크 치즈(글루텐 프리) 아메리카노 (HOT/ICE) 고소하면서 바디감이 묵직한 프리미엄 블렌딩 원두 디카페인 아메리카노 (HOT/ICE),견과류 싫어하는 사장님이 맛있게 먹는 쿠키 (호두 + 다크 초콜렛이 듬뿍 들어가요) 견과류 싫어하는 사장님이 맛있게 먹는 쿠키 (피칸 + 다크 초콜렛이 듬뿍 들어가요) 견과류 싫어하는 사장님이 맛있게 먹는 쿠키 (호두 + 화이트 초콜렛이 듬뿍 들어가요) 페스츄리 반죽과 바닐라빈이 들어간 필링이 만나 적당히 달콤 바삭한 에그타르트 직접 만든 카라멜 소스를 듬뿍 넣은 반죽 위에 피칸을 다져서 올렸어요 무화과를 와인에 졸이지 않기 때문에 어린이 친구들도 먹을 수 있어요 다크 초코 반죽에 호두를 올려 구운 후 다크 초코로 코팅을 해줬어요 반죽에는 다크 초콜릿을 녹여 넣고 토핑으로는 다크 초코칩을 듬뿍 올려드려요 반죽에도 겉에도 흑임자가 듬뿍!! 고소한 흑임자 맛을 제대로 느낄 수 있는 마들렌 레몬즙과 제스트가 듬뿍 들어가 새콤!달콤!촉촉!한 마들렌 NO버터NO밀가루NO전분 글루텐프리!! 토핑으로는 바닐라빈 생크림 한스쿱!! NO버터NO밀가루NO전분 글루텐프리!! 토핑으로는 치즈 베이스 생크림 한스쿱!! 카페인이 부담스러우신 분들을 위해 디카페인 변경 무료 (추가금X),"휘낭시에 퀄리티 대박,, 원래 견과류 싫어하는데 이건 되게 씹히는 맛도 있고 맛있어요! 계속 생각나는 맛.. 이제 추워져서 따뜻한 라떼 마셨는데 커피가 꼬소하고 진하네요. 매번 생각나는 카페라서 주기적으로 들러요💕
---
집 갈때마다 항상 보던곳인데 오늘 아이랑 처음 방문했네요~~~커피맛있어요~~다음에는 디저트도 먹어봐야겠어용^-^사장님 친절하고 가게도 깔끔하고 너무좋아요♡
---
에그타르트랑 치즈케이크 둘 다 정말 맛있었어요. 에그타르트는 많이 달지 않고 부드러워서 더 맛있었어용! 치즈케이크는 노글루텐이라 그런지 꾸덕하고 부담 없이 먹기 좋았습니다. 직원분도 친절하셨고, 크리스마스 분위기에 맞게 인테리어도 너무 예뻐서 머무는 내내 기분이 좋았어요🥰 다음에 또 방문하고 싶어요! 디저트가 맛있어요+4
---
역시 이 근방에서 이마고 커피가 제일 맛있어요..ㅠㅠ 커피맛이 고소하면서도 진해서 좋아요 커피만 사려다가 디저트도 맛있어보여서 샀어요 휘낭시에가 겉은 살짝 바삭하면서 속은 촉촉해서 완전 제 스타일🥹💗
---
전에 언니랑 왔었는데 너무 맛있게 먹었던 기억이 있어서 또 왔어요!! 제일 좋아하는 조약돌 마들렌이 솔드아웃되어 아쉬웠지만 다른 것들도 맛있어서 다음에 또 방문해서 구매할게용
---
디저트 종류가 다양해서 좋았어요💗 에그타르트, 휘낭시에, 마들렌 다 넘 맛있구 커피도 디저트랑 잘어울려용😋 크리스마스 분위기로 꾸며놔서 가게도 넘 예쁘더라구요!! 좌석도 편해서 아이랑 함께 좋은 시간 보냈습니당🥰🩷
---
스트레스 받을 땐 달달한 이마고 디저트 먹으면 기부니 조아져요~ 신메뉴 나왔길래 사봤는데 역시 실패할 수 없는 맛! 원래 견과류 싫어해서 평소에 다 떼고 먹는데^^.. 여기 디저트에 있는 견과류는 같이 먹을 수 있겠더라구요?!! 무엇보다 사장님이 친절하고 넘 좋은 분이라 꾸준히 방문하게 됩니더~ㅎㅎ
---
내부도 깔끔하고 커피랑 디저트도 맛있어용😊👍 차분한 분위기예요
---
카페가 너무 예뻐요 커피랑 디저트도 맛나고 아기자기한 소품과 음악까지 더할나위앖네요
---
집 근처에 꼬수운 라떼 맛집이 있어서 너무 좋아요❤️ 디저트도 항상 다 맛있어서 자주 생각나요 매장도 작업하고 힐링하기 좋아서 자주 갑니당 오래오래 해주세요!!!",점심,0.1,0.8,0.1,혼자,0.667,0.167,0.167,일상,3.4,,
08783e96-b07f-5f8d-a0b5-9b3fb8819138,카페인24 별내미리내점,카페,경기 남양주시 별내3로 25 106호,남양주시,,,0507-1424-1125,,"안녕하세요! 우리 동네의 불빛이 꺼지지 않는 사랑방, 카페인24(CAFE'IN24)에 오신 것을 환영합니다.",,,,False,True,False,False,True,5,2,,,0,0,0,0,0,"{""커피"": 3, ""아메리카노"": 1}",{},12,1800,3200,2775,False,HOT 하루언제나 아메리카노 (원샷) ICE 제주에서 온 말차 라떼 ICE 피치 자몽 티 ICE 라떼맛집 카페 라떼 (투샷) ICE 하루언제나 아메리카노 (원샷) ICE 아샷추 (복숭아 + 원샷) ICE 열공 후엔 초코 라떼 ICE 정신번쩍 아메리카노 (투샷) ICE 달콤한 복숭아 티 ICE 부드러운 카푸치노 ICE 초코렛 말차 라떼 ICE 자샷추 (자몽+원샷),,"친구와 커피 한잔. 편의점에서 먹다가 생겨서 좋아요
---
새벽운동후 아이스아메리카노는 필수음료~~! 커피맛이 쫌 떨어지지만..쏘쏘요 가성비가 좋아요
---
커피맛은 그냥 무인카페중에선 마실만 한듯해요 공부하고 작업하기 좋은 분위기값이니 2200원 2700원 아이스아아 괜찮다고 생각해요 그런데 , 카페만 좋아요 너무 이쁘고 집중도 잘 될것 같은데 동네아주머니들이 빵싸들구 와서 목소리도 엄청 높고 계속 말시키고 ㅠㅠ 동네 교회엄마들이 와서 떠들구 .. 커플학생들이 와서 음료도 안시키고 와서 누워서 부비적 부비적 거리다가 가고 카페만 좋음 아 그래서 밤에도 가봤는데 밤에눈 벌레가 너~~~무 많아요 뷰가 좋아요
---
매장이 깔끔하고 예뻐요. 음료도 전반적으로 적당한 가격에 꽤 맛나요 ㅎㅎ 동네에 카페가 없어서 아쉬웠는데 이렇게 카페 생기니 좋네요. 종종 방문할께요!",저녁,0.5,0.0,0.5,혼자,0.667,0.0,0.333,친목,1,,
e6650afc-439f-5d13-8912-c92eaf0c6a13,카페자스 역삼점,카페,서울 강남구 테헤란로19길 10,강남구,2역삼역 4번 출구,167,,,카페자스 입니다. 위생 정보 세스코 멤버스 2026.03 2027년08월 최근 통합방제 점검월 알고 계신 정보와 다른 정보가 있나요? 사진으로 간단하게 제보해 주세요. 정보 수정 제안하기 이용약관고객센터리뷰운영정책신고센터 네이버,,,,False,False,False,False,False,197,20,,"동영상,동영상",0,81,0,0,0,"{""라떼"": 8, ""커피"": 8, ""과일"": 2, ""샌드위치"": 2, ""과일주스"": 1, ""과일차"": 1, ""딸기쥬스"": 1, ""생강차"": 1, ""수박주스"": 1, ""아메리카노"": 1, ""쥬스"": 1}","{""맛"": 20, ""만족도"": 7, ""분위기"": 3, ""서비스"": 3, ""가격"": 1}",4,2900,5200,3925,False,아메리카노 카페라떼 카푸치노 생강차,,"착한 가격에 맛난 라떼를 먹을 수 있는 카페입니당 이른 아침 포함 거의 대부분의 시간대에 주변 직장인 분들이 그룹으로 얘기하고 계신 단골 맛집이에요 ㅎㅎㅎ
---
샌드위치 처음 먹어봤는데 넘 알차고 맛있었습니다! 라떼는 말해모해 짱맛!
---
라떼가 예술
---
아이스라떼 진짜 고소하고 진하고 맛있어요!
---
라떼 맛집
---
하루시작전 매일 먹는 라떼! 자스는 라떼 맛집~~^^ 비교불가~~~♡ 여기 라떼는 너무 꼬소하고 맛있어요!
---
여기 블루베리 바나나 맛잇음 ㅎㅎ 아늑하고 그런 카페임!! 디저트가 맛있어요+1
---
가성비 좋고 분위기도 좋아요 음료가 맛있어요+1
---
몸에 카페인 안받는데 이상하게 자스커피는 어지럽지도 않고 화장실도 많이 안감... 잠은 안오겠지...
---
역시 채고",아침,0.5,0.4,0.1,지인·동료,0.167,0.333,0.0,일상,2.1,,
ebad8814-4682-561b-adb0-ec5b99b1f499,,,,,,,,,,,,,False,False,False,False,False,,,,,0,0,0,0,0,{},{},0,,,,False,,,,,,,,,,,,,,,
c1bc28ce-495a-5b43-b990-7895d4d4606f,카페 칼리스타 구로본점,디저트,서울 구로구 디지털로31길 20 1층,구로구,7남구로역 1번 출구,622,,https://www.instagram.com/cafe_kallista_gudi/,,,,,True,False,False,True,True,556,207,999,"플레이스,서비스 이용이 제한되었습니다.,과도한 접근 요청으로 서비스 이용이 제한되었습니다.,잠시 후 다시 시도해주세요.,IP: 211.192.210.178(09/Mar/2026:14:30:00 +0900),이전화면,새로고침",0,0,0,0,0,{},{},24,3600,6000,5393.3,True,크림 상하이 벨벳 말차(파우더) 크림 캘리포니아 오리지널(파우더) 크림 산토리니(오리지널) 아메리카노 핫 아메리카노 아이스 칼리스타 카페라떼(라임하바나) 아이스 밤밀크티 고소한 밤 밀크티입니다. 7곡물 라떼 따뜻한 7곡물라떼 입니다. 강추메뉴!!! 카페라떼 HOT 카페라떼입니다. 레몬에이드 상큼한 레몬에이드입니다. 말차라떼 찐한 말차라떼입니다. 약도라지 배 대추청 티 약도라지 배 대추청 차입니다. 캘리포니아 칼리스타타의 캘리포니아 라떼입니다. 에든버러 라떼 칼리스타의 에든버러 라떼입니다. ICE 초당 옥수수라뗴 달달고소한 초당 옥수수라떼입니다.,"말차파우더와 함께 당충전하세요~ 카페 칼리스타의 시그니처. 테이크아웃 4,900원 파우더가 들어간 캘리포니아 오리지널 라떼입니다. 테이크아웃 4,900원 파우더가 들어가지 않은 크림 산토리니입니다. 테이크아웃 4,900원 직장인이라면 무조건 아메리카노 수혈 필수~!! 테이크아웃2,000원 따듯한 아메리카노❤ 얼죽아 아닌사람 모여라~~! 테이크아웃 2,000원 산미있는 라임하바나 칼리스타에서만 맛볼수있는 카페라떼 입니다.",,,,,,,,,,,,,
ad5a9e56-78a7-5111-a73c-8196278a4b17,,,,,,,,,,,,,False,False,False,False,False,,,,,0,0,0,0,0,{},{},0,,,,False,,,,,,,,,,,,,,,
494b31ac-6f4d-5e5f-925c-b5a3fbee54c3,카페통,카페,서울 종로구 돈화문로6나길 25 대림상가 1층 카페통,종로구,135종로3가역 8번 출구,144,,http://instagram.com/cafe.tong,종로3가 귀금속 골목에서 만나는 이중적인 무드.,,,,False,True,False,False,False,190,9,,"동영상,동영상",0,88,26,0,0,"{""커피"": 13, ""라떼"": 5, ""샐러드"": 3, ""밀크티"": 2, ""에그마요"": 2, ""카페라떼"": 2, ""마들렌"": 1, ""바닐라라떼"": 1, ""샌드위치"": 1, ""생강차"": 1, ""아이스크림"": 1, ""아이스티"": 1, ""에이드"": 1, ""치즈"": 1, ""카푸치노"": 1}","{""맛"": 33, ""만족도"": 14, ""서비스"": 7, ""메뉴"": 3, ""음식량"": 1, ""목적"": 1}",13,4000,6000,5038.5,False,모히또(논알콜) 에스프레소 카페라떼 녹차라떼 피콜로/플랫화이트 카페모카 콜드브루커피 레몬에이드/자몽에이드 오렌지주스/자몽주스 녹차 허브차 수제차 과일차,,"날씨가 추워 생강차 마셨어요. 양도 많고 좋아요~~ 음료가 맛있어요
---
커피맛이 좋습니다. 카페라떼 맛있어요.
---
카페라떼 4.5 맛있어요
---
잘 마셨어요
---
굿
---
맛있어요
---
맛있어요 디저트가 맛있어요
---
맛있어용
---
친절합니다
---
오랜만에 시켜본 아포가통 예전 아이스크림이 좀 더 맛있어요 ㅜㅜ 대화하기 좋아요+1",점심,0.222,0.667,0.111,친구,0.2,0.0,0.4,일상,2.4,,
c6198f36-0f6d-5a8f-9794-ee7bdaaea9b6,카페헐리우드,디저트,서울 종로구 인사동9길 16,종로구,,,,,신선한 커피와 함께 과일을 통째로 갈아 넣은 생과일 주스가 있는 곳 카페 헐리우드입니다. 위생 정보 세스코 멤버스 2026.03 2027년08월 최근 통합방제 점검월,,,,True,True,False,True,False,369,50,,,0,112,0,0,0,"{""커피"": 13, ""샌드위치"": 4, ""쥬스"": 3, ""라떼"": 2, ""고르곤졸라피자"": 1, ""과일"": 1, ""과일주스"": 1, ""딸기라떼"": 1, ""먹태"": 1, ""생강차"": 1, ""수제생강차"": 1, ""아메리카노"": 1, ""우유"": 1, ""카페라떼"": 1, ""키위주스"": 1}","{""맛"": 37, ""만족도"": 33, ""서비스"": 11, ""가격"": 6, ""음식량"": 2, ""메뉴"": 1, ""대기시간"": 1}",3,1500,3300,2533.3,False,HOT 아메리카노 평일할인 HOT 카페라떼 평일할인 HOT 바닐라라떼 평일할인,,"커피
---
커피.건과류
---
키오스크에서 얼음적게 선택했는데 그냥 나왔지만ㅠㅠ 맛있고 친절하세요🧃 음료가 맛있어요
---
미팅와서 잘 마시고 갑니다.
---
음료가 맛있어요+4
---
나이스 음료가 맛있어요+4
---
근처에 카페를 찾아 돌아다니다가 우연히 발견한 카페. 조용하길래 들어갔음. 따뜻하고 조용해서 좋았음. 주문은 키오스크에서 하면 되고 사장님 한분이서 일하시는데 쾌적함. 음료가 맛있어요
---
아메리카노가 저렴한 곳이에요 점심때 방문하기 좋아요😁
---
좋아요
---
좋아요",점심,0.0,1.0,0.0,친구,0.2,0.0,0.6,일상,1.9,"야무지게 안동국시 먹고 커피는 뭘 마실까 하다가 1층에 카페가 보이길래 바로 슝 들어갔어요. 이쪽으로 식사하러 오질 않으니 카페도 첫 방문이네요!! 주소 : 서울 종로구 인사동9길 16 연락처 : 02-737-7888 영업시간 : 07:00 -18:00 휴무 : 일 따뜻한 바닐라라떼와 아이스바닐라라떼 주문이욧!! 여기 가격 완전 착해서 맘에 들어요!!! 음료도 생각보다 빠르게 나와서 테이크아웃 착착!!!! 이제 안동국시 오면 여기서 테이크아웃 하는 루트 구축!!!!
---
지난 주에는 투어팁스 오픈에디터 번개가 있었어요~ 투어팁스는 하나투어에서 운영하는 무료 가이드 맵북 제공 사이트인데, 세상구경꾼 필은 도쿄 런던 제주 지역 오픈에디터랍니다~^^ 갑작스러운 번개 공지에 달려간 곳은인사동 카페 헐리우드~ 조계사 맞은 편 아벤트리 호텔 뒤쪽으로 들어가니딱 있더라구요~ 뭐...요딴 거 파네요~ 와우~~!!!이런 분위기 짱 좋아염~!!! 예전엔 인사동 카페하면 당연히 전통찻집이었는데,요새는 캐주얼하게 맥주한 잔 가볍게 즐기는 갤러리 스타일의 카페가새롭게 등장하더라구요.... 2층 고고씽~ 넓은 자리가 있네요~ 메뉴판에는 온통 커피와 주스류 뿐이라 사진을 찍지는 않았는데,가격대가 뭐.....인사동 스럽더라구요~ 그게 정상이겠죠...ㅋㅋ 물병 모양이 예쁘네요~ 우와~!이건 뭔 맥주냥~!!! 맥주가 병 속에서 살얼음 식으로 나오더라구요~ 요렇게 하는 것도 요령이기는 한데,그냥 따르면 안되고,병맥주를 냉장고에서 꺼낸 후 약간의 충격을 주면 맥주가 이렇게 얼어요~!! 신기한 맥주와 함께 안주 즐겨요~ 화려한 비주얼에 비해맛은 쏘쏘해요 슬러시 맥주는 완전 신기했지만,안주는 그냥 그런....... 이게, 정상이겠죠..?? 요새 필 뭔가 꼬인 듯.... 꿀 찍어먹는 고르곤졸라 피자 등장~!! 피자를 테이블당 몇판을 주문한 건지....ㅋㅋㅋㅋ정말 배불리먹었쎄요~~~^^ 하지만, 치즈맛 보다는 빵맛이 강했던,,,,, 저 위쪽에 송스키친 피자가 훨 맛났음~!! 그래도 꿀 맛은 좋아좋아~~~ 각 지역 오픈에디터와의 즐거운 만남이었어요~^^
---
남친군이랑 인사동에 놀러갔어요. 인사동이랑 여기저기 돌아다니다가 배가고파진 우리는.. 어디를 갈지 몰라서 돌아다니다가 구석진곳에 있는 헐리우드라는 카페를 찾았답니다. 간단하게 뭔가 먹을 생각으로 들어갔는데 밥도 팔고 있어서 밥을 먹었어요. 더우니까 맥주도 한잔하고~ 새우 도리아와 매운 우동?을 시켰어요. 냠냠냠 흡입중인 남친군 맛있니? 친절하게 미역국까지 주셨어요 히히 탐나는 웃고있는 귀여운 병따개도 ㅋㅋ 먹고 아래 내려가보니까 카페도 있었어요. 귀찮아진 우리는 ㅋㅋㅋ 여기서 커피까지 마시면서 한가로운 시간을 보내요~ 종류가 참 많아요~ 커피는 대체로 4천원대랍니다. 저는 아이스더치커피, 어린이 입맛인 남친군은 유자스무디. 직접 만든것 같은 영양바까지 샀지요ㅋㅋ 내가 만든건 모양도 안이쁘고 별로였는데 ㅜㅜ 여기껀 맛있었어요 어떻게 저렇게 만들지... 그리고 무슨 추첨? 같은거 해서 저 사탕도 받았답니다 히히히힣 알고보니까 카페 헐리우드는 중국에서 유명한 체인점인가봐요. 막 중국어로 뭐라고 써있는 메모지도 있고, 중국 어디에 체인점이 있다는데 전 솔직히 잘은 모르겠어요 ㅜㅜ 밥이랑 커피랑 다 가격도 저렴하고 맛있었고 점원분들도 너무 친절했어요. 그런데 너무 구석에 있어서인지 사람이 그렇게 많지는 않았던게 아쉬움 ㅠㅠ 위치는 요기랍니다. 인사동에서 어느 골목으로 들어가면 됬었는데.. 잘 기억이 안나요 ㅜ 암튼 한번가보세요^.^",12.3
992c132e-7ac7-5255-8f9b-7a423de046bc,효제눅,카페,서울 종로구 창경궁로16길 69,종로구,1종로5가역 3번 출구,484,,,안녕하세요. 브런치 카페 카페 효제눅입니다.,,,주차 불가,True,False,False,False,False,,,999,"내부,음식·음료,파니니,샐러드,아메리카노,카페라떼,외부,메뉴판,동영상,동영상,동영상",0,465,0,0,154,"{""커피"": 91, ""샌드위치"": 69, ""파니니"": 66, ""샐러드"": 38, ""치즈"": 24, ""리코타치즈"": 16, ""바질"": 16, ""라떼"": 15, ""치킨"": 10, ""에스프레소"": 8, ""우유"": 8, ""리코타치즈샐러드"": 7, ""치아바타"": 7, ""카페라떼"": 5, ""닭가슴살"": 4}","{""맛"": 286, ""만족도"": 202, ""서비스"": 93, ""음식량"": 25, ""메뉴"": 17, ""분위기"": 16, ""가격"": 10, ""위치"": 7, ""배달"": 2, ""청결도"": 1, ""예약"": 1, ""대기시간"": 1}",19,3500,12800,8813.3,False,아메리카노 테라로사 원두(디카페인-프릳츠) 카페라떼 테라로사 원두(디카페인-프릳츠) 바닐라빈라떼 테라로사 원두(디카페인-프릳츠) 나뚜루 비엔나 라떼 무농약문경오미자차 hot. ice 리얼 꿀밤 고구마라떼 트리플 치즈 샌드위치 베이컨 애플 샌드위치 더블 치즈 바질 샌드위치 눅 바질페스토 샌드위치 눅 발사믹 샌드위치 크랜베리 치킨 샌드위치 루꼴라 샌드위치 하바티치즈 샌드위치 비프&머쉬룸 파니니,나뚜루 아이스크림이 들어간 라떼입니다(바닐라.녹차 선택) 직접 삶은 국내산 햇밤. 햇고구마. 꿀. 우유가 들어간 음료(hot. ice) 효제눅에서 직접 만드는 리코타치즈가 들어간 샌드위치입니다 효제눅에서 직접 만드는 리코타치즈가 들어간 샌드위치입니다,"어느덧 날이 풀려 포근함이 감도는 새벽, 효제눅에 들러 카푸치노를 마셨습니다. 거품의 질감과 우유의 풍미 사이에서 절묘한 균형을 잡아야 하는 의외로 까다로운 음료이기에, 만드는 이의 숙련도가 고스란히 드러나는 메뉴이기도 합니다. 제 짧은 커피 경험에 비추어 보건대, 이곳의 카푸치노는 언제나 변함없이 훌륭한 맛을 보여주었습니다. 입술에 닿는 푹신한 거품의 감촉, 그리고 강렬한 에스프레소를 부드럽게 감싸 안는 우유의 조화는 그야말로 더할 나위 없는 몰입감을 선사합니다. 정말 근사합니다. 그동안 이른 아침마다 정성이 깃든 근사한 커피를 만날 수 있어 참으로 행복했습니다. 일상의 시작을 향긋한 온기로 채워준 효제눅에 깊은 고마움을 전합니다. 그동안 고마웠어요!
---
실안개가 가득 낀 몽환적인 아침, 효제눅에 들러 따스한 카푸치노 한 잔을 마셨습니다. 예전에는 카푸치노가 카페라떼와 어떤 차이가 있는지 미처 알지 못했습니다. 그저 우유 거품의 층이 조금 더 두꺼운 정도가 아닐까 생각하곤 했지요. 하지만 오늘 효제눅의 카푸치노를 마시며 비로소 그 진정한 차이를 깨닫게 되었습니다. 이곳의 카푸치노는 한마디로 '단맛이 없는 아인슈페너'와 같았습니다. 정성스럽게 스티밍된 우유 거품은 마치 부드러운 생크림과 같은 질감을 선사했습니다. 입술에 닿는 폭신하고 촘촘한 밀도의 거품을 느끼며, 그 경이로운 질감에 마시는 내내 감탄을 금치 못했습니다. 우유와 커피가 단순히 섞인 것을 넘어, 질감의 조화가 주는 깊은 만족감이 일품이었습니다.
---
어스름한 새벽녘, 효제눅에서 에스프레소 한 잔을 마주했습니다. 어두컴컴한 새벽에 카페를 찾는 일은 일상의 다른 시간대와는 확연히 다른, 새로운 감성을 선사합니다. 모두가 잠든 시간에도 한결같이 불을 밝히며 부지런히 아침을 준비하는 사장님과 직원분들을 뵈면, 그 성실한 일상에 경외감마저 듭니다. 오랜만에 만난 에스프레소는 산미보다 기분 좋은 고소함이 입안 가득 먼저 다가왔습니다. 평소처럼 설탕을 더해 산미를 끌어올려 볼까 생각도 했지만, 원두 본연의 풍미가 주는 담백한 만족감이 충분하여 그대로 즐기기로 했습니다. 무엇보다 이 이른 시간에 따스한 에스프레소를 누릴 수 있다는 사실만으로도 그저 고마울 따름입니다. 새벽의 고요함을 깨워준 진한 한 잔 덕분에 오늘 하루도 든든하게 시작할 힘을 얻었습니다.
---
비 내리는 월요일, 가라앉은 마음을 안고 오랜만에 효제눅을 찾았습니다. 문을 열자마자 느껴지는 달큰한 커피 향은 월요일 특유의 우울한 기운을 다정하게 풀어주었습니다. 이제는 어느덧 익숙해진 에스프레소의 향미가 월요일 아침의 무거움을 걷어내 줍니다. 잔 속에 층층이 쌓인 크레마 레이어를 가만히 들여다보며, 이곳 에스프레소만의 독특한 풍미가 어디서 오는지 조심스레 짐작해 보았습니다. 보통 크레마의 쓴맛을 기피하기도 하지만, 저는 이 맛이야말로 커피의 진정한 정체성이라 생각하여 유난히 집착하곤 합니다. 요즘은 그 쓴맛이 신기하게도 고소하게 느껴집니다. 문득 우리 인생의 쓴맛도 이 크레마처럼 고소하게 느껴진다면 얼마나 좋을까 하는 헛된 생각에 잠시 빠져본 아침입니다. 오늘도 잘 마셨습니다!
---
영하 12도의 맹추위가 기승을 부리는 새벽, 차가운 공기를 뚫고 효제눅의 문을 열었습니다. 평소 즐기던 라떼에 작은 변주를 주고자 우유 대신 귀리우유를 선택해 보았습니다. 잔을 받아 드니 귀리 특유의 정겨운 고소함이 코끝을 먼저 반깁니다. 한 모금 머금어보니 일반 우유보다 은은한 단맛이 도드라졌지만, 기대했던 우유 특유의 쫀쫀하고 눅진한 질감은 다소 옅어진 듯해 미묘한 아쉬움이 남았습니다. 산미 있는 원두와 묵직한 우유의 조화를 선호하는 제 취향과는 조금 달랐으나, 고소한 풍미를 즐기는 분들께는 분명 매력적인 선택지가 될 듯합니다. 요즘처럼 매서운 추위에는 에스프레소만으로 몸을 데우기가 쉽지 않습니다. 하지만 두 손으로 감싸 쥔 따뜻한 라떼 한 잔의 온기는 얼어붙은 몸과 마음을 다독여주기에 충분했습니다.
---
카페 효제눅에서 맛본 카페라떼는 참으로 섬세한 한 잔이었습니다. 첫맛은 밝고 가벼우면서 산미가 은은하게 느껴졌고, 그 아래에는 우유의 고소함과 달콤함이 부드럽게 깔려 있었습니다. 훌륭하게 살아있는 스티밍의 질감 덕분에 마시는 재미 또한 상당했습니다. 입술에 부드럽게 닿았다가 남는 크림의 잔여감마저 기분 좋은 만족감을 줍니다. 가끔씩 따뜻한 음료가 간절해질 때, 이 카페라떼는 고민할 필요 없는 최고의 선택이 되어줄 것임이 분명합니다. 한 잔을 비우고 나니 몸이 포근하게 데워지면서 추운 겨울을 넉넉히 견딜 힘을 얻는 듯합니다. 항상 친절하신 사장님 덕분에 오늘도 행복한 기운을 얻어갑니다!
---
효제눅에서 에스프레소를 마셨습니다. 여전히 산미가 좋습니다. 호불호가 있을 수 있겠습니다만 제겐 호입니다. 데미타세 잔에 금이 가 있는 걸 발견했는데 사장님이 바로 조처해주셨습니다. 실수는 누구라도 저지를 수 있고 사고는 어디서나 날 수 있기에 항상 수습이 중요한 법인데 잘 처리해주셨습니다. 덕분에 맛있게 잘 마셨습니다.
---
영하 10도의 매서운 칼바람이 살을 에는 듯한 아침, 저는 카페 효제눅을 찾았습니다. 성에가 가득 찬 안경 너머로도, 많은 사람들이 옹기종기 모여 따뜻한 커피를 기다리는 모습이 보였습니다. 추위 속에서 잠시나마 온기를 찾고자 하는 이들의 대열에 저 또한 기꺼이 동참했습니다. 오랜만에 마주한 효제눅의 에스프레소는 변함없이 훌륭했습니다. 입안 가득 멋진 산미를 발산하며, 깔끔하고 군더더기 없는 뒷맛을 남겼습니다. 이 30ml의 작은 한 잔이 가져다주는 순간의 여유는 실로 귀합니다. 이곳은 추운 겨울, 곧 업무를 시작할 많은 이들에게 짧지만 소중한 쉼표를 제공하는 공간입니다. 에스프레소의 강렬한 산미와 깔끔함이 차가운 겨울 아침을 상쾌하게 깨우는 듯했습니다. 오늘도 감사히 잘 마셨습니다.
---
전반적으로 깔끔하고 담백하면서 빵이 맛있어요 글고 든든한 한끼가 되어줘요🍞 리코타 샐러드는 치즈가 듬뿍이라 감덩,,빵이랑 같이 먹으니까 조합이 정말 좋았어요😆 디카페인커피도 고소한 편이라 음식이랑 잘 어울려요! 동네 주민분들도 많이 오시는것 같고 손님이 끊이질 않는 샌디치 맛집 🥪🥙💚직원분들도 친절하시고,, 잘먹구가요
---
커피도 저렴한데 맛있고 특히 파니니 진짜 맛있어요",아침,0.7,0.3,0.0,혼자,0.875,0.0,0.0,일상,4.6,,
77292c4e-cc2e-56db-b7f0-156537381a1b,커피다이어리,디저트,서울 중구 다동길 43,중구,2을지로입구역 2번 출구,267,,,,,,,False,False,False,False,False,,,,"이전 페이지,커피다이어리,페이지 닫기,거리뷰,커피다이어리카페,디저트,방문자 리뷰 42,출발,도착,저장,거리뷰,공유,홈,메뉴,리뷰,사진,로딩중",0,27,0,0,0,"{""2"": 7, ""1"": 0, ""리뷰"": 12, ""커피"": 4}",{},19,2000,3000,2700,False,"이전 페이지 커피다이어리 페이지 닫기 거리뷰 커피다이어리카페,디저트 방문자 리뷰 42 출발 도착 저장 거리뷰 공유 홈 메뉴 리뷰 에스프레소 아메리카노 카페라떼 카푸치노 헤이즐넛",,"터투리갸곡ㅍ야조드ㅑ겇
---
굳굳
---
커피맛도 좋고, 무엇보다 테이크아웃이아닌 구내식당같지만 나름 아늑한 분위기의 카페라 가성비면에서 만족 가성비가 좋아요
---
굿 가성비가 좋아요
---
깨끗해요
---
개거누나누주자나너
---
굳!
---
요즘 보기드문 착한 커피값~~~
---
매장 넓고 사장님 친절하세요~ 커피값도 저렴하고 가성비 좋아요",점심,0.0,1.0,0.0,지인·동료,0.0,0.0,0.25,일상,1.5,,
212f9f4c-58f3-552f-920e-11d652d6f600,커피로스팅하우스,카페,경기 양주시 고암길 358,양주시,,,,,,,,,False,False,False,False,False,139,4,,"이전 페이지,커피로스팅하우스,페이지 닫기,거리뷰,커피로스팅하우스카페,알림받기,방문자 리뷰 139블로그 리뷰 4,출발,도착,저장,거리뷰,공유,홈,메뉴,리뷰,사진",0,68,0,0,0,"{""6"": 8, ""3"": 2, ""2"": 6, ""1"": 4, ""리뷰"": 63, ""커피"": 15, ""라떼"": 2, ""바닐라라떼"": 2, ""드립커피"": 1, ""레몬에이드"": 1, ""모과차"": 1, ""스무디"": 1, ""아메리카노"": 1, ""에이드"": 1, ""와인"": 1, ""초코라떼"": 1}","{""맛"": 25, ""만족도"": 17, ""서비스"": 9, ""메뉴"": 2, ""청결도"": 1, ""분위기"": 1, ""가격"": 1, ""목적"": 1, ""대기시간"": 1}",25,3000,5000,4000,False,이전 페이지 커피로스팅하우스 페이지 닫기 거리뷰 커피로스팅하우스카페 알림받기 방문자 리뷰 139블로그 리뷰 4 출발 도착 저장 거리뷰 공유 홈 메뉴 리뷰 에스프레소 아메리카노 카페라떼 카푸치노 카라멜 마끼아또 카페&화이트카페 모카 바닐라라떼 헤이즐넛라떼 아포카토 더치커피,,"아아랑 바닐라라떼 맛있어요!!! 사장님도 친절하세영~
---
레몬에이드 맛집이예용😍👍 음료가 맛있어요+4
---
좋아요
---
굿
---
초코라떼, 바닐라라떼 좋아요.💯
---
좋아요
---
굿 친절해요
---
아라비카와 로부스타는 제 스타일이 아니라서 잘 안마시는데 정밀 맛있어서 자꾸 마시게되네요. 공간도 이쁘고 직접 로스팅 하시는거 같던데 그 덕에 더 맛있는거같아요. 코너 창도 너무 이뻐서 눈오는 뷰 잘 즐기다 갑니다!",저녁,0.0,0.4,0.6,지인·동료,0.125,0.25,0.125,일상,4.4,"안녕하세요. 애용이예요. 오늘은 봉우마을5단지 바로 앞에 위치한 커피로스팅하우스에 대해.소개할게요. 도대체 왜 이제 방문했는지 아쉬울 만큼 좋은 동네커피 맛집이였어요.!! tip) 양주사랑카드 가능 밖에서 보면 꽤나 잘 가려두어서 내부모습이 보이지 않아 그냥 잘 안가게 되도라구요. 근데 오히려 내부를 잘 가려놓아서 안에 들어갔을때 편하고 창문 아랫부분만 잘 가려놓으셔서 경치구경하기에도 좋았어요.ㅎㅎ 내부는 생각보다 널직널직하고 깔끔하고 노래도 선곡도 좋았어요. 요즘 노래이면서 적당히 신나는 곡들 틀어주셔서 금요일 오후를 즐겁게 보냈어요.!! 커피 원두도 중간중간에 있어서 그런지 평소에도 향긋한 커피향이 나요>< 창가자리는 best예요!!! 딱 여기가 바깥구경도 가능하고 안락하고 자리도 편하고 너무너무 좋았어요!! 의자가 안으로 쑥 들어가서 안정감이 드는데 또 살짝 딱딱해서 자세가 흐트러지지도 않고 엉덩이도 불편하지 않은 의자예요 저는 오늘 카페라떼가 너무 땡겨서 카페라떼(ice)시켰고 남자친구는 바닐라라떼(ice)로 주문했어요. 그 외에도 주문 가능한 메뉴가 너무 다양해서 놀랬어요.!! 와인부터 다양한 원두의 커피까지 가능한 곳이예요!! 수제포도와인과 레드와인에이드, 블루와인에이드가 이색적이면서도 신기하네요.ㅎㅎ 원두도 예약하시면 판매한다고 해요.!! 디저트도 케익부터 다양하게 있는데 가볍게 요기하기 좋은 빵들도 있었어요.ㅎㅎ 기대 이상 커피향과 양과 맛이였어요. 딱 커피를 내리실때부터 커피의 은은한 향에서 훅들어오는 부드러운 커피향이 가게를 가득 채웠어요.ㅎㅎ 커피 양도 많고 얼음도 한가득 예쁜 잔에 타 주셔서 넘 좋았어요.!! 커피 받침대까지 센스가 넘넘 좋은거 같아요. 라떼는 부드럽고 은은한 딱 동네커페에서 즐길수 있는 제가 마시고 싶었던 라떼였구요. 바닐라라떼는 확실히 쫌 더 달고 부드러워서 당땡길때 좋을거 같은 맛이였어요. 어째든 이 근처에 사시는 분들이나 어린이집에 아이들 데려다주러 오시는 분들 모두 커피로스팅하우스에서 기분좋은 음료한잔 즐겨보세요. 기분이가 아주 좋아져요.!!>< #덕정카페 #봉우마을5단지카페 #커피로스팅하우스 #커피맛집 #양주커피 #원두판매 #수제포도와인 #동네커피 #양주카페
---
늦잠자는 휴일^^ 피로를 쏵푸시구요 한해 잘 마감하세요 ♡ 소개할 곳은 사장님이 과테말라까지 가서 직접 배운 커피 로스팅 빵은 사모님이 만드신대요 인테리어는 엣날 감성의 커피숍이라 더 정감가는 커피숍 아아 따아 라떼 미니크로와상 애플파이 허니브레드 시켜서 먹었어요^^ 맛보며 얘기하고 노느라 사진 찍는 타임은 놓쳐서 다음을 기약할게요^^ 암튼 맛났습니다^^ 커피숍 사장님이 나이가 있으심에도 커피열정이 대단하시더라구요 ㅎ #커피로스팅하우스 #양주커피숍
---
덕정 인아프라자내에 위치한 커피로스팅하우스 입니다 coffee roasting house 커피로스팅하우스는 아담한 크기의 포근한 느낌이 드는 커피숍입니다 저는 아이스흑당버블티와 지인은 아이스카페모카를 주문했어요 허니브레드도 추가 ♡ 매장에선 몰랐는데 사진보니 의자발 마다 테니스공이 끼워져 있네요 ㅎㅎ 카페 디저트로 좋은 허니브레드 허니브레드는 커피숍을 갈때마다 자주 먹는편인데 맛은 다 비슷한 편인거 같더라고요 달달함과 생크림은 조합은 항상 최고 ♡ 음료 주문할때 휘핑크림이 필요한지 물어 보셨는데 음료가 너무 달아질까봐 휘핑크림 없이 마셨어요 양이 엄청 많죠??? 안에 내용물이 달라지면 맥주컵으로 변신할지도 몰라요 ㅎㅎ 창가자리에 앉아 바깥 풍경을 보면서 잡다한 얘기도 하고.... 좋은 시간을 보내다 왔어요 엄청 큰 규모이거나 이색 커피숍은 아니지만 편안한 분위기를 원하신다면 괜찮으실것 같아요 부담스럽지 않으니깐요^^ 덕정주공5단지 주민들이 많이 애용할것 같은 이곳 커피로스팅 하우스 내돈 내산으로 다녀온 후기였습니다",9.7
91bc77e5-742c-53d6-8bcb-f9eafd43d667,커피볶는성군 2호점,카페,서울 동대문구 답십리로69길 75,동대문구,,,0507-1308-7325,http://coffeeroastermrsung.com,,,,,False,True,False,False,False,313,45,,"이전 페이지,플레이스,페이지 닫기,서비스 이용이 제한되었습니다.,과도한 접근 요청으로 서비스 이용이 제한되었습니다.,잠시 후 다시 시도해주세요.,IP: 211.192.210.178(2026.03.09 14:30:16),이전화면새로고침",0,0,0,0,0,{},{},6,,,,False,플레이스 서비스 이용이 제한되었습니다. 과도한 접근 요청으로 서비스 이용이 제한되었습니다. 잠시 후 다시 시도해주세요. 이전화면 새로고침,IP: 211.192.210.178(09/Mar/2026:14:29:59 +0900),,,,,,,,,,,,,
a3ccf369-02f8-5e3e-8bbf-cc722483bfd7,커피브론즈,디저트,서울 종로구 율곡로5길 20 1층,종로구,3안국역 1번 출구,187,0507-1370-8221,http://linktr.ee/coffeebronze,COFFEE BRONZE ROASTERS,,,주차 불가,True,True,False,False,False,,,999,"내부,음식·음료,카페라떼,라떼,아메리카노,외부,메뉴판,동영상,동영상,동영상,동영상",0,758,0,0,213,"{""커피"": 319, ""케이크"": 280, ""딸기케이크"": 164, ""카푸치노"": 67, ""라떼"": 42, ""과일"": 34, ""아메리카노"": 28, ""아인슈페너"": 14, ""생크림케이크"": 10, ""우유"": 10, ""쿠키"": 10, ""초콜릿"": 8, ""치즈"": 8, ""초코케이크"": 7, ""치즈케이크"": 7}","{""맛"": 489, ""만족도"": 300, ""서비스"": 111, ""분위기"": 56, ""대기시간"": 25, ""청결도"": 22, ""메뉴"": 19, ""가격"": 14, ""음식량"": 10, ""위치"": 10, ""목적"": 5, ""예약"": 2, ""방역"": 1, ""주차"": 1}",8,4500,7500,5812.5,True,카페라떼 블랙론즈카푸치노 에스프레소 쇼콜라떼 아인슈패너 (Hot or Iced) 더블라떼 카페아메리카노 피콜로라떼,,"회사 근처인데 커피도 디저트도 맛있어서 직장동료들과 자주 오는 카페에요:) 레몬케익은 처음 먹어봤는데 상큼하고 달달해서 맛있었어요! 핫초코는 짙은 초코 맛이 특징이었고 마시멜로우 들어 있는 게 좋았어요🤍
---
안국 분좋카 💕 저는 연말 & 연초 무렵 안국에 오면 커피브론즈 생각이 꼭 나더라구요. 😁 직원분들 다들 너무 친절하셔용 🫶 시그니처 음료 블랙론즈 카푸치노랑 레몬 케이크 먹었습니다. 쏘 스윗☕️🍋🎄🫰
---
딸기케이크가 먹고싶어서 방문했어요. 케이크는 과일이 들어간 케이크가 괜찮은것같고 자리마다 생화가 있는게 좋은것같아요. 아아보단 블랙론즈카푸치노가 더 맛이 좋았고 화장실은 내부에 키를 챙겨서 외부로 나가야하는데 깔끔했어요. 평일에 방문하면 웨이팅이 없습니다. 친절해요+1
---
두번째 방문인데 드디어 딸기케이크먹어요:) 그런데 추가로 시킨 발로나케이크도 너무 맛있어요😆 그리고 제가 원하는 스타일로 커피 바꿔서 만들어주신 남자사장님👍너무 감사드리고 진짜 맛있어요! 일부러 리뷰까지 씁니다. 먹으면서ㅋㅋ감동입니다💛 다들 친절하시고 음료☕️랑 케이크 🍰다맛있어요!!! 또 올께요!!!번창하세요!!!
---
딸생케가 나왔네요🥰😍 커피브론즈 최애 케이크ㅜㅜㅜㅜ 오랜만에 먹었는데 여전히 맛있었어요🤤🤤 생크림도 부드럽고 달달하고ㅜㅜ 같이 먹은 초코케이크도 넘 맛있었어요! 두개 맛 조합이 좋았달까ㅎㅎ 아메리카노는 허니플라워 원두로 선택해서 마셨는데 산미가 풍부해서 넘 마음에 들었어요🫶🫶 산미파인데 맛있는 커피 찾기가 힘들더라구요ㅜㅜ 커피브론즈는 커피도 맛있고 디저트도 맛있어서 올때마다 만족하면서 돌아가는거 같아요🫠🫠 크리스마스 트리와 장식도 넘 이쁘구ㅎㅎ 사람들이 많아지니까 조금 와글와글 해지기는 했는데 감안할만한 맛입니다ㅋㅋㅋㅋ오늘은 김밥팝업 들른김에 카페 오픈런했는데 웨이팅도 없고 한가로워서 좋았어요!
---
사장님 완전 친절하셔요!! 커피도 깔끔하니 맛있고 원래는 딸기케이크 먹으러간건데 아침에 벌써 품절이라고 ㅠㅜ 인기를 실감하네요 ㅋㅋ 다음에 또올게요~!
---
안국 최고의 카페. 수 년째 단골인데 언제 가도 바리스타분 솜씨가 항상 일정하게 좋으시고 너무 친절해요. 사진 속 카푸치노의 아름다운 우유 스팀이 보이시나요...🥹 그리고 겨울시즌에만 먹을 수 있는 딸기쇼트케이크도 최고입니다🍓🍰
---
점심시간에 방문했는데 항상 사람이 많아요.케이크가 부드럽고 맛있어요
---
딸기케이크에 커피한잔, 여유로워서 좋았어요
---
커피도 맛있고 디저트도 맛있고 친절해서 가장 좋아하는 카페 중 한 곳이에요! 오래오래 있어주세요!",점심,0.1,0.9,0.0,지인·동료,0.25,0.0,0.375,일상,2,,
3cc52bec-0f5b-594d-9de2-fcb3c71455eb,,,,,,,,,,,,,False,False,False,False,False,,,,,0,0,0,0,0,{},{},0,,,,False,,,,,,,,,,,,,,,
e7e5c5f5-80b3-5835-bfb5-01aef8fe9f48,커피스토리,디저트,경기 군포시 둔대로 8-11,군포시,,,0507-1306-0646,,,,,,False,False,False,False,False,727,46,,"이전 페이지,커피스토리,페이지 닫기,이미지 갯수,+788,커피스토리카페,디저트,알림받기,별점,4.19방문자 리뷰 727블로그 리뷰 46,연하게 내린 커피의 부드러운 매력,출발,도착,저장,거리뷰,공유,홈,메뉴,리뷰,사진,내부,음식·음료,아메리카노",0,248,95,0,0,"{""2"": 48, ""1"": 6, ""9"": 5, ""리뷰"": 315, ""커피"": 51, ""젤라또"": 11, ""호두파이"": 9, ""아이스크림"": 8, ""라떼"": 5, ""아메리카노"": 3, ""커피콩빵"": 3, ""강정"": 1, ""디카페인아메리카노"": 1, ""맥주"": 1, ""바닐라카페라떼"": 1, ""보리빵"": 1, ""쑥라떼"": 1, ""에이드"": 1, ""자몽주스"": 1}","{""만족도"": 105, ""맛"": 78, ""서비스"": 21, ""분위기"": 15, ""전망"": 9, ""주차"": 3, ""가격"": 3, ""위치"": 1, ""목적"": 1, ""대기시간"": 1}",19,5000,5000,5000,False,"이전 페이지 커피스토리 페이지 닫기 이미지 갯수 +788 커피스토리카페,디저트 알림받기 별점 4.19방문자 리뷰 727블로그 리뷰 46 연하게 내린 커피의 부드러운 매력 출발 도착 저장 거리뷰 공유 홈 메뉴 리뷰 아메리카노",,"급 방문했는데 커피맛도 좋고, 직원분들도 친절하셔요 :) 2층에서 호수 보며 마시고 싶었는데 2층엔 자리가 없어서 1층 구석(?)진 곳에서 마셨지만, 프라이빗한 공간이라 오히려 좋았네요~!!
---
입구쪽에 앉아서 추웠지만 ㅠㅠ.. 그래도 자리가 있어서 좋았어요! 매장 넓고 좋네요^^ 디저트가 맛있어요+1
---
드라이브삼아 나와서 잘먹고갑니다~~
---
여유로운 분위기가 좋았어요 평일이라 손님이 적은 시간 라떼가 맛있어서 더 즐거운 시간 보내고 온거 같아요 오늘도 고맙습니다💚
---
분위기 좋습니다~!
---
점심 먹고 젤라또 먹으러 왔는데 아이스크림 쫄긴하니 맛있음^^ 디저트가 맛있어요+2
---
커피 연하게 맛있어요 친절하시고 드라이브다녀오시면서커피~~
---
반월호수근처 카페 찾다가 가게됐는데 괜찮았고 매장이 1호점 2호점인데 2호점이 뒷편에 따로 있어서 아이들이랑 가기 좋았어요
---
반월호수앞 2층에서 따뜻한커피 한잔~커피 맛있고 여유롭고 좋아요
---
물왕리 옴 잘 들리는 까페이다 어떨땐 앉을 자리가 없을때도 있다 뷰가 좋아서 또 가고 싶다",점심,0.1,0.9,0.0,연인·배우자,0.0,0.5,0.375,일상,1.1,,
0d9a3183-4f39-5865-9ecb-2dd97a47c2e0,커피스트,카페,서울 종로구 경희궁길 39,종로구,3경복궁역 7번 출구,634,,http://coffeest.com,"세월을 담은 커피 광화문 커피스트 Since 2003, 지구 정거장, 맛있는 핸드드립 커피, 로스터리 샵. 커피스트 원두, 광화문 카페, 온기와 이야기, 깊은, 한결같은, 매일 만나고 싶은, 본질의, 향기로운, 따뜻한, 최고의 커피",,,,True,True,False,False,True,705,743,999,"내부,음식·음료,핸드드립커피,외부,메뉴판,동영상,동영상,동영상,동영상",0,361,0,97,0,"{""커피"": 214, ""비엔나커피"": 68, ""드립커피"": 26, ""라떼"": 15, ""케이크"": 12, ""핸드드립"": 11, ""레몬케이크"": 6, ""브라우니"": 5, ""카페라떼"": 5, ""당근케이크"": 4, ""레몬차"": 3, ""까눌레"": 2, ""아메리카노"": 2, ""카페모카"": 2, ""카푸치노"": 2}","{""맛"": 196, ""만족도"": 129, ""분위기"": 51, ""서비스"": 15, ""메뉴"": 7, ""가격"": 7, ""음식량"": 6, ""목적"": 4, ""청결도"": 1, ""위치"": 1, ""대기시간"": 1}",3,6500,7500,7166.7,True,핸드드립 비엔나 미스시이공,,"오랜만에 방문했습니다. 의자나 테이블이 기성품이 아니라 공간 자체가 유니크했고, 여전히 커피에 집중한 분위기가 인상적이었습니다. 커피 맛도 좋았고, 한적한 동네 분위기와도 잘 어울리는 카페라고 느꼈어요. 에무시네마에 올 일이 있다면 함께 들르기 좋을 것 같습니다. 잘 먹고 갑니다.
---
언제 와도 좋은 곳.. 🤍혼자 책 읽으러 와도 좋고, 지인과 대화 나누기에도 좋은 장소에요. 커피스트만의 분위기가 독보적이라 몇 년째 계속 찾게 되는 매력이 있어요. 날이 따뜻할 때는 테라스에 앉아있기 좋아요🍂🍁 주말엔 사람이 많아서 평일 추천드려요!
---
20년 넘게 영업 중인 종로 경희궁로의 대표 카페. 오늘의 커피 콜롬비아+레몬케이크 14000원. 스모키함이 감도는 향이 제법 묵직. 쓴맛이 살짝 감돌고 바디감도 적당. 산미는 중간 정도. 다크 초콜릿 향도 슬며시 존재감. 오랜만에 따뜻하게, 쓴맛도 느껴지면서, 바디감도 제법 있는 커피를 마시니 새롭다. 성곡미술관 바로 앞 고즈넉한 골목길에 자리잡고 있다. 오래된 가게 답게 세월의 아우라가 느껴진다. 평일 12시쯤 되면 사람들 몰려오며 카페가 시끌시끌해지므로 오전 11시~11시30분 사이에 오는 걸 추천. 레몬케이크는 산뜻새콤달콤이라 콜롬비아 커피랑 참 잘 어울렸다. 오래 살아남은 카페엔 역시 이유가 있는 법! 월~토 9:00~21:00, 일욜 12시~6시 영업 일본 Elbe 커피잔도 넘 이쁘다.
---
에무시네마 오면 여길 꼭 들러야 한다길래 .. 드디어 와봤어요. 산미있는 커피가 맛있었고 바나나 케익도 시켜봤는데, 처음엔 가격에 비해 케익이 작아보여서 약간 뾰로통해있다가 한입 먹고 살짝 풀렷어요.. 윗부분엔 설탕이 뿌려져있어 달달하고 바삭한게 넘 맛있네요. 친구가 비엔나커피랑 당근케이크가 그렇게 맛있다고~~ 추천을 해서 다음에 또와야겠어요 ☕️
---
서울 홍난파 가옥 주위 놀러갔다가 검색으로 알게된 블루리본 커피집입니다. 핸드 드립으로 내린 커피 참 부드럽네요
---
갑자기 내린 비도 운치있다 느껴질만큼 분위기 좋은 공간입니다 오랜 시간 자리를 지켜줘서 고마운 공간! 직원분들도 친절하시구 좋아요
---
비엔나커피 라는 메뉴가 있는걸 지금까지 몰랐네요. 맛있습니다
---
서울 3대 커피맛집이래서 찾아가본 드립커피 전문점 커피스트 누가 정했는진 모르겠는데 여기 커피 맛있어요! 산미 좋아한다했더니 원두도 추천해주시고 잔도 향이랑 어울리는거 골라서 주심 아주 감성 넘칩니다 ㅋㅋ 한적한 위치에 음악도 조용조용해서 그런지 매장이 가득찼는데도 아주 조용해요 주의사항같은거 없는데도 다들 소근소근 조용하게 책 읽으면서 커피향 즐기기 좋았어요
---
3-4년 만에 온 것 같은데 여전히 맛있어요ㅠㅠ
---
핸드드립 커피맛이 좋습니다. 간혹 라테에 우유양이 많아 맛이 없는경우가있는데 적당해서 라테맛도 좋아요.",점심,0.1,0.7,0.2,혼자,0.714,0.0,0.143,일상,1.3,,
7d9c664c-971f-5853-ac45-4d6dc2dcce1e,,,,,,,,,,,,,False,False,False,False,False,,,,,0,0,0,0,0,{},{},0,,,,False,,,,,,,,,,,,,,,
4785ed26-105c-5a37-8c27-d850b6a1bc75,커피온리 공덕역점,카페,서울 마포구 마포대로8길 9 1층,마포구,56공항경의중앙공덕역 4번 출구,254,,,한 자리에서 10년 이상 꾸준하게 영업하며 고객들과 소통해온 믿을 수 있는 카페 맛집입니다. 알고 계신 정보와 다른 정보가 있나요? 사진으로 간단하게 제보해 주세요. 정보 수정 제안하기 이용약관고객센터리뷰운영정책신고센터 네이버,,10:00-11:00,,True,False,False,False,False,725,7,,"음식·음료,아이스티",0,150,22,0,0,"{""커피"": 27, ""라떼"": 3, ""아메리카노"": 3, ""흑당라떼"": 2, ""에이드"": 1, ""청포도에이드"": 1, ""카페라떼"": 1, ""흑당버블라떼"": 1}","{""만족도"": 76, ""맛"": 40, ""가격"": 22, ""서비스"": 14, ""음식량"": 2, ""메뉴"": 1, ""분위기"": 1}",10,1500,4200,2760,True,"아메리카노(L) 옵션:다크블렌드(묵직한바디)/스페셜티블렌드(풍부한향미) 디카페인 아메리카노(L) 옵션:디카페인아메리카노/디카페인콜드브루 카페라떼(L) 옵션:서울우유/아몬드브리즈(오리지널)/매일두유 복숭아아이스티(L) 얼그레이티 첨가, 아샷추 가능 레드뱅쇼(L) 논알코올, 천연과일로 만든 음료",,"사장님 친절하시고 커피도 저렴해서 좋아요. 디카페인 생겨서 더더더 좋아요 😀
---
패스오더로 미리 주문 가능하면 좋겠어요! 요즘 이벤트도 많이 하더라구요~
---
조아용
---
사장님이 너무 친절하시고 가격도 합리적 입니다 매일 아침 웃는 얼굴로 인사해주시고 안부도 자주 물어봐서 너무 편하게 이용중입니다😁😁 원두는 다크와 산미가 있는데 개인적으로 다크가 더 고소하고 맛있네요! 주변 다른커피도 마셔봤지만 여기 다크 원두가 제일 맛있어서 여기 커피만 마시게 되네요! 다른 여러가지 음료도 마셔봤는데 역시 다 맛있네요ㅠㅠㅠㅠ
---
굿
---
가성비 굿~
---
사장님이 매우 친절하십니다! 용기도 늘씬하고 매일 바뀌는 홀더도 넘 예뻐요 ❣️커피 맛도 굿👍 🤗
---
커피맛 좋아요~
---
공덕역 커피온리 막심커피 커피가 달달하고 되게 맛있네요~^^ 조금씩 음미하며 먹어도 좋아요 일반 라떼랑 달라요 맛이 아주~ 깊어요!ㅎ 막심커피 감칠맛 돌고 되게 맛나요ㅎ 이름도 귀엽고요ㅎ 사장님 친절 키오스크로 주문도 편리했어요ㅎ
---
사장님 넘 친절하시고 좋아요! 커피 잔도 늘씬하고 홀더도 예뻐요 🙂",점심,0.0,1.0,0.0,혼자,1.0,0.0,0.0,일상,6.8,"치밀 딸기밀크티 3,900원 ★★☆☆☆ 내가 생각한 치즈폼 밀크티의 단짠단짠 느낌이 아니라 약간 달기만 한 음료 느낌
---
안녕하세요. 한양대 어반주짓수 행복유술가입니다. 비가 많이 내리는 장마가 시작인 거 같습니다. 월요일 한양대 어반 주짓수 일상 아침은 스탠딩에서 좋은 그립 잡는 연습을 했습니다. 안 하던 걸 해서 그런지 많이 힘들었나 봅니다. 저녁 7시 수업은 하프가드를 잘하는 재훈씨를 초대했습니다. 다들 수업 만족도가 높아서 좋습니다! 8시30분 수업은 하프가드 패스!! 정말 쉽게 잘 알려줘서 다들 잘 따라했습니다ㅎㅎ 하프가드 장인 감사합니다~! 한양대 주짓수 화요일 일상 화요일 10시 선수부 하기 전 항상 커피를 사서 들어갑니다. 즐거운 선수부 완료!! 정말 힘들었지만 즐겁습니다. 저녁 7시 스탠딩에서 엑스가드 들어가는 법! 저녁 8시 30분 손님이 두 분이나 오셔서 두 분 다 즐겁게 운동했습니다. 한 분은 너무 재미있었다고 잠실 와이어 주짓수에 등록 예정이라 하고 하니 뿌듯합니다. 역시 방배 강한 관장님이 계셔서 그런지 강한 파란 띠분이 오셔서 저도 재미있게 스파링했습니다 ㅎㅎ 한양대 주짓수 수요일 일상 하늘 보니 비가 많이 올 거 같았습니다. 그래서 우산을 챙겼지만 버스에 두고 내렸네요 ㅠ 수업을 시작하고 끝날 때쯤 비가 엄청 많이 왔습니다ㅠ 하ㄹ씨는 비 맞으면서 자전거를 타고 가시고 희ㅂ형님은 비 맞으면서 오토바이를 타고 가셨습니다 ㅠ 비가 많이 와서 많이 안 오시겠다 했는데 생각보다 많이 와주셔서 감사합니다 ㅎㅎ 8시 30분은 가볍게 몸 풀고 스파링 후 부족했던 부분을 연습하는 수업을 했습니다. 가끔 이런 식으로 하면 너무 재미있습니다. 한양대 어반주짓수 목요일 일상 이번에 연수 받아야 해서 9시에 신청하는데 빨리 눌렀다고 생각했지만 대기자가 많았습니다ㅠ 10시 선수부 연수 신청하느라 너무 딱 맞춰서 도착해서 너무 죄송했습니다 ㅠ 스파이더 가드에서 라쏘가드로 전환 라쏘기본 스윕까지 이제 다들 능숙합니다 ㅎㅎ 저녁 8시30분은 가드패스 드릴하고 한 팀씩 스파링 했습니다. 집중해서 볼 수 있었는데 이제 다들 주짓수에 적응을 많이 해서 뿌듯했던 기억이 있습니다. 처음은 어렵지만 처음 시작하시는 분들은 3개월만 지나면 적응하고 체력이 생겨 웃음이 많아지고 행복해지는 거 같습니다. 시간표 아침부 07:00~08:00 (월,수,금) 키즈부 17:00~17:50 (월,수,금) 저녁부1 19:00~20:00 저녁부2 20:30~21:30 토요일 10:00~11:00 ☎ 상담문의 0507-1335-7545 #왕십리주짓수#한양대주짓수#행당주짓수#응봉역주짓수#왕십리어린이주짓수#행당어린이주짓수#토요일주짓수...
---
공덕역 커피온리 테이크아웃 커피숍 아메리카노 900원! 공덕역 커피온리 테이크아웃 커피숍 아메리카노 900원인 곳을 발견했어요~!! 요즘 이렇게 까지 가격착하면서 커피맛괜찮은곳 찾기힘든데요~ 아메리카노가 900원이라니......... 커피온리 공덕역점 서울시 마포구 마포대로8길9 #공덕역빅사이즈커피 #공덕역아메리카노 #공덕역커피온리 #공덕역커피숍 그린티밀크, 아이스티, 치밀티 초코밀크, 더블모카라떼, 그린티밀크, 막심커피 등등 메뉴는 다양했고 테이크아웃만 가능한곳이였어요~ 아메리카노 s사이즈는 900원 라지사이즈는 1500원인데요~ 저는 무조건 라지사이즈!ㅎㅎㅎ 셀프주문대에서 직접주문하고 번호표를 받은뒤 화면에 보이는 제번호가 나오면 받아가는 시스템이예요~ 카톡챗봇주문도 가능한 매장이라고하네요 다음에 해봐야겠어요 ㅎㅎㅎ 빨대랑 홀더 그리고 봉투가 진열되어 있어서 각자 알아서 테이크아웃해가면된답니다^^ #공덕역빅사이즈커피 #공덕역아메리카노 #공덕역커피온리 #공덕역커피숍 사이즈도 크고 가겨도 착하고 맛도 괜찮은 공덕역 커피온리 테이크아웃 커피숍 아메리카노~ 자주자주 방문할예정이예요!^^ #공덕역빅사이즈커피 #공덕역아메리카노 #공덕역커피온리 #공덕역커피숍",21
32b0610a-901f-5b33-9852-b6baedc716fe,커피인류 고등점,카페,경기 성남시 수정구 고등로1길 6 1층,성남시,,,0507-1388-5786,https://www.instagram.com/coffeeinryu_godeung?utm_medium=copy_link,"맛있다고 광고하려면, 정말 맛있어야 하고 매일 로스팅한 커피라고 광고하려면, 정말로 매일 로스팅 해야하며 건강하고 양심적인 커피라고 말하려면, 정말 건강하고 양심적인 커피여야 합니다. 우리는 특별한 생두를 선별하여 1년에 3천회 이상 로스팅 하고 사회상규와 조리에 어긋나는 일체의 행위를 지양하며 신의와 성실의 원칙에 입각하여 손님의 정당한 이익을 고려하고 그 신뢰를 저버리지 않게 장사합니다. 이 정직한 커피 한잔이, 힘든 세상살이에 지친 우리에게 작은 위안이 되었으면 좋겠습니다. 우리는 신 인류, 커피인류 입니다.",,,,True,True,False,True,True,289,41,,"내부,음식·음료,아메리카노,플랫화이트,동영상,동영상",0,127,48,72,0,"{""커피"": 43, ""라떼"": 28, ""딸기라떼"": 11, ""바닐라라떼"": 11, ""흑임자"": 4, ""흑임자라떼"": 4, ""다쿠아즈"": 3, ""마카롱"": 3, ""아메리카노"": 3, ""아인슈페너"": 3, ""플랫화이트"": 3, ""더치커피"": 2, ""딸기에이드"": 2, ""밀크티"": 2, ""스콘"": 2}","{""맛"": 61, ""만족도"": 60, ""분위기"": 19, ""서비스"": 15, ""메뉴"": 14, ""가격"": 4, ""위치"": 3, ""음식량"": 1, ""배달"": 1, ""주차"": 1, ""목적"": 1}",18,500,5800,4366.7,True,Espresso 아메리카노 Signature 바닐라라떼 스트로베리가든 아샷추 디카페인 아샷추 아이스티 동경라떼(연유라떼)ice 밀크슈페너ice 딸기에이드 Espresso 카페라떼 Espresso 카푸치노 HOT 음료만 가능합니다 Espresso 캐러맬 Espresso 플랫화이트 Espresso 디카페인변경 모든 음료 디카페인 변경 가능합니다 Brewing 더치커피 HOT/ICE 음료 가능합니다,,"커피도 맛있지만 디저트는 더 맛있어요 :) 디저트를 르코르동 출신 파티쉐가 만든다고 알고 있어요. 고등동 커피 인류 추찬합니다!
---
볕이 가득 들어와서 좋았어요. 카페 분위기가 좋아서 라떼도 더 맛있는 것 같고, 휘낭시에도 맛있었어요.
---
간단히 쉬다가기 좋습니다 - 주차: 인근 빈곳에 대고와야해요. 잔잔한 분위기에 간단히 책 읽다가기 좋습니다. 저녁시간쯤 닫으니 참고!
---
커피맛있어요 지난번 여자알바분 너무 불친절했는데 오늘계신 남자분은 친절하세요
---
자주 오는데 커피 넘 맛있고. 분위기도 좋아요.
---
테이크아웃 했는데 맛있었어요 다음에는 매장에서 먹으려구요
---
자주 이용하는 카페입니다^^ 고등동에서 이런 카페 좋지요!! 대화하기 좋아요+3
---
커피마시기 좋아요",점심,0.2,0.8,0.0,지인·동료,0.286,0.143,0.143,일상,1.3,,
e29523ef-77b1-5183-9538-d2004f004936,,,,,,,,,,,,,False,False,False,False,False,,,,,0,0,0,0,0,{},{},0,,,,False,,,,,,,,,,,,,,,
8b03b896-1534-53a0-a154-973b02511f40,커피투어 로스터스 경복궁점,카페,서울 종로구 자하문로 1,종로구,3경복궁역 2번 출구,8,,http://www.coffeetour.co.kr/,"안녕하세요! 고객의 커피 미식에 성실한 가이드가 되고픈 마음을 '커피투어'라는 이름에 담고, 2008년 설립 이후로 광화문 세곳의 직영매장에서 고객을 만나고 있는 커피투어 로스터스 입니다. 커피투어 경복궁점은 커피투어 로스터스의 직영 2호점 입니다. 지하철과 대로변에 가까이 있어 접근성이 뛰어나며, 매장 안쪽의 좌석을 이용하시거나 테이크 아웃으로도 즐기실 수 있습니다. 평일 오전8시부터 저녁10시반까지 이용가능하며 소박한 공간이지만 오랫동안 사랑받아온 매장입니다.",,,주차 불가,True,True,False,True,False,751,297,999,"내부,음식·음료,아메리카노,외부,메뉴판,동영상,동영상,동영상,동영상,동영상",0,417,0,0,48,"{""커피"": 131, ""라떼"": 18, ""아메리카노"": 14, ""플랫화이트"": 11, ""드립커피"": 5, ""핸드드립"": 4, ""카푸치노"": 3, ""밀크티"": 2, ""에이드"": 2, ""까페라떼"": 1, ""꿀떡"": 1, ""더치커피"": 1, ""레몬에이드"": 1, ""모카라떼"": 1, ""생강차"": 1}","{""맛"": 147, ""만족도"": 104, ""서비스"": 25, ""가격"": 12, ""분위기"": 10, ""위치"": 6, ""메뉴"": 4, ""음식량"": 2, ""배달"": 2, ""청결도"": 1, ""목적"": 1, ""대기시간"": 1}",1,4800,4800,4800,True,아메리카노,두가지 블랜딩 원두 중 선택가능 (테이크아웃1000원할인),"여유롭게 출근해서 일부러 들렀어요 ㅎㅎ 와 진짜 달달하고 부드럽고 너무 맛있더라구요 역시 블루리본 맛집은 믿도 방문하셔도 되네요
---
블루리본 이렇게 많이 받은 카페는 첨봤어요. 드립먹었는데 맛있네요
---
메뉴 다 맛있고 콜드브루는 진짜진짜진짜 맛있어요 (내돈내산리뷰)
---
블루리본 맛집😊 커피맛집
---
분위기도 좋고 커피 맛집!!! 재방문 의사 있어요~^^
---
과거에 한번 방문을 한 적이 있는데 커피맛이 좋았던 기억이 있어서 다시 방문했습니다. 에스프레소와 아메리카노를 주문했는데 둘다 맛있게 잘 먹었습니다.
---
엇😳 경복궁역 이복닥거리는 곳 한복판 길가에 블루리본 까페라니 여러번 지나쳤어도 전혀 눈에들오지 않은건 내잘못은 아닌듯 ㅋ 리본의갯수를 보면 믿음으로 커피를 시켯는데 넘 아쉬움 왜이제 알게된건지 원두상태최고 드립력?도 최고😭❤️ 요근처 커피는 걱정할일없을듯 드립을 세상행복하게마심
---
블루리본이 많아서 가봤는데 이유가 있더라구요!! 커피맛 좋았어서 다시 가고싶어요
---
여기 매장 전면 유리창에 블루리본이 엄청 붙어있어서 테이크아웃으로 아메리카노 한 잔 샀는데 정말 너무 맛있어서 놀랐어요. 매장 안 작은 진열대에 원두도 팔던데 대용량만 있고 200g짜리 품절이라 아쉬웠어요. 커피 투어 2호점 (경복궁점)인데 사실은 경복궁에서 서쪽으로 좀 걸어와서 서촌시장 옆에 위치해 있더라구요. 다음엔 1, 3호점도 가보려구요
---
커피맛 괜찮습니다~ 매장은 작지만 테이블도 몇개있어요! 조용히 얘기하며 커피즐기기 괜찮습니다",점심,0.111,0.778,0.111,연인·배우자,0.286,0.429,0.0,일상,1,,
6ef56c62-a5c9-5050-a409-e52132f64c03,커피팩토리,디저트,서울 용산구 소월로2길 21-13,용산구,14공항경의중앙GTX-A서울역 10번 출구,324,0507-1327-7728,,유사한 상호의 다른 가게와 혼동에 유의하세요. 주차 주차 불가 결제수단4 지역화폐 (모바일형) 제로페이 네이버페이 간편결제 알고 계신 정보와 다른 정보가 있나요? 사진으로 간단하게 제보해 주세요. 정보 수정 제안하기 이용약관고객센터리뷰운영정책신고센터 네이버,,10:00-17:00,주차 불가,False,False,False,False,False,128,21,,,0,79,0,0,23,"{""커피"": 16, ""라떼"": 13, ""크림라떼"": 2, ""밀크티"": 1, ""브라우니"": 1, ""아메리카노"": 1, ""쥬스"": 1}","{""맛"": 23, ""만족도"": 18, ""가격"": 6, ""분위기"": 3, ""위치"": 2, ""메뉴"": 2, ""서비스"": 1}",1,6900,6900,6900,False,specialty black BOT,,"어떻게 모든 메뉴가 3,000원인가요....??🥹🥹 옛날에 왔다가 근처 온 김에 들렸습니다! 변함 없는 가격,,, 사랑해요💗 가성비가 좋아요+2
---
분위기도 좋고 커피 맛도 좋고 힐링하고 갑니다❣️💌
---
크림 양 보세요....좋습니다♥
---
가성비가 좋고 커피도 맛있어서 자주 가요
---
커피가 맛있고 가성비가 좋아요!
---
커피맛 좋아요 후암동 커피맛집
---
크림커피 맛집!
---
커피 값이 아무리 싸도 손님을 무시하는 태도는 용납하기 어렵습니다. 단순히 시럽이 들어가는지 여쭤본 것뿐인데, 손님을 바보 취급하듯 퉁명스럽게 답하시더군요. 내가 마실 커피의 맛이나 성분을 묻는 게 잘못된 건가요? 소비자로서 당연히 물을 수 있는 권리 아닙니까? 가족 모임으로 즐겁게 방문했다가 기분만 완전히 망치고 나왔습니다. 싼 커피값에 이런 불편한 대우까지 감수하고 싶으신 분들은 가셔도 되겠지만, 정상적인 응대와 기본적인 예의를 기대하신다면 절대 추천드리지 않습니다. 다시는 손님에게 이런 태도로 대하지 않으셨으면 합니다. 가성비가 좋아요
---
후암동에서 단비같은 곳. ㅋㅓ피팩토리
---
오랜만에 커피팩토리 🥹💙 점심 먹고 마시는 구크림라떼 최고",점심,0.1,0.9,0.0,지인·동료,0.0,0.0,0.0,일상,1.5,"서울역카페, 후암동카페 남산카페, 가성비카페 전메뉴 3천원 커피팩토리 COFFEE FAKTORY 월-금 8:00~17:30 토-일 10:00~17:00 날씨가 갑자기 더워지고 있는 요즘! 여름이 오기 전에 실컷 봄날씨를 만끽하기 위해서 산책을 자주 다니는데요 ㅎㅎㅎ 오늘은 서울역 근처에 있는 가성비카페 커피팩토리에 다녀왔어요~~ 커피팩토리는 후암사거리에 위치하고 있는데요! 주변에 도동집 등 후암동맛집, 서울역맛집도 있고 큰 빌딩, 회사도 많아서 직장인들이 많이 찾을 것 같은 카페에요~ 제가 커피팩토리를 찾게된 이유는 무려 모든 메뉴가 3천원이라는 가성비카페라는 점!! 커피팩토리는 피스타치오 크림라떼와 구크림라떼가 시그니처메뉴인듯 한데요! 보통 크림이 들어간 메뉴는 다른 메뉴에 비해 비싼데 커피팩토리에서는 전메뉴가 3,000원으로 동일하니까 아무래도 아메리카노나 카페라떼보다는 특별한 메뉴를 많이 찾게 될 듯 ㅎㅎㅎ 워낙 가격이 저렴해서 테이크아웃 전문점인줄 알았는데! 카페내부가 굉장히 넓고 좌석도 많아서 모임하기도 좋아보였어용~~ *주말에는 머신정비/대청소로 테이크아웃만 가능하다고 합니당 커피 외에도 메뉴가 정말 다양해서 취향껏 고르기 좋은데요! 회사에서 누가 사준다고 할 때 비싼거 고르기 눈치보일 때가 있는데 커피팩토리에서는 마음껏 골라도 될 듯 ㅋㅋㅋ 브라우니와 쿠키도 있고, 디카페인, 오트밀크, 무설탕두유 등으로도 변경 가능!! 제가 주문한 구크림라떼 구크림라떼는 매일 만드는 수제크림이 듬뿍 올라가는 라떼인데요! 착한 가격임에도 사이즈도 굉장히 커서 놀랐는데요 ㅇ.ㅇ 크림 밑의 커피는 적당히 달달하면서 가볍게 마시기 좋은 느낌! 찐한 라떼는 아니지만 크림과 잘어울리는 맛이에용 크림은 정말 부드럽고 묵직한 맛인데용 빵을 찍어먹어도 맛있을 거 같은 크림 ㅎㅎㅎ 생크림 케이크의 생크림이 연상되는 크림이에요! 스트레스 받을 때 달달한거 땡길 때 직장인이 식후땡으로 마시기 딱 좋을 듯 합니당ㅋㅋㅋ
---
커피팩토리 주소 : 서울 용산구 소월로2길 21-13(서울역 10번출구에서 324m) 전화 : 0507-1327-7728 영업시간 : 주중 08:30 ~ 17:30 주말 10:00 ~ 17:00(일요일은 테이크아웃만 가능) 주차불가 후암동에 숨어있는 카페를 하나 발견했습니다. 유심히 보지 않으면 놓치기 쉬운 이 곳 여긴 소월길(이라쓰고 언덕죽음길이라 부른다)에 있는데요. 소월길 맛집 이이네 뒷편이라고 생각하시면 됩니다. 이이네 포스팅은 이미 올렸으니 궁금하신분은 클릭해주세요! https://m.blog.naver.com/PostView.naver?blogId=shinmw7281&logNo=223493666630&referrerCode=0&searchKeyword=%EC%9D%B4%EC%9D%B4%EB%84%A4 <> 언덕이 조금 압박적이지만 올라가볼께요! 외관에 녹슨것도 그냥 노출되어 있는데 이것도 감성이라면 감성이겠죠? 시그니처가 구크림라떼인가봐요! 밖에서도 날 좋을 때는 마실 수 있는데. 제가 방문한 날은 너무 더워서 패스 밤에와도 감성 넘칠 것 같은 공간이예요. 후암동에 이렇게 자연과 어우러진 카페가 있었나? 매장으로 들어가봅니다! 오렌지스퀴즈 보는데 상큼함이 느껴져요. 생각보다 여러 음료와 커피를 판매하시는 듯 했습니다. 쿠키도 같이 판매하고 있어요. 메뉴는 이렇게 써 있는데요. 모든 메뉴가 3천원이예요.(커피 / 논커피) 눈을 의심.. 사장님 남는것이 있나요..? 디카페인 / 오트 / 두유로 변경시에는 1,000원 추가구요. 시그니처 라떼 등등 모든 커피가 3천원이라니 가성비 굿 그 외는 오렌지스퀴즈 6.0 레몬에이드 5.0 생레몬요거트 4.8 밀크쉐이크 4.8 리얼딸기우유 4.8 피치에이드 4.8 피치에이드 4.8 요거트스무디(플레인/딸기/블루베리) 5.8 팩토리 빙수 9.8 나름 합리적인 가격 구성이라 요즘같은 고물가시대에 제격인 곳이예요. 휴지와 물, 종이컵, 빨대는 셀프로 챙겨주시면 됩니다. 저랑 친구는 피스타치오 크림라떼 2잔 주문했어요. 야무지게 쿠폰까지 아무래도 이건 사장님이 건물주가 아니라면 불가능.. 매장 안 조명이 어두워 잘 안나왔지만 풍성한 크림이 가득했어요. 매장은 이런느낌! 칼라풀한 의자와 책상 생각보다 넓어요. 크림 가득한거 보이시죠? 미쳤다.. 후암동에서 가성비 좋은 카페 찾으신다면 꼭 카페팩토리 찾아주세요. 단 비가 오거나 겨울이거나 무릎이 좋지 않다면 계단을 오르는것은 조금 힘들 수 있습니다! #커피팩토리 #소월길카페 #소월길카페추천 #후암동카페추천 #서울역카페추천 #소월길가성비카페 #커피팩토리서울역 #서울가성비카페...
---
서울역 후암삼거리에 있는 점심시간만 되면 손님이 바글바글한 동네 커피 맛집 커피팩토리 방문 후기입니다 매장 위치 및 정보 주소: 서울 용산구 소월로2길 21-13 연락처: 00507-1327-7728 영업시간 월-금 08:00-17:30 토, 일 10:00-16:00 (일요일은 테이크아웃만 가능) 가게 외관 커피팩토리는 후암삼거리 언덕 즈음에 위치해 있어요 그마저도 계단을 올라야 하지만 맛있는 커피를 마시기 위해선 이 정도 수고는 감수!!ㅎㅎㅎ 카페 외부에도 자리를 마련해두었어요 겨울엔 추워서 앉지 못하지만 봄, 여름, 가을에는 앉기 좋아요 마스코바라떼가 3,000원 주목해야할 점은 이 카페의 커피메뉴는 모두 3,000원이에요!!ㅎㅎ 아메리카노도, 크림라떼도 초콜릿라떼도 바닐라라떼도 모두 3,000원! 커피 메뉴가 저렴해서도 좋지만 커피쿠폰 도장도 찍어줘요 10개 모으면 아메리카노 한 잔..! 완전 혜자 카페임 가게 내부 홀에는 넓다란 원형 테이블이 있는데요 6명은 거뜬히 앉을 수 있고요 2~4인 테이블이 많아요 테이블이 꽤 많은 편인데 평일 점심이면 이마저도 꽉 찬답니다 팩토리 브라우니 5,600원 피칸 초코칩 쿠키 2,800원 커피 뿐만 아니라 사과쥬스도 팔아요ㅎㅎ 매장 메뉴 커피팩토리의 메뉴입니다 커피, 차종류는 일괄 3,000원이에요 쥬스나 쉐이크, 스무디만 금액이 다릅니다 후기 피스타치오 크림라떼 3,000원 구크림라떼 3,000원 피칸 초코칩 쿠키 2,800원 쿠키가 꼬수운게 맛있더라고요 초코칩도 박혀있어서 씹는 맛도 좋아요 팩토리 브라우니 5,600원 브라우니는 따뜻하게 뎁혀 주시고요 6조각으로 나누기 좋았어요 포크도 인원수대로 다 주십니다 마무리 커피 메뉴가 모두 3,000원이라 아메리카노 마시는 것보다 크림라떼나 바닐라라떼 먹는 것이 개이득 거기에 커피쿠폰 도장도 찍어주니 얼마나 좋냐!!ㅎㅎㅎㅎ 단돈 3,000원에 달달쌉싸름한 크림라떼 드시고 싶은 분들은 서울역 커피팩토리로 오세요!",17.3
60219bf3-a42d-5344-b03c-7c09926a88f1,커피한약방 혜화점,카페,서울 종로구 동숭2길 9 1층,종로구,4혜화역 2번 출구,298,,https://smartstore.naver.com/coffeehanyakbang,혜화역 골목 끝 붉은 벽돌과 청록색 파사드를 두른 커피한약방 혜화점은 을지로 본점의 개화기 시대와 옛 한약방 감성을 대학로 문화 거리로 가져온 두 번째 공간입니다. 납작한 한약첩 모양의 간판을 지나 안으로 들어서면 스테인드글라스 창을 통과한 오색빛이 원목 진열장 위로 번져 영화 세트 같은 빈티지 무드를 완성합니다. 좁고 깊은 구조 덕분에 테이블마다 은은한 조명이 드리워져 연극 관람 전후 혹은 캠퍼스 데이트 중에 한적한 쉼을 누리기 좋습니다.,,,주차 불가,True,True,False,True,True,,,999,"내부,음식·음료,타르트,필터커피,밀크티,카페라떼,초콜릿라떼,외부,메뉴판,동영상,동영상,동영상,동영상",0,570,0,478,0,"{""커피"": 292, ""라떼"": 39, ""드립커피"": 33, ""타르트"": 22, ""케이크"": 18, ""필터커피"": 18, ""밀크티"": 16, ""핸드드립"": 11, ""당근케이크"": 9, ""바닐라라떼"": 8, ""치즈"": 8, ""소금빵"": 7, ""아메리카노"": 7, ""카페라떼"": 7, ""애플시나몬"": 5}","{""맛"": 348, ""만족도"": 298, ""분위기"": 134, ""서비스"": 73, ""메뉴"": 39, ""가격"": 9, ""목적"": 9, ""대기시간"": 6, ""음식량"": 5, ""청결도"": 3, ""방역"": 2, ""위치"": 2, ""주차"": 1, ""전망"": 1}",22,5500,9000,6871.4,True,"필터커피 핸드드립 방식으로 추출하는 커피 변동 무스 오미자 오미자, 딸기, 라즈베리, 패션후르츠 퓨레 설밤 마롱무스, 다쿠아즈, 보늬밤, 아몬드 화이트초콜릿 둘세 캬라멜 둘세초콜릿무스, 열대과일카라멜, 애끌라도르 쿠키 카푸치노 카페라떼 HOT 카페라떼 ICE 꼰빠냐 HOT 꼰빠냐 ICE 마로니에 선라이즈 와인에이드 스페셜 수제레몬청 & 레드와인 *알콜포함* 스테인드글라스 수제패션후르츠청 & 히비스커스티를 넣은 여름 시즌 메뉴 꽃차/잎차 라즈베리 에이드 라즈베리 밀크",,"잘 보존된 오래된 분위기가 참 좋아요. 옛날 60년 70년대 사람들이 이런 곳에서 커피 마셨겠다 싶네요. 쌍화탕은 9500원이고 컵에 담겨서 나와요. 이왕이면 작은 미니 솥단지에 팔팔 끓여나왔으면 더 좋겠다 싶어요. 빵도 가격이 별로 안비싸고 맛있어요. 적당한 가격에 돈값하는 커피숍입니다.
---
음료도맛잇고 디저트도 맛집입니다!!!! 하지만 가장맛잇는건.... 인테리어가 진짜 미쳤습니다ㅠㅠㅠㅠㅠ 연인의 사진을 멋드러지게찍어주고 싶으신분들은 필수코스입니다. 사진엔 없지만 가운데잇는 어항도 멋잇어요!!!!
---
오랜만에 왔어요. 분위기도 좋고 커피 맛있어요. 카페라떼 깔끔하고 적당한 진하기라 좋았고 빵도 담백하면서 맛있어요.
---
커피한약방 혜화점에서 에티오피아 시다마 벤시 산타와니를 드립으로 마셨습니다. 은은한 꽃향에 은은한 산미가 느껴졌고 달콤한 맛이 기분을 좋게 합니다. 스테인드 글라스에 비치는 햇빛이 마음을 여유롭게 합니다. 커피맛은 물론이고 분위기 또한 마음을 움직입니다. 겨우 두 번째 방문이지만, 방문 때마다 기분을 좋게 합니다.
---
컨셉이 독특한 곳이예요 :) 옛날 외할머니집의 추억을 불러오는 인테리어랄까ㅋㅋ 커피향 솔솔 나고, 사장님께서 드립커피 계속 내리시더라고요. 멋있었음! 근데 사람은 어찌나 많은지 .. 대기명단에 이름 쓰고 기다리다 들어갔고요, 클로징시간 직전까지도 사람들이 계~속 오시더라고요. 느즈막하게 가서 베이커리류는 선택권이ㅠ 당근케이크 마지막 조각 완전 운명 👍 진짜 꼭 먹어보세요. 음료는 샤케라또와 수정과인가베 주문했어요. 정말 독특한 메뉴들ㅎㅎ
---
컵셉이 특이하고 인테리어도 특이하고 감성이 좋아요 좋은 분위기에서 잘 놀다갑니다
---
예쁜 한약방에 맛있는 티한잔~
---
어항을 갖추고 있는 레트로 분위기의 카페로 원하는 원두를 고를 수도 있어서 좋음. 케이크와 빵 종류도 맛있고 다양함.
---
우연이 겹쳐 필연이 된 앞으로도 오래 알아갈 지인과 방문한 곳. 짧은 시간이었지만 즐거운 시간이 되도록 도와준 곳입니다. 음료가 맛있어요+4
---
처음 방문해본 곳인데 인테리어가 특색있고 음료, 디저크 메뉴들이 다양해서 좋았어요. 스테인드글라스, 자개가 곁들여진 인테리어와 더불어 가사 없는 고전풍 재즈? 음악도 나오고요... 어두운 목재 인테리어라 평소 익숙하지않은 느낌의 카페를 가보기에 좋을 것 같아요. 필터-드립 커피는 따로 직접 부어 마시는 곳은 아니고, 원두 선택하면 한 잔으로만 나옵니다. 핸드폰 충전할 수 있는 테이블이 따로 마련되어 있고, 사장님과 직원분들이 친절하셨어요.",점심,0.0,0.6,0.4,지인·동료,0.0,0.167,0.333,친목,1.4,,
cf21d0a5-22d4-5bf8-b96e-2c96dc17780e,커피한잔,카페,서울 종로구 사직로9길 16-1,종로구,3경복궁역 1번 출구,432,,http://blog.naver.com/hgbj78,,,,,False,False,False,True,False,507,739,999,"내부,음식·음료,아메리카노,핸드드립커피,카페라떼,외부,메뉴판,동영상,동영상,동영상,동영상,동영상,동영상,동영상,동영상,동영상,동영상",0,223,0,147,0,"{""커피"": 134, ""드립커피"": 13, ""라떼"": 7, ""아메리카노"": 5, ""핸드드립"": 5, ""비엔나커피"": 4, ""치즈"": 3, ""케이크"": 3, ""타르트"": 3, ""밀크티"": 2, ""베트남커피"": 2, ""연유커피"": 2, ""오미자차"": 2, ""치즈케이크"": 2, ""카페라떼"": 2}","{""만족도"": 134, ""맛"": 126, ""분위기"": 55, ""서비스"": 19, ""음식량"": 5, ""메뉴"": 5, ""가격"": 5, ""위치"": 3, ""주차"": 2, ""목적"": 2, ""청결도"": 1, ""전망"": 1}",7,5000,8000,6857.1,False,아메리카노 카페라떼 핸드드립 사이폰 커피 이브릭 커피 민트 모히토 아이스 커피 히말라야 마살라 짜이,,"[기족픽 20대 서촌] •커피한잔• 밀크티1 / 카페라떼1 >> 서촌 빈티지카페 치면 항상 나오길래, 가봤는데 기대이상이었어요 ! 내부가 정말 빈티지느낌 그자체입니다. 꽃/우드 등 사장님도 친절하시고, 음료도 다 맛있었어용 ~~
---
매장이 엔티크해서 너무 예쁘고 음료가 맛잇엇어요 람데 마셨는데 구수하며 신맛도 나는 매력적인 원두였어요 공간이 유니크해서 예술인들이 많이 오는거 같아요 조용하고 차분한데 얘기하기 좋았어요 완전추천 ㅎ 음료가 맛있어요+3
---
밖에서봤을땐 조그만 카페인줄 알았는데 안에들어오니 생각보다 넓은 공간이 나와서 놀랐어요 레트로한 소품들이 가득하고, 뜨끈하게 끓인 커피맛이 독특했던 카페입니다 가격대는 조금 있었어요 컨셉이 독특해요
---
아늑한 분위기와 엔틱한 인테리어, 감성 가득한 음악 따뜻한 연말 분위기가 가득한 장소입니다 드립커피도 맛있고 라떼도 맛잇고 오래 머물고픈 곳이네요
---
비엔나커피맛이 아쉬웠지만 (꾸덕한크림이 안올라간것도 별로였음) 주말에 조용히 쉬다가기 좋았습니다.. 친절해요+2
---
커피 맛있어요. 실내 인테리어 클래식하고 갬성있는 분위기. 음악도 좋고요. 친절해요
---
사직동 그가게에서 카레먹고 바로 옆 감성있는 카페가 눈에 띄어 들어갔는데 원두를 숯불에 구워서 그런가 더욱 고소하고 맛있었습니다
---
눈앞에서 직접 만들어 주시는 맛있는 핸드드립 커피와 갬성있는 레트로한 소품과 실내 분위기, 아름다운 개성을 가진 수많은 커피잔, 수많은 사연과 세월이 켜켜이 쎃여있는 낭만 가득한 LP,와 가슴을 편안하게 해주는 아름다운 음악, 멋진 인생철학과 미소와 인품 좋으신 사장님과 스몰토크하면서 마시는 커피 ... 행복, 낭만 그 자체 입니다 . 쵝오입니다 . 👍
---
커피는 물론이요. 음악은 너무 마음에 들어 근처에 오면 무조건 찾는 카페입니다. 오늘도 잘있다 갑니다. 커피도 잘마시고 갑니다.
---
분위기도 좋고 그래서 커피 한잔 하기도 좋고",점심,0.0,1.0,0.0,연인·배우자,0.0,0.75,0.25,데이트,1.3,,
0b58c157-0710-5e24-a6cd-a155c2a358c1,커피홀릭,카페,경기 화성시 만세구 남양읍 역골로 71-3,화성시,,,,,화성 남양에 위치한 분위기 좋은 카페 120겹파이&커피홀릭 입니다. 항상 맛있는 음료와 디저트 제공을 약속드리며 항상 좋은 하루 되세요.,,,,True,True,True,True,True,376,27,,"내부,음식·음료,카라멜마키아또,아메리카노,카페라떼,외부,메뉴판",0,127,37,0,0,"{""커피"": 32, ""라떼"": 13, ""달고나카페라떼"": 6, ""카페라떼"": 6, ""달고나라떼"": 5, ""애플파이"": 5, ""에이드"": 5, ""크로플"": 4, ""청귤에이드"": 3, ""카스테라"": 3, ""딸기라떼"": 2, ""아메리카노"": 2, ""치즈"": 2, ""케이크"": 2, ""달고나커피"": 1}","{""맛"": 73, ""만족도"": 65, ""서비스"": 29, ""분위기"": 7, ""음식량"": 1, ""주차"": 1, ""가격"": 1, ""목적"": 1}",109,1000,24000,6062.9,True,"배달우리 매장은 배달 주문이 가능합니다 대표메뉴 애플파이(1개) 애플파이(2개(200원할인)) 애플파이(3개(500원할인)) 아메리카노 6+1(ICE) ICE / 보관용 선택가능 딸기라떼(only ICE) 수제딸기청듬뿍+우유 펼쳐서 더보기 [추가배달료 선결제] 서희스타힐스4차/고향의봄길 남양서로/글판동길/성주골길/화성로 금강에스쁘아/헤르만하우스/더스테이/주변빌라 유일병원/동일기연/롤링힐스/대지주택/그린빌라 무송리초입/신남리(서희,기산,서부경찰서 지역 제외) 펼쳐서 더보기 120겹파이 애플파이(1개) 애플파이(2개(200원할인)) 애플파이(3개(500원할인)) 팥치즈파이(1개) 팥치즈파이(2개(200원할인)) 펼쳐서 더보기 키키볼 카스테라 키키볼카스테라_플레인맛(생크림1통포함)(12알) 키키볼카스테라+생크림 환상조합~~쌀과계란이 듬뿍~~ 키키볼카스테라_플레인맛(생크림1통포함)(24알) 키키볼카스테라+생크림 환상조합~~쌀과계란이 듬뿍~~ 키키볼카스테라_초코맛(생크림1통포함)(12알) 키키볼카스테라+생크림 환상조합~~쌀과계란이 듬뿍~~ 키키볼카스테라_초코맛(생크림1통포함)(24알) 키키볼카스테라+생크림 환상조합~~쌀과계란이 듬뿍~~ 키키볼카스테라_커피맛(생크림1통포함)(12알) 키키볼카스테라+생크림 환상조합~~쌀과계란이 듬뿍~~ 펼쳐서 더보기 [대용량1L] 1리터 캔커피 음료 [ 1L투명캔 ] 아메리카노 기본4샷제공됩니다 [ 1L투명캔 ] 아이스티(아샷추가능)(ICE) [ 1L투명캔 ] 딸기라떼 COFFEE 아메리카노 '캔'으로 깔끔하게 밀봉해서 드립니다. 옛날다방커피(ICE)(ICE) 옛날다방커피(ICE)(ICE(1리터)) 카페라떼(HOT) 카페라떼(ICE) 펼쳐서 더보기 Cold brew Coffee 콜드브루커피(only ICE) 고소하고깔끔한커피 디카페인콜드브루(only ICE) 고소하고깔끔한커피 콜드브루라떼(only ICE) 고소한콜드브루와우유의만남 디카페인콜드브루라떼(only ICE) 고소한콜드브루와우유의만남 디카페인콜드브루라떼(ICE(1리터할인)) 고소한콜드브루와우유의만남 LATTE 녹차라떼(HOT) 녹차라떼(ICE) 초코라떼(HOT) 초코라떼(ICE) 고구마라떼(HOT) 펼쳐서 더보기 DALGONA 달고나라떼(ICE) 수제달고나+우유 달고나카페라떼(ICE) 수제달고나+에스프레소+우유 달고나밀크티(ICE) 수제달고나+고급밀크티베이스+우유 달고나 밀크쉐이크(ICE) 수제달고나+바닐라쉐이크 ADE& ICED TEA [아샷추가능]아이스티(복숭아) 파이와찰떡 시원한 아이스티 [아샷추가능]아이스티(레몬) 파이와찰떡 시원한아이스티 에이드(레몬,유자)(ICE) 에이드(자몽,청포도,블루레몬)(ICE) 청귤에이드 제주청귤로 직접담은 수제청으로 만든 에이드 SMOOTHIE&JUICE 플레인요거트스무디(ICE) 딸기 요거트스무디(ICE) 블루베리 요거트스무디(ICE) 망고 요거트스무디(ICE) 딸기바나나주스(ICE) 딸기와바나나의환상조합 펼쳐서 더보기 HERB TEA 루이보스 캐모마일 로즈마리 얼그레이 페퍼민트 펼쳐서 더보기 DESSERT 순수우유케익 우유크림의 신선한맛이 느껴지는 우유케익 악마의초코케익 달콤하고진한누텔라맛이 느껴지는 초코케익 뉴욕치즈케익 티라미슈 딸기케익 펼쳐서 더보기",120겹 바삭한 페스츄리와 달콤한 사과의 풍미가 입안을 상큼하게 만드는 웰빙 애플파이 120겹 바삭한 페스츄리와 달콤한 사과의 풍미가 입안을 상큼하게 만드는 웰빙 애플파이 120겹 바삭한 페스츄리와 달콤한 사과의 풍미가 입안을 상큼하게 만드는 웰빙 애플파이 120겹 바삭한 페스츄리와 달콤한 사과의 풍미가 입안을 상큼하게 만드는 웰빙 애플파이 120겹 바삭한 페스츄리와 달콤한 사과의 풍미가 입안을 상큼하게 만드는 웰빙 애플파이 120겹 바삭한 페스츄리와 달콤한 사과의 풍미가 입안을 상큼하게 만드는 웰빙 애플파이 붕어빵보다 맛있는~~ 페스츄리와 달콤하고 부드러운 팥앙금이 가득~~ 페스츄리+모짜렐라치즈+팥앙금의 환상의 콜라보~~ 붕어빵보다 맛있는~~ 페스츄리와 달콤하고 부드러운 팥앙금이 가득~~ 페스츄리+모짜렐라치즈+팥앙금의 환상의 콜라보~~ 수제딸기청과 우유의 환상적인조합~~ 벌써 엄청난 인기메뉴입니다.(반할수밖에 없어요) 달달한거 땡기면 무조건 무조건이야~ 남녀노소 모두가 아는 중독성있는 그맛~~ 달달달 옛날커피~~~ 달달한거 땡기면 무조건 무조건이야~ 남녀노소 모두가 아는 중독성있는 그맛~~ 달달달 옛날커피~~~,"분위기가 정말 편안한 카페예요. 커피 향이 은은하게 퍼져서 들어가자마자 기분이 좋아졌어요. 조용해서 대화하거나 혼자 시간 보내기 좋고, 재방문 의사 있어요 ☺️🤎
---
화성에 지인분이 있어서 근처 커피숍 자주 이용해요 11시까지 늦게까지 영업하는것도 좋고 디저트도 맛있고 직원분들도 친절하셔서 화성에 가면 자주 이용해요
---
디저트로 커피홀릭 여기는 커피도 맛있지만 키키볼 카스테라가 매력적
---
맛잇어요:)
---
근처 볼일이 있어서 잠시 들렸는데 가게안이 넓고 분위기가 너무 좋아서 단란한 모임하기 좋을것 같아요~ 디저트도 케이크 종류도 많고 친절하십니당 가끔오는곳 추천~
---
생각보다 기대안한 애플파이 따듯해서 맛있게 먹음 :) 디저트가 맛있어요
---
커피가 맛있어서 가던곳인데, 그날 몸이 안좋아 생강차를 먹었는데 너무 맛있는거예요ㅠ 원래 좋아하기도하지만 집에서 엄마가 해주신듯한 맛.. 기침이 싹 나았지요^^ 기침하는 식구들 주려고 포장도 했어요~ 또 갈께요~~
---
친척 집에 방문했다가 식사 후 커피 한잔하려고 방문했어요.직원분도 엄청 친절하셨어요~~ 커피 맛보다 저 키키볼 카스테라?저거 엄청 귀엽고 맛있더라구요~~😍12알에 4천원이면 좀 비싼감도 있긴한데 아이랑 한알씩 먹기 너무 잼있고 좋았어요~~아쉽지만 다음을 기약하며 맛있게 잘 먹고 갑니다🤞
---
항상 음료 마시러 가는 곳! 남양에선 여기가 제일 맛잇어용 🫶🫶 대화하기 좋아요+4",점심,0.0,0.7,0.3,연인·배우자,0.2,0.6,0.1,일상,1.1,"지인분이 오셔서 주차가 편한 곳을 찾으셔서 사무실에서 가깝고 집에서도 가까운 #남양읍커피홀릭 방문하였습니다. 영업시간: 매일 오전 11시에서 ~오후 11시 단체 이용 가능하고 포장 가능하고 무선 인터넷이 되고 화장실이 남녀 구분되어 있습니다^^ 아마 찾기는 쉬우실 거에요~ 메뉴~♡ #남양읍커피홀릭은 커피도 맛있지만 커피와 같이 먹을 수 있는 #디저트 키키볼카스테라가 눈에 띄었습니다 안먹어 볼수 없죠~ #커피디저트 키키볼( 카스테라)은 저희가 주문한 것이고 옆에 보이는 과자는 서비스로 주십니다. 단짠의 맛이 느껴지지요 전체적인 분위기는. 우리는 점심시간에 가서 손님이 많아서 한적한 분위기는 아니었구요. 친한 사람과 담소 나누기에 매우 적합한 곳이란 생각이 들었습니다 부담 없이 커피 즐기시고 싶으신 분들께 추천드립니다 직원분들 매우 친절하셨습니다 #남양읍부동산 #남양뉴타운 #남양읍ok부동산
---
경기도 화성에 들리게 되어서 남양읍에 있는 카페로 알려진 커피홀릭(COFFEE HOLIC)이)라는 곳을 직접 들려보았네요. 경기도 화성 남양읍에 있는 카페로 알려진 커피홀릭의 모습. 남양읍에 있는 화성시청 근처에 있는 카페로 남양성모성지를 구경하고나서 날도 더워서 잠시 쉬어갈겸도 해서 들려보았지요 카페 안이 넓게 보여지는 가운데 벽면에 짱구는 못말려에 나오는 짱구네 강아지 흰둥이 인형이 보여져서 반갑게 맞아주는 것 같고 짱구는 못말려 만화에서 나왔을 때 본 적이 있는데 키페에서 인형으로 보는 것은 처음이라 반가워 보였고요. 제가 주문하였던 달고나 라떼인데 컵 위에 달고나가 얹어진 달달한 맛이 나는 음료로 이 카페에서 맛볼 수 있는 음료인데 입구에서부터 메뉴에 소개되어 있고 달달한 맛이 생각날 때 마시면 맛좋은 음료이지요. 그리고 한 잔하게 되었는데 달고나가 얹어져서 달달한 맛이 났고 달고나고 먹어보니 달달한 맛이 느껴져서 맛있었고 시원한 맛도 느껴져서 더울 때 한 잔하니 제대로 마셔보게 되었던 기분이었지요. 그리고 달고나 라떼와 같이 나온 비스킷과 프레즐인데 서비스로 나온 것이라 달고나 라떼와 먹어보니 곁들여 먹어도 맛있었고요. 남양성모성지를 구경하고나서 잠시 쉬어갈겸해서 들린 카페에서 달고나 라떼를 마시면서 몸도 식히고 목도 적시면서 덕분에 좋은 시간을 보냈고요. 끝까지 봐주셔서 감사합니다.
---
안녕하세요! 오늘은 송산에서 볼일을 보면서 다녀왔던 카페를 소개시켜드리려고 합니다~~ 이 날은 밥먹을 때까지만 기분이 좋고, 이후에 비도 추적추적오고, 되는일이 살짝 없었던 날,,,ㅋㅋㅋㅋ 그치만 밥먹고 카페는 빠질 수 없었기에,,!! 맛있는 디저트를 파는 카페가 없을까!? 하고 찾아보다 다녀왔던 곳입니다~~ 살짝 달다구리한 케이크같은게 땡겼는데, 신기하면서도 이색적인 120겹파이와 볼 카스테라가 있다고 하더라구요?? 바로 찾아서 들어갔습니당ㅋㅋ 매장내부는 생각보다 컸는데, 우드 디자인으로 깔끔하더라구요~~ 테이블은 기본 2인테이블에 안쪽으로 붙여앉을 수 있는 공간이 있었습니다~~ 비가와서 다들 집에서 안나오시는지,,, 오늘은 우리가 모두 가게 전세 낸 날!!!ㅋㅋㅋㅋ 메뉴입니다!! 커피는 그냥 4000원에 무난한 가격이였고, 디저트류가 생각보다 많더라구요!! 케이크도 판매되고 있었는데, 이색적인 디저트가 있다보니까 케이크생각은 저멀리,,,,, 블루베리 120겹파이와, 키키볼카스테라는 섞어서 주문했습니당~!! 아이스아메리카노 ""4,000원"", 블루베리파이 ""4,300원"", 키키볼카스테라 ""4,000원"" 커피홀릭 금방 준비된 디저트와 음료~~ 지금 봤는데 키키볼은 약간 웃음이모티콘이 그려져서 키키볼인 것 같더라구요!! 넘 귀엽지않나요,,,,카와이ㅣㅣㅣㅣㅣㅣㅣ 동글동글 키키볼카스테라와 넓적동그란 파이~~ 생크림은 찍어먹으려고 같이 주문했습니다~! 꼭 같이 주문하세요!!! 추천!! 마망이 잘라준 블루베리파이~ 오오오옹 120겹파이는 일반 블루베리파이인줄 알았는데 안에 치즈와 잼이 가득 들어있더라구요!!! 생각보다 엄청 상콤한 느낌의 파이였습니다!! 아메리카노랑 먹으니까 잘어울리는 한쌍!!! 달달한 블루베리보다는 상콤한 블루베리를 생각하고 주문하시면 좋을 것 같아용~~ㅎㅎ 카스테라도 생크림에 콕 찍어서 맛보기~~ 그렇게 달다구리함을 채우고 나왔던 카페였습니다~~ 평소와 다르게 달달한 케이크 디저트보다도 요런 디저트도 가끔은 좋을 것 같더라구요!! 한적하니 조용해서 디저트 시켜서 여유를 느끼고 와도 좋을 것 같아요~~~ 그렇게 오늘도 맛있게 먹고 왔습니당 ㅎㅎ 그럼 마지막으로 지도 첨부드릴게요~!! 이색적인 디저트 찾으시면 근처에 계신분들 한번 다녀오시길 추천드립니다~~",15.3
67435ba0-d41b-50e6-be99-6d5040144b90,컴포즈커피 강남자곡점,카페,서울 강남구 자곡로 192 1층,강남구,,,,,주차 가능 ㅡ 무료,,,,True,True,True,True,True,966,12,,"이전 페이지,플레이스,페이지 닫기,서비스 이용이 제한되었습니다.,과도한 접근 요청으로 서비스 이용이 제한되었습니다.,잠시 후 다시 시도해주세요.,IP: 211.192.210.178(2026.03.09 14:34:46),이전화면새로고침",0,538,0,0,0,"{""커피"": 39, ""라떼"": 21, ""아이스크림"": 12, ""와플"": 12, ""아메리카노"": 11, ""카라멜마끼야또"": 7, ""밀크티"": 4, ""쉐이크"": 4, ""바닐라라떼"": 3, ""수박주스"": 3, ""크로플"": 3, ""밀크쉐이크"": 2, ""스무디"": 2, ""아이스크림라떼"": 2, ""우유"": 2}","{""만족도"": 161, ""맛"": 115, ""서비스"": 34, ""가격"": 14, ""메뉴"": 8, ""음식량"": 7, ""청결도"": 3, ""분위기"": 3, ""대기시간"": 2, ""위치"": 1}",8,1500,3500,2812.5,False,오레오생크림와플 시나몬카라멜와플 사과생크림와플 HOT 아메리카노 헤이즐럿라떼 바닐라라떼 카페라떼 아메리카노,,"너무 달달하니 맛있음 또 와플이랑 같이먹으려다 운전하느라 음료만 픽업
---
자몽허니블랙티의 단맛이 적당하고 좋은데 자몽의 자연스러운 단맛이라 더 맛있네요♡ 음료가 맛있어요+2
---
유난히 커피가 맛있어요 따 라떼도맛있네요
---
상하목장 사랑
---
인절미 쉐이크 넘 달달해요~ 매장 깨끗하고 친절
---
자주들르는매장 커피가맛잇음
---
와...이런적이있나싶게! 덜달게 주문했는데 그냥 시킨것보다 단 듯. 못먹을정도였네요 가성비가 좋아요
---
오늘 날좋아서 사람들 주문몰려있길래 디저트랑 라떼만시킴 사진이 잘 나와요+4
---
요즘계속.. 맛이 다른. 덜달게..아무리해도..... 달디달고 양도 정량안맞는 가성비가 좋아요
---
사람 몰릴때 와서 몇분 기다림 커피맛이 좋다👍",점심,0.0,0.6,0.4,연인·배우자,0.3,0.3,0.3,일상,24.6,"안녕하세요 오늘은 수서 자곡동 사거리 근처에 위치한 컴포즈커피 강남자곡점 방문후기입니다. 위치 및 매장정보 주소: 서울 강남구 자곡로 192 연락처: 02-451-9618 영업시간: 08:00~23:00 수서 자곡동 가성비 카페 컴포즈커피 강남자곡점은 자곡동에서 아침 일찍 8시부터 저녁 11시까지 늦게까지 매일영업하는 방문하기 참 편리한 카페에요 외부/내부공간 수서 자곡동 가성비 카페 컴포즈커피 강남자곡점의 공간은 외부에 테이블과 실내에 작은 공간이 마련되어있어서 테이크아웃 카페로 유명한 컴포즈커피지만 내부에서도 이용가능해요 자리가 넓진않지만 2인테이블로 보면 좌측에 4개 우측에 2인테이블과 4인테이블이 있어서 잠깐 들려서 안에서 먹기도 참 편리한 카페에요 주문방법 수서 자곡동 가성비 카페 컴포즈커피 강남자곡점의 주문방법은 실내 키오스크 이용 혹은 테이크아웃 전용 외부키오스크 이용 그리고 요즘 컴포즈커피 어플로도 주문가능해요 물론 수서 자곡동 가성비 카페 컴포즈커피 강남자곡점은 애플페이/페이코/제로페이 3가지다 간편결제가 가능해서 언제든지 지값없이 나와도 편리하게 핸드폰 하나로 주문가능한 편리한카페에요 세곡동푸르지오시티2차 오피스텔건물 1층에 위치해있어서 오피스텔거주자 분들은 참 편리하게 이용가능할거같아요 이상 자곡동 제로페이 애플페이 페이코 간편결제 가능한 수서 자곡동 가성비 카페 컴포즈커피 강남자곡점 방문후기였습니다 #수서카페#자곡동카페#컴포즈커피강남자곡점#푸르지오시티2차카페 #수서동카페#수서srt카페#컴포즈커피
---
컴포즈커피 와플 곡물라떼 메뉴 가격 솔직 후기 ⓒ글, 사진 박 매니저 안녕하세요 음식과 여행에 진심인 박 매니저입니다 가족들과 외식하고 돌아가는 길에 디저트 생각이 나서 고민하다가 가성비 와플 맛집 컴포즈 커피가 생각나서 들리게 되었어요 가격도 합리적인 데다가 즉석에서 바로 와플 만들어 주는 곳이라 부담 없이 이용할 수 있어요 그럼 자세한 소개 시작할게요~ 따라오세요~! 컴포즈커피 강남자곡점 주소 : 서울 강남구 헌릉로569길 13 111호 영업시간 : 07:00 ~ 21:00 매일 영업 포장 가능 네이버 워낙 유명한 체인점이다 보니까 저희 집 근처에도 여러 곳이 있는데요 와플 판매하는 매장은 저희 동네에서는 강남자곡점만 있어서 여기로만 갑니다 와플 드시러 가실 분들은 미리 확인하고 방문하시길 바라요 위치 정보 강남 푸르지오 시티 오피스텔 상가에 위치하고 있어요. 여기 화장실도 개방되어 있는 곳이라 급하게 가야 될 때 이용할 수 있으니 참고하세요 날씨가 따뜻할 때는 매장 밖 테이블 자리도 마련되어 있어서 산책 나왔다가 자주 이용한답니다 컴포즈커피 강남자곡점 내부 테이크아웃 전문 매장이지만 실내가 꽤나 넓은 편이에요 디저트 종류도 다양하다 보니 매장에서 드시는 분들도 많으세요 1인 1음료 주문 필수인 곳이니 참고하세요 컴포즈커피 메뉴 가격 ✔ 아메리카노 1,500원 ✔ 카페라떼 2,900원 ✔ 곡물라떼 3,300원 ✔ 사과생크림와플 3,500원 ✔ 에이드 3,500원 ✔ 과일티 3,500원 음료 및 디저트 종류가 워낙 많은 곳이라 빠진 메뉴는 매장 메뉴를 참고하세요 저희는 가장 인기 많은 사과생크림와플과 카페라떼, 곡물라떼, 유자 허니티 주문했어요 사과생크림와플 3,500원 카페에서 바로 만든 수제 와플 가격이 3,500원이라니 정말 혜자지 않나요?? 직접 만드는 만큼 매장마다 차이가 있지만 강남자곡점은 동네 주민들한테도 맛이 괜찮다고 소문나 있는 곳이에요 미리 만들어 두지 않고 주문하면 바로 만들어서 주기 때문에 바삭하면서도 속이 폭신합니다 생크림이 아닌 휘핑크림이 좀 아쉽긴 하지만 가볍게 먹기에 잘 어울립니다 카페라떼 2,900원 카페라떼 가격도 2,900원이라 부담 없이 마실 수 있어요. 깨알같이 하트까지 만들어져 있네요 컴포즈에서 가장 인기 많은 메뉴 중 하나입니다 곡물라떼 3,300원 저녁시간이라 논 카페인 중에서 곡물라떼 골라봤어요 곡물 맛과 우유맛이 적절하게 섞여서 기본적으로 맛은 괜찮은데 아몬드 식감이 너무 많이 느껴져서 개인적으로는 조금 아쉬웠어요...
---
8/31자로 종료된 컴포즈 생초콜릿라떼 시리즈 ~ … 인줄 알았으나 판매 성원에 힘입어 민트만 단종하고 그냥 밸지움 생초콜릿라떼는 연말까지 연장한다구?!?!?!?! 작년에 잠깐 시즌메뉴로 선보인 걸 올해 5월 재출시 한 건데 처음 먹어본 건 작년도 아닌 올해 8월 중순>< 단종된다 해서 허겁지겁 먹어봤는데 웬걸 너무 맛있었다…. 우유라떼 자체가 굉장히 오랜만이라 더 두근두근 ㅋㅋㅋ 저 생초콜릿이 진짜 맛있다는데 ~ *가격 가격은 4,500원으로 컴포즈 커피 치고는 비싸지만 요즘 일반 카페 아메리카노 가격이거나 그 보다 저렴한 가격 ㅎㅎ *영양성분 칼로리랑 당류는,, 정확한 건지는 모르겠지만 검색해보니 1. 그냥 생초콜릿라떼는 506kcal 당류 35g 2. 민트 생초콜릿라뗴는 571kcal 당류 43g *맛 둘다 초코우유 / 민트초코우유 위에 얼음 한 가득 넣은 다음(한 가득 올려야 생초콜릿이 바닥에 가라앉지 않다고 함) 그 얼음 위에 생초콜릿을 올려줌. 1. 그냥 초코는 코코아 파우더로 마무리 2. 민트 초코는 휘핑크림 한 번 둘러줌 (그래서 칼로리가 더 높은 듯) 생초콜릿은 진짜 꾸덕한 밀크초콜릿 맛 ㅠㅠㅠ 진짜 너무 맛있었다 씁쓸할 줄 알았는데 의외로 우유성분이 많이 들어있는지 부드러운 초코맛이었다. 1. 근데 초코우유자체는 ,,,, 완전 밍밍… ㅠㅠ 초코 맛이 진하지 않았음 초코 우유에 물탄맛 2. 민트초코우유는 초코우유보다는 밍밍하지는 않음. 민트맛이 강하지도 않은 편. 민트초코 파우더를 쓰는 거 같고 거기에 추가로 초코 시럽을 바닥에 깔아주니 초코 맛을 더 원하면 잘 섞어서 먹어야 함 ~ 암튼 생초콜릿은 짱 맛있음! 근데 먹다보면 자꾸 바닥에 가라앉음 ㅋㅋㅋ 다행히 우유와 섞이지 않았지만 빨대로 긁어먹어야 함 *생초콜릿 양 아 그리고,,, 생초콜릿의 양으로 서울/지방(?) 인심 차이를 느낌 ㅎㅎ 1. 컴포즈 문정아이파크점 (블로그 위치 추가하려니 지도에는 안 나오네 왜지,,) 한 스쿱 ~ 2. 컴포즈 강남자곡점 여기도 한 스쿱 ~ 그런데,, 3. 컴포즈 용인 둔전점 진짜 짱 많이 올려줌 ㅋㅋㅋㅋㅋㅋ ㅠㅠㅠ 용인 둔점점 최고 ><",11.7
ddfcf86b-9b28-53e4-8180-bb13b690a42d,플레이스,,,,,,,,,,,,True,True,False,False,False,,,,"이전 페이지,플레이스,페이지 닫기,서비스 이용이 제한되었습니다.,과도한 접근 요청으로 서비스 이용이 제한되었습니다.,잠시 후 다시 시도해주세요.,IP: 211.192.210.178(2026.03.09 14:38:35),이전화면새로고침",0,0,0,0,0,{},{},6,,,,False,플레이스 서비스 이용이 제한되었습니다. 과도한 접근 요청으로 서비스 이용이 제한되었습니다. 잠시 후 다시 시도해주세요. 이전화면 새로고침,IP: 211.192.210.178(09/Mar/2026:14:38:18 +0900),,,,,,,,,,,,,
8732b2cc-2898-55d5-8b72-e44ffc31e572,컴포즈커피 하남감일지구점,카페,경기 하남시 신우실로 65,하남시,,,,,,,,,True,True,True,False,True,,,,"음식·음료,외부,동영상",0,846,0,0,0,"{""커피"": 55, ""라떼"": 11, ""아메리카노"": 5, ""와플"": 4, ""밀크쉐이크"": 3, ""쉐이크"": 3, ""쿠키"": 3, ""에이드"": 2, ""우유"": 2, ""자몽에이드"": 2, ""초코라떼"": 2, ""치즈"": 2, ""맥주"": 1, ""복숭아아이스티"": 1, ""생초콜릿"": 1}","{""만족도"": 163, ""맛"": 120, ""서비스"": 58, ""가격"": 23, ""음식량"": 3, ""청결도"": 2, ""위치"": 2, ""대기시간"": 1}",2,1500,1500,1500,False,아메리카노 Take-Out 요금 기준입니다.,,"매장도 괜찮고 테이크아웃하기 좋습니다.
---
일하고 커피한잔 굿 가성비가 좋아요+2
---
요즘 컴포즈 자주 이용하는데 사장님 친절하세여><
---
Goood
---
쿠로미 스티커 있는 감일 컴포즈 커피 ㅎㅎ
---
가성비가 좋아요+4
---
굿굿굿굿
---
친절하고 맛있어요
---
친절하시고 와플도 맛있어서 집에서 가장 먼 매장이지만 종종 이용하러 가요💛 매장이 넓어요+4",점심,0.3,0.5,0.2,혼자,0.5,0.375,0.0,일상,1.4,"아직도 현장에서 추위와 싸우고 있을 형님들이 생각 나서 현장이 있는 감일동 근처에 가성비 괜찮은 카페를 검색 하다 아침 일찍 오픈 하는 컴포즈커피 가게가 있어서 다녀 왔습니다. 컴포즈커피 하남감일지구점 키오스크에서 따뜻한 아메리카노 11잔 테이크 아웃 주문! 주문한 커피를 기다리는 동안 가게 내부도 사진도 찍어 봤습니다. 따뜻한 커피 11잔 中 10잔은 형님들께 전달하고 저도 따뜻한 아메리카노 한잔 마시면서 돌아 왔네요. 왕십리에서 왕복 2시간정도 시간이 소유 됐지만 잠시라도 마음 따뜻했을 형님들을 생각 하니 기분 좋은 하루였습니다. 그리고 잠시였지만 여사장님께서 친절 하고 커피 맛도 괜찮았습니다. 감일동에서 가성비 좋은 카페를 찾고 계신다면 한번 방문해 보세요. #컴포즈커피 #컴포즈커피하남감일지구점 #감일동카페 #아메리카노 #커피 네이버 인플루언서: 왕눈이의 홈 (naver.com)
---
맛이 왜 그때그때 달라요? 한 줄 평 : 컴포즈 vs 메가. 영업시간. 오전 8시부터 오후 7시. 오.. 딱 출근 손님과 퇴근 손님을 잡겠다는 의지 같네요.. 테이크 아웃. 매장에 의자도 있지만 거의 테이크 아웃 위주로 가져갑니다. 뭐... 앉아서 즐길만한 무언가는 없으니까요. ㅎㅎ 자동 결제. 세상 참 좋아졌습니다. 어서 결제를 하시오들! 마카롱. 뚱카롱도 같이 있습니다. 겟. 배달 갑니다. ㅌㅌㅌ.. 맛 평. 음.. 저는 스트로베리 요거트 먹었는데요. 알바분이 하시는 날은 맛있더라고요. 주말은 사장님이 하시나 본데 좀 정신없으신가 봐요. 스트로베리 요거트 주문했는데 플레인 주시고.. 얼음 안 갈려 있어서 꽈드득 꽈드득 씹어 먹고, 빨대에 얼음 막혀서 안 올라오고.. 사장님 일은 알바에게 맡기세요 그냥.. 맛 : 위의 맛 평가로 다시 ㄱㄱ 가격: 위치가 옆에 메가 커피랑 멱살 잡고 싸우는 수준이죠. 어떤 건 비싸고 어떤 건 저렴할 거 같습니다. 다만, 제 눈에 띈 1가지 동일 메뉴가 컴포즈가 100원 더 저렴했다는 거. 남자들은 단순해요. 100원이라도 싸면 거기 가서 사 먹어요. 100원 싼곳이 용량이 더 적을지도 모르는데 말이죠. 와이프는 메가 커피 가더라고요. 라떼는 거기가 더 맛있다면서. 다음엔 메가 커피로 가봐야겠어요. 서비스 : 사장님. 일 나오지 마시고 집에 계세요. 주변 볼거리 : 동네 마실 주차 : 아마.. 불가? 전화번호 : 0507-1386-6899 주소 : 경기 하남시 신우실로 65 도움이 되셨으면 공감, 좋은 맛집을 알면 추천, 궁금한 건 댓글! 협찬 & 광고 받지 않습니다. 이제 이런 리뷰 없습니다. 제대로 된 리뷰를 보았다고 생각되시면 공감, 서로 이웃 추가 부탁드립니다. 서로 이웃이 되면 앵그리만도의 특이한 식당 리스트를 볼 수 있습니다. 앵그리만도's
---
오늘은 컴포즈커피 신메뉴 부여밤 생초콜릿 라떼 후기! 11/4(화) 하루만 부여 밤 라떼를 반값 할인 판매한다고 하길래 얼른 갔다왔다ㅎㅎ 부여 밤 라떼 칼로리/당류 정보 <부여 밤 라떼> 가격 3,500원 -> 1,750원 - 칼로리(kcal) ice 510.39 / hot 545.39 - 당류(g) ice 62.20 / hot 64.70 <부여 밤 생초콜릿 라떼> 가격 4,900원 -> 2,450원 - 칼로리(kcal) ice 691.56 / hot 726.56 - 당류(g) ice 56.07 / hot 58.57 부여 밤 생초콜릿 라떼는 부여 알밤과 진한 생초콜릿이 올라간 음료, 부여 밤 라떼는 부여 알밤과 사과의 단맛이 느껴지는 음료로 취향에 맞게 주문하면 될 것 같다 컴포즈커피 하남감일지구점 벌써 부여 밤 라떼 품절된 지점도 많았는데 다행히 하남 감일점에서 주문 가능했음! 나는 부여밤 생초콜릿 라떼 아이스로 주문했다 칼로리 691... 넘 사악함.. 근데 핫은 726... 핫이 더 칼로리가 높아서 아이스로 먹길 잘한 듯ㅋㅋㅋ 컴포즈커피 부여 밤 생초콜릿 라떼 후기 비주얼만 봐도 칼로리 높을 것 같은 느낌..ㅎ 부여 밤 생초콜릿 라떼는 밤 라테 위에 휘핑크림과 알밤 생초콜릿이 올라가 있었다 라떼만 먼저 먹어봤는데 밤 좋아하는 내 입맛엔 맛있었다 그리고 생각보다 휘핑크림이 맛있었음! 너무 단 건 싫어하는데 휘핑크림이 물리지 않는 단맛이어서 의외로 괜찮았다 그리고 위에 올라간 알밤 생초콜릿은 개인적으로 그냥 그랬다 첨엔 그냥 꾸덕한 초코인 줄.. 초코 젤라또를 생각했는데 초코보다는 앙금 같은 식감에 밤 맛이 강해서 떠먹는 것보단 섞어서 먹는 게 더 맛있었다 좀 달긴 했는데 바밤바맛에 초코맛이 더 해져서 괜찮았음 근데 단 거 안 좋아하면 덜 달게 만들어달라고 하는 것도 좋을 것 같다 그리고 밤 라테 조금 마시다가 휘핑크림이랑 알밤 생초콜릿을 섞어서 마시는 거 추천! 생각보다 부여 밤 생초콜릿 라떼 맛있게 먹어서 다음에는 밤 라떼를 먹어봐야겠다 밤 라테에 샷 추가하면 더 맛있다고 하던데 한번 먹어봐야겠음! 컴포즈커피 부여 밤 음료 할인 정보 11월 4일 단 하루 부여 밤 라떼 반값 할인 11월 5일(수) ~ 11월 13일(목) 부여 밤 음료 첫 구매 시, 스탬프 10개 증정! (아메리카노 1잔 교환 가능) + 부여 밤 세트 메뉴 구매 시, 크룽지 할인 1,500원 -> 1,000원 (크룽지 시나몬, 메이플 중 택 1) 당근페이로 컴포즈커피 결제 시 전 메뉴 500원 할인 정보도 있으니 참고하면 좋을 듯!",11.7
2bd5507a-7e93-560b-a216-859ab2ce4d7b,컴포즈커피 동묘롯데캐슬점,카페,서울 종로구 종로 347 상가 1층 108호,종로구,16동묘앞역 10번 출구,7,,,,,,,False,False,False,False,False,,,,"내부,음식·음료,아메리카노,동영상,동영상,동영상",0,814,0,0,0,"{""커피"": 114, ""라떼"": 21, ""아인슈페너"": 11, ""아메리카노"": 10, ""쉐이크"": 4, ""마카롱"": 3, ""밀크쉐이크"": 3, ""돌체라떼"": 2, ""생초콜릿"": 2, ""수박주스"": 2, ""에이드"": 2, ""초코라떼"": 2, ""고구마라떼"": 1, ""당근주스"": 1, ""밀크티"": 1}","{""만족도"": 225, ""맛"": 124, ""서비스"": 81, ""가격"": 20, ""위치"": 7, ""분위기"": 7, ""대기시간"": 5, ""청결도"": 4, ""메뉴"": 3, ""음식량"": 1, ""배달"": 1, ""주차"": 1}",2,1500,1500,1500,False,아메리카노 Take-Out 요금 입니다.,,"무난하고 가성비 좋아요. 매장은 작고 역에서 가까워요. 가성비가 좋아요
---
아메리카노, 부여밤 생초콜릿 라떼🤎
---
가성비 커피 집 중 제일 낫다고 생각해요. 친절하십니다.
---
점심시간에는 중년 분들이 가득 차서 모임을 하시네요.
---
따뜻한 밀크티 너무 맛있어요 ㅎ 폼이 살아있고 향이 좋아요~
---
종묘공원 주변에는 커피숍이 없어, 길 건너서 롯데캐슬까지 걸어나옴.
---
맛있는 커피 커피 수혈, 조카 간식도 구입, 아임 물주? 오케이
---
넘 친절하시고 신속하게 음료를 제조해줍니다. 음료가 맛있어요+2
---
무난하고 가성비 좋은 커피, 컴포즈. 친절하게 맞이해주셔서 언제 와도 편하고 좋아요
---
가성비 좋고 맛있어요",점심,0.1,0.8,0.1,혼자,0.6,0.1,0.1,일상,1.9,"동묘 카페 맛집 BTS 뷔와 함께하는 컴포즈커피 동묘롯데캐슬점 동묘 카폐 맛집 컴포즈커피 동묘롯데캐슬점 00 동묘구제시장 한바퀴 돌고나면 다리도 아파오고 휴식이 필요한 시간이되었어요 ㅋㅋ 잠시나마 휴식할 수 있는 동묘 카페 맛집 요즘 광고로 유명한 BTS 뷰 COMPOSE COFFEE 동묘 카폐 맛집 컴포즈커피 동묘롯데캐슬점 01 빅포즈 아메리카노가 3000원이네요 ㅋㅋ 4샷이 들어간 빅사이즈커피에요 ㅎㅎ 이거하나 사가지고 가면 하루종일 커피 걱정은 안해도 될거 같아요 ^^ 동묘 카폐 맛집 컴포즈커피 동묘롯데캐슬점 02 요래요래 왼쪽엔 홈플러스 익스프러레스 오른쪽엔 다이소가 위치해 있는 컴포즈커피 동묘롯데캐슬점 다이소에서 이것저것 물건을 고르고 필요한 물건이 있으면 홈플러스에도 가고 다리가 아파오기 시작하면 커피한잔 하면서 쉴 수도 있겠어요 ㅎㅎ 동묘 카폐 맛집 컴포즈커피 동묘롯데캐슬점 03 요즘 핫하다는 BTS 뷔의 컵홀더에요 ㅋㅋ 일본친구들이 필요하다고 해서 갈때마다 하나씩 모으고 있는 중이에요 ㅎㅎ 동묘 카폐 맛집 컴포즈커피 동묘롯데캐슬점 04 모델로 BTS 뷔를 쓰다보니 광고료도 많이 나왔을거 같네요 메가커피는 모델로 손흥민을 썼던데 갈수록 경쟁이 치열해지는 느낌이에요 ^^ 모델료 및 광고료도 만만치 않을텐데 모두가 서로 윈윈하는 경쟁구도가 되었으면 좋겠네요 ㅎㅎ 동묘 카폐 맛집 컴포즈커피 동묘롯데캐슬점 05 동묘 카폐 맛집 컴포즈커피 동묘롯데캐슬점 06 그러고보니 컴포즈커피랑 메가커피랑 노란색의 분위기가 비슷한거 같아요 ㅋㅋ 항상 둘이서 붙어당기는 느낌도 들구요 ㅎㅎ 암튼 저렴하게 맛나는 아메리카노를 먹을 수 있어서 골라먹는 재미도 솔솔한 동묘 카페 맛집 오늘도 아메리카노 한잔 테이크아웃해서 가네요 ^^ 동묘 카폐 맛집 컴포즈커피 동묘롯데캐슬점 07 COFFEE처럼 온화한 이미지의 BTS뷔가 한층더 아메리카한잔을 맛나게 하는거 같아요 ㅋㅋ 다이소에서 필요한물건 몇개사고 잠깐 휴식을 취하기 위한 컴포즈커피 동묘롯데캐슬점 친구랑 이런저런 수다를 떨다보면 시간가는줄 모를거 같아요 ㅎㅎ 동묘 카폐 맛집 컴포즈커피 동묘롯데캐슬점 08 오늘도 일본친구를 위해서 BTS 뷔 컵홀더 한개를 겟또했네요 ㅎㅎ 이번달 말에 온다고 하는데 몇개 더 모았다가 건네줘야할거 같아요 ㅋㅋ 일본친구한테도 소개시켜주고픈 동묘 카페 맛집 맛나는 케익도 한점 먹고싶어지네요 ^^ 동묘 카폐 맛집 컴포즈커피 동묘롯데캐슬점 09 컴포즈커피...
---
컴포즈커피 쫀득카노 (컴포즈 쫀득쿠키) 컴포즈커피 신메뉴 친구가..잘못했어요... 어제 나랑 맥주 한잔하고... 컴포즈커피 신메뉴 쫀득쿠키가 있다며 날 꼬득여서... 근처 컴포즈를 두군데를 갔는데 .. 쫀득카노 다 품절인거예요... 먹을 생각이 일도 없었는데... 컴포즈 쫀득쿠키 품절이면 먹어줘야지...!!! 출근길에 검색해보니 .. #컴포즈커피 #컴포즈커피쫀득카노 #쫀득쿠키 #컴포즈커피동묘앞점 품절이 아닌거예요!!! 당장사자~!!!!! 물론 가는데 30분이나 걸리지만... 놓칠 수 없지.. 사실.. 쫀득쿠키 #아이디어스 에서 구매해볼까 싶기도 했는데.... 살 너무 찔 것 같아서.. 패스,.. 오전에 한산한 컴포즈커피 동묘앞점 입니다~! 요기 보면 베스트 메뉴가 있쥬~! 쫀득카노 라떼로 먹고싶었는데.. 모바일 주문은 안되는 것 같더라고요... 모바일 주문이라 안기다리고 바로 픽업~! 영롱해.. 오늘따라 날씨가 좋아서 그런지 ㅋㅋㅋㅋ 쫀득카노 넘 영롱한거에요.. 근데 커피는 담다가 말았나...? 쫀득카노 뚜껑으로 닫아 주셨는데 빨대 구멍이랑 안맞아서 소듕하게 안고 가는 중... 사진보고 알았어요... 내 패딩에 오염이 있다는걸... 세상 더럽네.. 쫀득보단 푹신해보이는 컴포즈 쫀득쿠키 약간 말랑카우 식감에 쫀득해요 ㅋㅋㅋㅋㅋ 컴포즈커피 쫀득카노 꿀팁을 드리자면... 하나만 딱 먹고 아들 가져다주려고 쫀득쿠키 있는 칸에 뚜껑 덮어보니 딱 닫히더라고요? 그래서 위에 휴지 한장 깔고 미리 싸온 봉다리로 묶었어요 ㅋㅋㅋㅋ 솔직히 한번에 먹기엔 양이 좀 되요... 컴포즈커피 쫀득쿠키 양이 보니깐 한 11개 정도 되더라고요...? 맛은 있지만 빈속에 아메리카노 마실 때 같이 마시면 저처럼 위 안좋으신 분들은 속이 쓰릴수도 있다~!! 지금 제가 속이 매우 쓰려요 ㅋㅋㅋㅋㅋ
---
컴포즈커피 아이스아메리카노 1800원 가격인상 평소 토스에서 브랜드콘 구매하기하면 아이스아메리카노 1,500원 있었는데 갑자기 HOT만 보이지??? 이상하다..그리고 2개니까 에러난거겠지??? 컴포즈커피는 아아 뜨아 1,500원이라서 그리고 태형이가 모델이라서 스벅이용하다 쭉 컴포즈 이용하는데 모냐고오오오오오 에러가 맞을꺼야! 토스 포인트로 구매하면 100원만 내가 결제하면 되니까 종종 이용함 고양이키우면 메가커피 받을 수 있고 스타벅스도 받을 수 있으나.. 고양이를 오래 키워야해서 포기 ㅋ 아이스아메리카노 구매되겠지~ 이러면서 구매한 토스 브랜드콘 토스는 포인트 이체하려면 수수료 발생해버려서 이렇게 상품권구매가 훨훨 나음요^-^ 병원가면서 앱오더로 주문하려고 들어갔죠 캬아~~~ 이맛에 컴포즈 앱오더한다구용 컴포즈님ㅡ.,ㅡ 존잘남 저렇게 쓸거에요? 메가는 손흥민님 존잘로 맹글어주던데 진짜 컴포즈 광고컨셉도 별로고 우리 태형이의 매력을 발산 못시켜서 매번 아쉬움!!!!!!!!!!!!!!! 컴포즈 진짜 너무하다!!!! 우리 태형이ㅠㅠ 곧 콤백한다!!!!!!!!!!!!!!!!!! 컴포즈 인증도 하는 찐모델인데 사진이...우째 팬들이 찍는것만도 몬해 헐.... 핫일때는 1,500원이더니 아이스 선택하니 1,800원;;;;;; 컴포즈 앱오더 갔을때 아아 가격인상 그런거 못봤는데!!!!!!!! 스타벅스 가격인상은 뉴스로 알았는데 컴포즈는 모야모야 갑자기?????? 슬금슬금 가격인상한거임??? 적어도 앱오더에서 팝업이라도 띄어야하는거아님?????? 분명 수요일은 1,500원이었는데?? 언제부터 가격인상한거임????? 앱오더 안하고 매장으로 가버림!!! 매장가서 확인해보겠다!!!!! 외부 홍보물에 가격인상 내용 없구요 빅포즈 홍보는 있구요!!!!! 더벤티, 메가, 빽다방 등 뜨아 아아 가격 공개하는데 니들 굉장히 음흉하다!!!!!!!!! 키오스크 이용해도 1,800원.. 실화임???? 키오스크 이용할때도 인상관련 멘트없음 와.... 이건 진심 배신이다!!!!! 이럴거면 메가를 가겠다!!!!!! 크기도 똑같으면서 샷도 동일하면서 무슨 헐.... 요기에 쓰여있어요!!!!! 2월 13일 목요일 가격인상!!!! 와..실화임????? 요기만 이렇게 표시해둔거 실화냐고!!! 우선 쿠폰있으니 주문했지요!!! 컴포즈 워낙 저렴해서(?) 모바일상품권 이용하면 스탬프 적립안되잖아요 1,800원 인상했으면 스탬프 생각해보세요!!!! 300원 더 지불하는건 상관없는데 여기저기 안내를 안하는것이 겁나게 음흉함 흥 태형아~~~ 계약언제까지니?? 너의 비주얼을 빛나게 해주는곳으로 가자 거기 커피 마실께!!!!!!!!!!...",13.3
fdc12ae0-af21-56b1-8f1d-28636f83768c,코피발리,카페,경기 양주시 남면 삼육사로404번길 9,양주시,,,,http://instagram.com/cafe_kopibali,,,,,False,False,False,False,False,282,28,,,0,67,0,23,0,"{""커피"": 24, ""짬뽕"": 2, ""치즈"": 2, ""더치커피"": 1, ""라떼"": 1, ""바닐라라떼"": 1, ""부대찌개"": 1, ""찌개"": 1, ""치즈케이크"": 1, ""해물모듬"": 1}","{""만족도"": 36, ""맛"": 32, ""서비스"": 9, ""분위기"": 7, ""주차"": 2, ""메뉴"": 1}",7,4000,5500,4857.1,True,"카페라떼 아메리카노 카페라떼 카푸치노 말차라떼 요거트(딸기,망고,블루베리)스무디 레몬,청포도,자몽에이드",,"사장님 엄청 친절하시구,, 커피도 양 많고 즇아요!!❤️
---
커피도 맛있고 넓고 쾌적해요♡
---
맛나요
---
커피맛 좋아요
---
분위기도 ^^
---
분위기도 좋아요
---
한적하고 사장님이 친절하십니다. 가성비가 좋아요
---
커피도 맛있고 괜찮은것 같아요
---
커피 맛도 굿굿굿~~~
---
차마시기 좋아요",점심,0.1,0.9,0.0,연인·배우자,0.0,0.667,0.0,일상,2.1,,
2055da6d-645b-543b-b9be-c7e565a10ffd,코피티암 서촌점,카페,서울 종로구 자하문로5가길 7,종로구,3경복궁역 2번 출구,231,,,안녕하세요 코피티암 입니다. 알고 계신 정보와 다른 정보가 있나요? 사진으로 간단하게 제보해 주세요. 정보 수정 제안하기 이용약관고객센터리뷰운영정책신고센터 네이버,,,,False,False,False,False,False,32,81,999,"동영상,동영상",0,22,0,15,0,"{""토스트"": 14, ""카야토스트"": 13, ""커피"": 13, ""밀크티"": 2, ""연유커피"": 2, ""미숫가루"": 1, ""스무디"": 1, ""아메리카노"": 1, ""에이드"": 1, ""요거트"": 1, ""요거트스무디"": 1, ""자몽에이드"": 1, ""쿠키"": 1}","{""맛"": 18, ""만족도"": 13, ""분위기"": 10, ""서비스"": 5, ""메뉴"": 4, ""가격"": 1, ""목적"": 1}",12,5500,6500,5857.1,False,카야토스트 판단 크림 코피티암 커피에 판단을 이용해 크림을 얹은 비엔나커피 코피티암 커피 - C 싱가포르 스타일의 진한 커피와 연유를 더해 달콤한 커피 코피티암 코피- O 싱가포르 스타일의 달콤한 블랙 커피 코피티암 밀크티 홍차와 우유로 만든 싱가포르 스타일 달콤한 밀크티 아메리카노 ㅡ 카페 라떼,구운 식빵 사이에 싱가포르의 전통잼인 카야잼과 버터를 넣은 달콤하고 고소한 토스트,"싱가포르 컨셉(?) 카페예요! 카야 토스트가 먹고 싶어서 방문했는데, 현지에서 먹은 것과 같지는 않지만 비슷하고 맛있어요:) 버터가 좀 더 크게 들어가면 좋을 것 같아요. 코피티암 커피C는 달달한 연유커피 느낌이고, 아메리카노는 산미 없이 깔끔해요! 주택을 개조한 카페라서 그런지 구석구석 자리가 많고, 단체석도 있어서 단체 모임하기도 좋을 것 같아요. 집 같아서 아늑한 느낌이 있지만, 창가 자리가 아니면 조금 답답한 느낌이 있어요. 날씨가 좀 더 따뜻해지면 야외 분위기가 좋아서 야외석에 앉기 좋을 것 같아요 :)
---
지나가다 우연히 들렸는데 예쁜 마당과 옆 집 한옥을 감상할 수 있는 공간이네요. 2층 주택을 개조해서 만든 카페 같은데 공간 하나 하나 너무 다 예쁘네요. 2층에는 방으로 되어 있어서 카페가 아니라 사람 사는 집에 초대 받아 응접실에서 차 마시는 느낌이에요. 카야 토스트도 너무 맛있습니다. 왜 싱가폴이 여기서 나오는 건지는 잘 모르겠지만 좋은 공간인거 같네요. 디저트가 맛있어요+4
---
외관은 진짜 압도되는 느낌이에요. 골목길에서 마주치는 외관이란 ㅎㅎ 아 그리고 싱가포르 특유의 커피맛이 진짜 좋습니다. 단맛이 아주 부드럽고 소화에 도움되는 느낌입니다. 설 연휴에 방문해서 아기자기하게 가족 친척분들의 도란도란한 분위기도 좋았습니다
---
카야 토스트를 메인으로 하는 곳인 듯함. 배불러서 요거트 스무디 주문했는데 만족. 야외 테라스에 앉아서 쉬기 좋고, 마당에 싱가포르를 연상시키는 분수대가 있음 ㅎㅎ 음료가 맛있어요+4
---
지나다 만난 카페. 은근 유명한 곳인지 사람이 끊이지.않고 특별한 메뉴가 많아요. 음악이 좋아요+2
---
식사 후 서촌 구경하다 골목길 어느곳에 이뻐 보이는 카페가 있어 좀 쉬었다 가기로 하고 입장~~~ 디저트, 커피 한잔 했습니다^^ 음료 가격이나 디저트 가격은 비싸지 않았고 카야 토스트가 정말 맛있었습니다♡ 오픈 한지 얼마 되지 않은것 같은데..앞으로 핫플이 될거 같은 그런 느낌ㅎㅎ 잘 먹고 갑니다♡
---
요즘 카야토스트에 빠져서 카페 검색하다가 찾게된 카페에요. 토스트가 갓 구워진게 아니라 식은 빵이 나와서 당황스러웠어요. 아쉽다 생각 했어요. 안에 있는 카야버터는 맛있었어요. 디카페인 커피도 따듯했어요. 밖에서 카페 봤을때는 멋있었는데 안은 자리 구성도 그냥 그랬고 엄청 시끄러웠어요. 뭔가 쉬러 가는 카페 느낌이 아닙니다.
---
와 생각보다 테이블(자리) 엄청 많아요! 테라스 자리도 좋구요. 3층은 천장이 낮아서 조금 답답하게 느껴질수도 있을것같은데 카야토스트도 너무 맛있고 드립도 꽤 괜찮더라구요~ 평일엔 한산하니 자리 여유로웠어요!
---
🎈코피티암 서촌점🎈 친구들과 저녁 먹고 근처 카페 알아보던 중 맛있어 보여서 들렸어요 매장도 넓고 직원분들도 친절하셔서 좋았어요 다만 늦게 가서 그런지 빵 종류가 별로 없는거 같더라고요 카야토스트 바삭해서 맛있었고 커피도 맛있었어요! 잘 쉬다 갑니다 디저트가 맛있어요+2
---
코피티암 리뉴얼했나보네요 !! 더 멋드러지고 커피는 여전히 맛이써효 ❣️",점심,0.0,0.9,0.1,친구,0.111,0.222,0.444,일상,1,"안녕하세요, 구정마루입니다. 오늘 소개드릴 곳은 바로 서촌 골목 한가운데서 잠깐 이국적인 감성을 느낄 수 있는 달콤하고 느린 오후를 닮은 서촌 신상 카페, 코피티암 서촌점입니다. 넓은 공간에서 여유로 시간을 보낼 수 있는 곳이라 한번 소개 드릴게요 :) 코피티암 서촌점 서울 종로구 자하문로5가길 7 매일 10:30 ~ 21:50 코피티암 서촌점 외관 & 마당 위치는 경복궁역 2번 출구에서 나와 200m 정도 쭉 걸어오다 골목 안으로 들어오면 전통 한옥들이 있는 한적한 골목 사이에 이국적이고 캐주얼한 분위기의 카페가 보일 거예요 단독주택을 개조해서 만든 카페라 앞 마당을 가진 2층 건물로 꽤 큰 규모의 카페랍니다 앞마당에는 앉을 수 있는 테이블과 의자들이 있는데 아무래도 아직 영하권의 추운 겨울이다 보니 야외 좌석을 이용하는 사람들은 없었어요 날 좋은 날 푸르른 나무 아래에서 햇살을 즐기며 커피 마시기에 너무 좋은 장소 같아요! 마당은 꽤나 넓은 편이고 마당 끝자락에는 동상에 세워져 있는데 날이 좋을 땐 분수로 사용하는 것 같더라구요 붉은 벽돌로 지어진 건물이 서촌 골목안에서는 꽤나 현대적인 느낌으로 다가왔어요 내부는 어떤지 한번 들어가서 둘러봐볼게요 코피티암 서촌점 내부 1층 매장 안으로 들어오면 가정 먼저 드는 느낌이 서촌이지만 서촌스럽지 않다는 느낌이었어요 한옥이나 미니멀한 카페가 아닌 해외 로컬 가정집의 감성이 느껴져요 카운터는 오픈형이지만 너무 드러내지 않고 직원들의 움직임이 자연스럽게 보이는 정도였어요 완전히 조용하지도 시끄럽지도 않은 분위기네요 :) 매장에선 간단한 쿠키류를 판매하고 있고 보통 베이커리도 함께 파는데 제가 방문했던 시간에는 빵 종류는 하나도 없었네요.. 1층 메인공간에는 아주 큰 통창이 있어서 개방감이 좋고 실내 인테리어는 조명과 나무 소재 포인트가 섞여 따뜻하면서도 이국적인 감성을 느낄 수 있어요 과하게 화려하고 독특한 인테리어가 아니라 살짝 빛바랜 듯한 따뜻함이 묻어났답니다 벽면은 약간 거칠게 마감했지만 나무 소재의 테이블과 의자에서 느껴지는 따스함이 더해져 전반적으로 생활감이 느껴지는 분위기예요 그리고 1층 안쪽 방으로 들어오면 편안하게 앉을 수 있는 좌석들이 많아요! 그리고 좌석 배치가 굉장히 현실적이라는 생각이 들어요 창가 쪽 2인 테이블, 안쪽의 넉넉한 테이블, 소파, 등받이 편한 의자 등 좌석 유형이 매우 다양해 혼자 와서 커피 한잔하기도 좋고 둘 또는 여럿이서 오래 대화하기도 좋았어요 방으로 들어와...
---
코피티암 서촌점 10:30~21:50(매일) 3호선 경복궁역 2번출구 ️매장문의 02-6013-8837 방문일 : 2025.10.21 경복궁역 3번출구쪽 이미 오랜시간 자리잡고 있던 카페인 코피티암이 서촌 골목에도 생겼더라고요. 사실 다녀온지 조금 있으면 석달 10월 어느날 출근했을 때 점심먹으러 서촌골목갔다가 우연히 발견하고 나중에 편한사람들끼리 방문했어요. 서촌카페 코피티암 서촌점은 경복궁역 2번출구에서 나와서 걷다보면 ALO안경점이랑 솥솥매장 사이골목 정면으로 보면 찾을 수 있어요. 사진으로 보는 것처럼 조금은 이국적인 그런 풍경을 가지고있어서 찾기 어렵지않아요. 서촌카페 코피티암 서촌점은 싱가폴에서 즐겨먹는다는 코피티암커피와 싱가폴에서 가장 유명한 카야토스트가 아주 유명한 카페인데, 서촌점에서도 동일하게 맛볼 수 있어요. 매장이용도 가능하고 테이크아웃도 가능해요. 서촌카페 코피티암 서촌점에 딱 들어갔을 때 제일 먼저 눈에 띈! 이 분수대! 딱 싱가폴이죠? 제가 갔었던 날은 10월 중순이었는데 저는 밖에 앉고싶었으나 일행들은 반대 그리하여 밖에 못앉았어요. 지금은 추우니깐 절대 못앉겠지만 날씨가 따듯해지는 봄이나, 춥지도 덥지도 않은 가을엔 무조건!! 서촌카페 코피티암 서촌점은 꽤 넓은 편인데, 저는 1층만 이용했지만 후기들을 찾아보면 2층, 3층도 이용가능 특히나 2층은 룸형식으로도 꾸며있대요. 일행들끼리 조용하게 시간을 보내려면 2층 룸형식으로 된 공간도 좋을 것 같아요. 그리고 1층 야외공간도 있지만 2층 테라스도 있다고 합니다. 서촌카페 코피티암 서촌점의 메뉴와 다양한 디저트들 확실히 기억은 나지 않지만, 경복궁역점에선 카야토스트, 홍콩토스트만 먹어봤고 차나 커피와 함께 먹을 수 있는 구움과자류나 케이크류가 다양하지는 않았던 것 같은데 서촌카페 코피티암 서촌점은 엄청 다양한 디저트류가 있더라고요. 밥을 배부르게 먹고가지 않았다면 디저트 몇개 골랐을텐데 아쉽게도 세명 다 배부른 상태여서 하나만 골랐어요. 정확히 기억나지 않는 디저트이름 아마도 레몬몽블랑? 레몬케이크? 두명은 아이스아메리카노, 한명은 라떼 주문 10월 중순이었지만 아마도 이 날은 날씨가 차가운 음료가 적합했던 것 같아요. 저랑 함께하는 모든 이들은 거쳐야하는 디저트 자르고 단면 보여주기 ㅋㅋㅋ 나이프와 포크를 손에 들게되는 지인들은 매번 긴장해요. 서촌카페 코피티암 경복궁점도 좋지만 서촌카페 코피티암 서촌점은 우선 넓고 채광이 좋아서 더 편한 분위기에요....
---
서촌 나들이 | 싱가포르와 일본을 넘나드는 미식 여행, 코피티암, 도쿄 라멘 대회의 감동 그대로, 마제소바 성지 칸다소바 안녕하세요! 요즘 날씨가 좋아서 서촌 골목골목을 산책하는 분들이 정말 많죠? 오늘은 제가 서촌에서 가장 좋아하는, 실패 없는 '이국적인 미식 코스'를 소개해 드리려고 해요. 바로 싱가포르 감성 가득한 카페 '코피티암 서촌점'과 도쿄의 정통 라멘을 맛볼 수 있는 '칸다소바'입니다. 감성적인 휴식: 2층 가정집의 변신, '코피티암 서촌점' 오전 일찍 친구를 만나느라 정한 카페로, 달콤한 디저트 타임 이곳은 2층 가정집을 개조해 만든 카페인데, 아늑하면서도 우아한 분위기가 정말 매력적이에요. 서촌 특유의 감성에 싱가포르의 이국적인 느낌이 더해져 자꾸만 사진을 찍게 되는 곳이랍니다. 그런데 2층보단 1층 공간이 더 나았어요. 2층은 뭐랄까… 답답? 중요한 대화를 나눌땐 좋을 것 같기도. 카야토스트(5.5) 밀크티(6.5) 아메리카노(5.5) 홍콩토스트도 궁금했는데 안돼서 카야토스트로 주문! 카야토스트(5.5) 바삭하게 구운 식빵 사이에 달콤한 카야잼과 고소한 버터가 듬뿍! 한 입 먹는 순간 당 충전이 제대로 돼요. 코피티암 밀크티(6.5) 싱가포르 스타일의 달콤한 밀크티인데, 카야토스트랑 같이 먹으면 이곳이 바로 싱가포르 감성 충만. 달아서 완벽한 당충전입니다 ㅋㅋ 아메리카노(5.5) 산미가 전혀 없는 아메리카노 여기에 홍차 향이 진하게 감도는 싱가포르 스타일의 코피티암 밀크티를 곁들이면 더할 나위 없어요. 시원한 아메리카노(5.5)도 좋지만, 이곳에서만 맛볼 수 있는 달콤한 밀크티 한 잔은 오후의 피로를 싹 씻어준답니다. 서촌의 월요일은 죄다 문을 닫아 갈 곳이 많이 없어서 아쉬워요. 서촌식당을 가려고 했는데 이미 주방이 마감했고 걷다가 웬일로 서촌의 웨이팅 성지 칸다소바가 웨이팅 시간이 지났는지 줄이 없길래 방문했습니다. 이미 너무나 유명해져 버린 서촌의 찐 맛집, '칸다소바' 잠실점은 가봤는데 제대로 본점 느낌입니다. 서촌 쪽을 산책하다 보면 늘 사람들이 북적이며 줄을 서 있는 곳이 있는데요. 일본 현지의 맛을 100% 재현했다는 소문에 저도 드디어 발걸음을 해봤답니다. 일본 도쿄의 내공이 서촌에 상륙하다 입구부터 일본 여행을 온 듯한 이국적인 인테리어가 눈길을 사로잡아요. 알고 보니 이곳, 도쿄에서 20년 넘게 라멘집을 운영하며 각종 대회 우승을 휩쓴 *와이즈(Wize)'의 기술을 직접 전수받은 곳이더라고요. 단순히 흉내만 낸 게 아니라 제면 기술부터 육수까지...",28.3
dc0b17ec-d50c-57ec-aabc-735cca75b75f,콘하스 ddp점,디저트,서울 중구 장충단로 215 1~5층,중구,245동대문역사문화공원역 5번 출구,124,0507-1443-0793,,,,,주차 불가,False,True,False,True,True,212,447,999,"내부,음식·음료,아메리카노,외부,메뉴판,동영상,동영상,동영상,동영상,동영상,동영상",0,135,0,73,0,"{""커피"": 72, ""라떼"": 11, ""케이크"": 9, ""타르트"": 9, ""밀크티"": 6, ""아메리카노"": 6, ""치즈"": 5, ""치즈케이크"": 5, ""샌드위치"": 4, ""아이스크림"": 4, ""아포가토"": 3, ""드립커피"": 2, ""레몬차"": 2, ""바닐라라떼"": 2, ""우유"": 2}","{""만족도"": 90, ""맛"": 81, ""분위기"": 20, ""전망"": 16, ""서비스"": 14, ""메뉴"": 11, ""가격"": 8, ""청결도"": 5, ""목적"": 4, ""위치"": 3, ""음식량"": 2, ""배달"": 1, ""주차"": 1, ""대기시간"": 1}",1,5500,5500,5500,False,아메리카노,,"콘하스 ddp점에 방문했습니다. 3층에 있는 바테이블에 자리를 잡았습니다. 레몬티와 에그타르트를 주문했어요. 레몬티는 다른 카페에 비해서 생레몬이 많이 들어가서 새콤한 맛이 좋았습니다. 에그타르트는 바삭한 타르트지와 부드러운 필링의 조합이 맛있었어요. 창가에 앉아서 혼카페 하기에 좋은 공간이었어요. 테이블 위에 콘센트가 있어서 편리했어요. 화장실이 카페 내부에 있어서 깨끗했어요. 음료가 맛있어요+4
---
2명 앉을 자리가 많지 않음 의자4개 있는 테이블은 3,4인 이상 앉으라고 써져 있음 커피랑 밀크티는 맛있는 만큼 가격이 있음 사장님의 자부심 느껴지는 말투가 한모금에 확 이해됨
---
컨셉 독특하고 위치도 좋고 뷰도 멋진 콘하스. 분위기가 마음에 들어 또 가고 싶은 곳. 식사 하고 가서 디저트는 못 먹었지만 커피 맛도 좋았음.
---
커피 마시고 브르키는 포장
---
블루베리요거트케이크 상큼하니 맛있음!! 만원 아이스카페라떼 무난하게 굿 엄청 쓰고 그렇지 않음 의자가 엄청 편하지는 않긴 한데 콘센트 자리 많아서 작업하기 좋음 가격대는 좀 있긴 함 직원분들 친절하심 디저트가 맛있어요+3
---
좋아하는 콘하스카페가 동대문에 생겨서 디자인위크 방문하는김에 들렸어요! ☕️ 커피도 디저트도 다양해서 좋고 건물을 다 사용해서 의자도 다양하게 준비되어 있어서 좋았습니다 👍🏻 일단 채광이좋아서 앉아있기 기분좋은 카페에요~!
---
추운 날이었는데 따뜻한 드립커피와 아이스라떼 주문해서 맛있게 먹겄습니다. 손님중 한분이 이동하다 쟁반을 놓치면서 음료를 쏟았는데 직원분들이 친절하게 대응을 해주시는 것을 보고 보는 제가 다 기분이 좋아졌었습니다.
---
창 밖 도시뷰가 이쁜 카페였고 카페가 층층마다 분위기며 즐기기 좋은 곳이었어요~^^ 커피맛도 좋았구요~^^ 샌드위치랑 같이.먹었는데 차아바타 너무 맛났어요~♡ 창가뷰는 11시즘 되니 1인 손님들이 주루룩 차지하네요~^^ 느낌이.좋았던 카페였습니다!
---
지나가다 많이 본 3층 건물 통 카페! 네모 반듯이 아니라 단조롭지 않아서 좋았는데,,, 치즈케이크 좀 드세요 여러뷴 그 어느곳보다도 빵과 빵사이 치즈가 흘러내리는 점도의 치즈라 좋았습니다!🧀 대부분 작업 많이 하러 오셔서 카페가 조용한 분위기이기인것도 좋은데 그걸 생각하셔서인지 밀크티가 엄청 진해서 천천히 마시기 너무 좋더라구요!!🧋
---
매장도 정말 넓고 자리도 많고 대화 나누기에 좋아요!",점심,0.1,0.7,0.2,친구,0.286,0.143,0.571,친목,1.1,,
eca1ca95-6360-5c01-bb9e-92d878d39a6b,,,,,,,,,,,,,False,False,False,False,False,,,,,0,0,0,0,0,{},{},0,,,,False,,,,,,,,,,,,,,,
96a3e79f-feb9-5bd5-9797-033c97c97603,,,,,,,,,,,,,False,False,False,False,False,,,,,0,0,0,0,0,{},{},0,,,,False,,,,,,,,,,,,,,,
a7195387-6add-5da5-8431-bd63b4d70b6a,클럽에스프레소,카페,서울 종로구 창의문로 132,종로구,,,,https://www.instagram.com/clubespresso_1990,,,,주차 불가,False,False,False,True,True,,,999,"내부,음식·음료,라떼,외부,메뉴판,동영상,동영상,동영상,동영상,동영상",0,1568,0,412,0,"{""커피"": 671, ""에스프레소"": 59, ""라떼"": 39, ""마들렌"": 38, ""아이스크림"": 21, ""아메리카노"": 15, ""드립커피"": 12, ""드립백"": 10, ""플랫화이트"": 9, ""비엔나커피"": 7, ""핸드드립"": 7, ""아포가토"": 6, ""우유"": 6, ""크로와상"": 6, ""아이스크림라떼"": 5}","{""맛"": 665, ""만족도"": 524, ""분위기"": 104, ""서비스"": 58, ""가격"": 38, ""메뉴"": 27, ""주차"": 20, ""목적"": 11, ""청결도"": 8, ""전망"": 8, ""위치"": 6, ""음식량"": 5, ""방역"": 1}",2,5000,5000,5000,True,클럽블렌드 House Blending Coffee,,"대한민국 커피 1세대가 운영하는 35년된 커피숍이란 얘길 듣고 살포시 기대감을 갖고 방문했어요🎈 마침 계열사 치킨먹으러 왔다 바로 앞이라 풍미좋은 따뜻한 커피한잔 시켜놓고 부암동의 잔잔한 겨울저녁을 여유있게 음미할 수 있었습니다 ☕️ 문을 열자마자 느껴지는 커피전문점의 포스👍 1층엔 다양한 원두를 시음할 수 있는 공간이 있었고, 다양한 드립백과 원두를 판매하고 있었어요. 2층 공간은 다양한 좌석과 밖을 볼 수 있는 1인석들도 있어 도란도란 아늑한 분위기에서 차를 즐길 수 있었습니다. 다음에 또 부암동에 오면 방문해서 2층에서 한양도성길 바라보며 멍때리고 싶네요🙏 뷰가 좋아요+4
---
에스프레소 과테말라 : 5,000원. 뺑오쇼콜라 :4,000원. 오랜만에 왔더니 잔도 바뀌고 설탕도 개별 설탕이 아니고 셀프 코너 이용으로 바뀌었네요. 탄 신맛이 도드라졌는데, 역시나 마시고 난 뒤에 입에 남는 향은 좋았어요.
---
커피가 엄청 맛있다고 추천 받아간 부암동 클럽에스프레소! 내부 인테리어가 고풍스럽고 식물이 엄청 많아서 푸릇푸릇해서 좋고 직접 로스팅하시는지 원두 종류도 많고 시음도 가능해서 좋더라는♡ 1인 1음료이니 참고!
---
🥰커잘알을 위한 첫걸음 부암동에 간다면 무조건 방문해야할 커피맛집 인테리어도 커피에 충실합니다 원두가 맛있어서 커피 마실 맛 쏠쏠해요 추천 앞으로 부암동 여행갈때마다 들릴 예정
---
차분한 분위기에 커피즐기기 너뮤죠아요!
---
커피마시러 갔다가 마침 커피중독자시리즈 예가체프 행사해서 2봉지나 사왔어요 득템 ㅎㅎ 넘 기분이 좋았답니다
---
35년이라는 세월을 간직하고 있는 서울 부암동에서 만날 수 있는 카페 클럽에스프레소 국내 커피 문화가 들어오기 전이라고 할 수 있는 1990년, 당시에는 다른 곳과는 많이 다른 커피전문점으로 시작한 클럽에스프레소 이제는 치열해진 커피시장이지만 35년이란 시간동안 이 곳에서 굳건히 자리를 지키며, 부암동 주민들과 일상을 함께 하고 있다. 목수를 겸하는 사장님께서 오픈 하신 곳이라고 하며 카페지만 곳곳에서는 사장님의 손길이 묻어나있다. 커피를 전문으로 하는만큼 직접 로스팅한 커피를 맛 볼 수 있으며 커피쟁이라면 한번쯤 방문 해보셔도 좋을듯한 카페 클럽에스프레소 더 자세한 정보는 최제로 블로그🙇🏻‍♂️🌼
---
무려 35년이나 된 카페네요! 중년의 사장님이 너무 멋있으세욤!! 카페도 로컬에 빈티지하지만 세련미가 넘쳐요! 단풍뷰와 햇살이 굉장히 예뻐요. 심지어 커피도 맛있고 크로와상도 너무 맛있어요! 원두를 잘 모르긴 하는데 사장님 추천 원두로 픽.. 굉장히 산뜻하고 깔끔하고 맛이가 있음다! 이 맛있는 걸 표현이 안되서 아쉽네요. 부암동 찾아가기 꽤 어려운 편인데.. 가보면 항상 후회 안하는 보석같은 곳이 많은 동네임! 오늘은 클럽에스프레소를 발견해서 럭키!
---
1. 주차 - 이동네에서 힘겹게 주차가 되는 곳이라 좋긴한데 왼쪽 하나짜리는 사장님 자리라 비어있어도 언제 오실지 모른다고 차 빼라고 하더라구요. ‘사장자리’ 라고 써두면 주차하고 들어가서 또 다시 나와야 하는 번거로움이 없을것 같아요. ‘사장자리‘ 표시 강추! 이쪽에 차 대면 반드시 빼셔야 한다니까 (잠깐도 안된대요 오실지 몰라 비워둬야 한다고) 괜히 기분좋게 오셔서 맘상하지 마시고 차뺄 수고도 마시고 오른쪽 두대 자리에 대시던지 근처 주차장 큰 카페 추천드려요! 2. 커피 종류가 굉장히 다양하고 매력적입니다. 콜롬비아와 시그니처를 한잔씩 마셨는데, 콜롬비아는 맛있었어요 평균이상 된다고 느꼈습니다. 하지만 시그니쳐커피는….. 이런걸 같은값 주고 먹을순 없다는 생각이 들었습니다. 꼭 피하시길… 차분한 분위기예요
---
예전에 아메리카노 맛있게 마셨어서 오랜만에 방문했네요 과테말라 아메리카노랑 비엔나 커피 주문했는데 둘다 맛있고 분위기도 아늑해서 좋아요🥰☕️",점심,0.1,0.7,0.2,연인·배우자,0.4,0.4,0.2,일상,1.5,,
5ce00c61-5b63-5768-9d68-693c89887d0f,키미아트,카페,서울 종로구 평창30길 47,종로구,,,,https://www.instagram.com/kimiart_2003,"KIMI는 국내외에서 활동하는 미술, 문화계 작가들의 작품 전시와 각종 프로그램을 기획하는 미술공간입니다. 정규 시즌 동안 키미는 갤러리에서 4 ~ 5차례의 자체 기획전과 게스트 큐레이터의 기획전시를 선보이며 전시마다 숍, 카페, 야외 프로젝트들이 병행될 것입니다. 전형적인 갤러리 공간과 자연 채광이 풍요로운 갤러리, 까페와 키미 숍, 야외 마당과 데크 공간 등 다양한 성격의 공간을 하나의 환경에 지니고 있는 키미는 각 공간의 성격에 맞는 작가와 그들의 참신한 프로젝트들을 기다립니다. 주차 주차 불가 좌석·공간1 테라스 SNS3 인스타그램 https://www.instagram.com/kimiart_2003 블로그 블로그 홈페이지 홈페이지 알고 계신 정보와 다른 정보가 있나요? 사진으로 간단하게 제보해 주세요. 정보 수정 제안하기 이용약관고객센터리뷰운영정책신고센터 네이버",,,주차 불가,False,False,False,False,False,415,255,999,"내부,음식·음료,아메리카노,동영상,동영상,동영상,동영상,동영상",0,120,0,53,0,"{""커피"": 30, ""치즈"": 3, ""케이크"": 3, ""라떼"": 2, ""오미자차"": 2, ""치즈케이크"": 2, ""파운드케이크"": 2, ""대추차"": 1, ""레몬생강차"": 1, ""레몬케이크"": 1, ""레몬파운드"": 1, ""바닐라라떼"": 1, ""블랙티"": 1, ""비엔나커피"": 1, ""빙수"": 1}","{""만족도"": 90, ""맛"": 40, ""전망"": 18, ""분위기"": 14, ""가격"": 7, ""서비스"": 3, ""주차"": 2, ""목적"": 2, ""청결도"": 1, ""위치"": 1, ""메뉴"": 1}",2,7000,15000,11000,True,파니니세트 아메리카노,햄 치즈 파니니와 홈메이드 드레싱을 곁들인 샐러드. 그리고 향긋한 아메리카노가 세트로 구성된 파니니세트는 키미의 대표 메뉴입니다 :),"갤러리카페라 분위기 좋고 평창동 산뷰도 좋아요~ 조용히 힐링하고 갑니다
---
평창동식사후 커피 마실 장소가 참많타, 이동네만의 분위기 좋은 커피집중에 키미아트는 탁트인 전망이 진짜멋지다
---
커피도 너무 맛있고 치즈 케이크가 정말맛있어서 기분좋게 대화하면서 시간 보냈던거 같아요! 차분하게 보낼수 있는 공간이라 너무너무 좋았습니다 대화하기 좋아요+4
---
평창동 갤러리카페. 1층에서 작품 감상하고 2층에서 평창동뷰를 즐기며 커피 한잔 할수 있는 조용한 카페. 뷰 좋아요~
---
좋아요
---
뷰가 엄청 아름답고 차랑 디저트가 깔끔하네요~~뷰맛집
---
뷰가 좋고 멋있는 까페입니다. 데이트하거나 힐링하기 좋은 까페입니다.
---
주말에 평창동의 키미아트(KIMI Art)에 방문했어요. 이곳은 갤러리와 카페가 결합된 문화 공간이에요. 1층에서는 무료로 기획전과 작가의 작품을 감상할 수 있고, 2층 카페에서는 음료와 디저트를 즐길 수 있어요. 주차는 카페앞에 주차장이 있지만 협소해서 주택가 대로변에 세우고 들어갔어요. 커피와 음료가 모두 맛있고 2층 테라스에서 평창동의 아름다운 전망을 감상할 수 있어요. 특히 노을부가 무척 아름답더라구요. 조용하고 한적해서 이야기 나누기도 좋았어요. 다만 음료 가격이 다소 높은 점은 참고하세요!
---
좋아요~~!!",저녁,0.0,0.4,0.6,연인·배우자,0.0,0.5,0.333,친목,1.6,,
6a632c5a-6b6a-54ae-90c2-a85d88a1e60a,타르트앤,디저트,서울 종로구 동숭4길 7 1층,종로구,4혜화역 1번 출구,259,,,"매장에서 판매되는 디저트, 음료는 모두 좋은재료를 사용하여 직접 만들며 커피 메뉴는 스페셜티 등급의 원두만을 사용합니다.",,,,True,True,False,False,False,268,69,,,0,51,0,0,32,"{""타르트"": 13, ""케이크"": 12, ""치즈"": 11, ""커피"": 11, ""치즈케이크"": 9, ""라떼"": 6, ""에이드"": 5, ""바스크치즈케이크"": 4, ""수제청"": 4, ""아메리카노"": 2, ""카페라떼"": 2, ""과일"": 1, ""녹차"": 1, ""녹차라떼"": 1, ""레몬에이드"": 1}","{""맛"": 51, ""만족도"": 29, ""서비스"": 23, ""분위기"": 5, ""가격"": 3, ""음식량"": 1, ""청결도"": 1, ""목적"": 1}",4,4500,7000,6250,False,케이즈(조각) 수제청 에이드 스페셜티커피 라즈베리 레모네이드,,"커피 차 모두 맛있고요 쿠키는 아까워서 못먹고 가져왔고요 배우님 이벤트 많이 해서 더욱 좋고요 바빠서 테이크아웃 했어요 커피맛집 차맛집
---
치즈케이크를 많이 먹어봤지만 여기처럼 맛있는 곳은 못본 것 같아요. 직접 만드신다는데 포크로 케잌을 자르면 진득한 치즈가 흘러내릴 것 같아요. 청들도 수제라서 믿음이 가요. 겨울엔 진저레몬티 추천합니다 !
---
이 카페는 종종 방문하는 곳이에요. 오늘은 시트러스자몽티를 마셨는데, 정말 상큼하고 맛있었어요. 카페는 크기가 적당하고(테이블이 약 10개 정도. 일부 테이블은 붙여두어 실질적으로는 7-8?) 편안한 분위기였어요. 내부는 아기자기한 인테리어로 꾸며져 있어서 따뜻하고 아늑한 느낌을 줍니다. 또, 화장실도 청결하게 관리되고 있어요. 이 카페는 바스크치즈케이크가 특히 맛있어요. 적당히 크리미하고 꾸덕한 식감이 매력적입니다. 각종 과일음료들과 논카페인라떼 종류가 매력적이에요. 가게 주인 부부의 따뜻한 정성이 곳곳에서 느껴지는 카페라 앞으로도 자주 방문할 것 같아요. 음료가 맛있어요+4
---
사장님 친절하시고 커피 맛있어요☕️
---
아메리카노 맛있고, 사장님 친절하세요☕️
---
이벤트 카페 열려서 방문했습니다~ 방문할 때마다 항상 친절하시고 좋아요! 음료가 맛있어요
---
아이스 리얼 쇼콜라 라떼 맛있어요! 음료가 맛있어요+4
---
아메리카노 맛있어요~ 사장님 친절하십니다.
---
오랜만에 방문한 타르트앤. 진한 치즈 풍미가 좋은 바스크 치즈케이크가 적당히 달콤해서 맛있음. 디저트가 맛있어요+1
---
다양하고 맛있는 음료들이 많아서 자주 방문하는 카페입니다 디저트가 맛있어요+4",저녁,0.0,0.4,0.6,혼자,0.833,0.0,0.167,데이트,5,"어느 겨울날, 쌤들이랑 저녁 먹고 달다구리 먹으러 출동 ㅎ 원래 가려고 했던 곳은 무슨 홍차 까페, 그런 곳이었는데- 마감 시간이었나 암튼 주문을 할 수 없어서, 급하게 근처에 있던 다른 까페를 찾았다. (타르트집 사진을 보니 인원 수에 맞는 테이블이 없어서 못 들어간건가 싶기도 함) 혜화에는 체인까페 말고도 널린게 일반 까페라- 맘 먹고 찾기만 하면 갈 만한 곳이 참 많다 ㅎ 첫 계획은 어그러졌지만, 바로 맘에 드는 까페를 찾아서- 입장 ㅎ 까페가 크진 않았지만, 디저트가 맛있어보이길래, 지나가다가 메뉴판 보고 픽- 동숭아트센터 지나서 스벅 골목으로 좀 들어가면 바로 있다. (더 들어가면 128pan이 있음) 정확히 기억은 안나는데;; 꽤 여러 명이 갔던 모양;; 사진에 친구 쌤이 찍혀있길래, 맨날 밥먹으러 가는 그멤버 리멤버인가 했더니만, 시킨 스케일을 보니 한 6명이 갔던 것 같은데 역시나 기억에는 없다 ㅠㅠ;; 독서 모임은 아닌것 같고;; 교과 모임도 아니고;; 학년 모임은 더더욱 아닌것 같고;; 기억이 안나니 짐작도 안됨;; 여교사 모임이었나? '_' a 이래서 사진은 그 때 그 때 정리해놔야 하는데 ㅠㅠ 반반 메뉴도 있고- 이것저것 골고루 시켰던 모양 음료도 그렇고 아주 메뉴가 버라이어티하다. (기억에 주문하고 주문 내용이 다 달라서 나오는데 시간이 좀 걸리긴 했던 것 같음) 지금 보니, 노선 다들 확실하게 아무도 커피는 안 마심 ㅋㅋㅋ 온리 디저트와 음료 ㅋㅋㅋ 당수치 폭발했겠다 ㅋㅋ 내 폰 사진도 있지만, 친구 쌤한테 받은 사진도 막 섞여있는 것 같음;; (그나저나 궁금하니 친구쌤한테 한 번 물어봐야할 듯; 한 3년 전이라 기억하고 있으려나 모르겠네;) 최근에는 안 가봤는데, 검색해보니 나와서 반갑다 싶음 ㅎ
---
특별한 하루가 된듯하여 더욱 좋앗어요",37.5
05f6320c-2b8c-58a4-9a2c-9d3d0f4f250d,태을커피,카페,서울 종로구 우정국로 29,종로구,1종각역 2번 출구,111,,,,,,주차 불가,False,False,False,True,True,,,999,"내부,음식·음료,커피,와플,외부,메뉴판,동영상,동영상",0,396,149,0,0,"{""커피"": 134, ""젤라또"": 27, ""라떼"": 22, ""비엔나커피"": 20, ""아메리카노"": 14, ""아이스크림"": 14, ""빙수"": 13, ""와플"": 11, ""크로플"": 10, ""약과"": 9, ""쌍화차"": 5, ""에이드"": 4, ""오미자에이드"": 3, ""요거트"": 3, ""우유"": 3}","{""만족도"": 208, ""맛"": 183, ""분위기"": 35, ""서비스"": 25, ""가격"": 9, ""목적"": 9, ""메뉴"": 8, ""위치"": 7, ""청결도"": 4, ""전망"": 4, ""음식량"": 3, ""대기시간"": 1}",18,4800,18000,7807.1,True,계란동동쌍화차 태을커피 비엔나커피 오미자차 젤라또와플 (2가지 맛 젤라또) 베이직와플 아메리카노 카페라떼 바닐라라떼 딸기라떼 추억의 자판기 우유 요거트스무디 플레인/블루베리/망고/딸기 에이드 오미자/체리/레몬/자몽 생과일주스 청포도/바나나/토마토/딸기(시즌),,"뷰 좋은 태을커피! 2층뷰에서 공평동이 한눈에 보입니다ㅎㅎ 커피도 맛있고 분위기도 좋아서 데이트하기 좋아요🩷
---
친절하고 커피가 맛있어요!
---
나쁘지않아욤 근데 음료랑 디저트 나온거 카톡으로 알려주는게 조금 불편해여
---
비엔나 커피 처음 마셔봤는데 크림 달콤하니 맛있네요 !
---
태을커피에서 사장님들이랑 수다 떨고 ai교육 듣고 아주 즐거웠던 시간이어땃ㅎㅎ 커피는 밤이라 카페인 때매 못 먹었지만 😭
---
대화하기 좋은 카페예요👍🏻
---
좌석이 많아서 좋아요 커피맛은 쏘쏘
---
커피도 맛있고 친절합니다.
---
여기 그냥 홀린듯이 왔는게 최고 편히 쉬다갑니다",점심,0.0,0.7,0.3,연인·배우자,0.0,0.429,0.143,일상,1.2,,
a664cfe7-0d0e-5eee-b61a-2cfcfbd72f5c,,,,,,,,,,,,,False,False,False,False,False,,,,,0,0,0,0,0,{},{},0,,,,False,,,,,,,,,,,,,,,
92b1507a-458d-5794-baef-5addac6b0f1c,,,,,,,,,,,,,False,False,False,False,False,,,,,0,0,0,0,0,{},{},0,,,,False,,,,,,,,,,,,,,,
752da227-fb36-5496-ad30-43b71498d566,,,,,,,,,,,,,False,False,False,False,False,,,,,0,0,0,0,0,{},{},0,,,,False,,,,,,,,,,,,,,,
2a22532f-a7be-522d-bb99-6e642a2462fa,폴인커피,카페,서울 강남구 밤고개로 231 훼미리타운 A동 1층,강남구,,,,,,,,,True,True,False,True,True,299,35,,"내부,음식·음료,동영상,동영상,동영상,동영상",0,0,0,0,0,{},{},10,3500,14900,10500,True,아메리카노(HOT/ICE동일) 녹차빙수 흑임자빙수 인절미빙수 쑥빙수 오레오초코빙수 망고코코넛 크림치즈갈릭브레드 크림치즈프레츨 시나몬츄러스/초코츄러스,,,,,,,,,,,,,,
31751f7b-598c-5ec2-a737-cf182f9d1441,,,,,,,,,,,,,False,False,False,False,False,,,,,0,0,0,0,0,{},{},0,,,,False,,,,,,,,,,,,,,,
f0007217-ecfe-565c-99eb-7a6fe2143369,프레쉬몽땅카페,카페,서울 강동구 고덕로28길 10-5 1층,강동구,8암사역사공원역 1번 출구,408,0507-1434-1362,,수제 샌드위치& 샐러드 전문 카페입니다.^^* 신선한 재료 유지를 위해서 일정한 재료를 매일 준비해서 운영하고 있기에 재료 소진 시 조기 마감될 수 있는 점 양해 부탁드리며 단체 주문은 3일전 미리 주문 부탁드립니다~ 감사합니다^^*,,,,True,False,True,False,False,25,1,,,0,0,0,0,0,"{""커피"": 5, ""샌드위치"": 4, ""샐러드"": 2, ""토스트"": 1, ""피클"": 1, ""연어초밥"": 1, ""연어"": 1, ""초밥"": 1}","{""맛"": 8, ""만족도"": 6, ""서비스"": 5, ""음식량"": 2, ""가격"": 2, ""위치"": 1}",80,3500,13900,6154.7,True,배달우리 매장은 배달 주문이 가능합니다 대표메뉴 케이준 치킨 샌드위치 리코타치즈 샐러드 파스타 샐러드 매콤)할라피뇨 피자 토스트 [스페셜 메뉴] 특별한날~특별한 외식~ 까망베르 감자스프 따뜻하게 부드럽게 마시는 컵스프예요~ [몽땅세트메뉴] 인기메뉴를 한번에~ 샌드위치 1인세트(샌드위치+음료) 샌드위치 1인분 + 음료 1 샐러드 1인세트(샐러드+음료) 샐러드와 음료 구성의 1인 세트메뉴 토스트 1인세트(토스트 + 음료) 토스트와 음료 구성의 1인 세트 [수제 샌드위치] 든든한 한끼로 충분한 메뉴~ 햄치즈 샌드위치 케이준 치킨 샌드위치 훈제연어 샌드위치(호밀빵기본) 베이컨올리브 샌드위치 [프레쉬한 샐러드] 야채와 토핑이 듬뿍~ 그린 샐러드 (기본 야채 샐러드) 리코타치즈 샐러드 훈제연어 샐러드 케이준치킨 샐러드 파스타 샐러드 펼쳐서 더보기 [그릴 토스트] 매력덩어리 토스트예요 카야 버터 토스트 카야 치즈 토스트 매콤)할라피뇨 피자 토스트 달콤)햄치즈 토스트 누텔라 바나나 토스트 바나나와 누텔라의 달콤한 조화의 맛 [커피류] 스페셜 블랜딩 원두 사용 진한 아메리카노 카페라떼 바닐라라떼 에스프레소 연유라떼 디카페인) 콜드브루 아이스 아메리카노 [Non Coffee ] 부드러운 우유 음료~ 초코라떼 (달콤함의 최고인기메뉴예요) 녹차라떼 (순한 녹차향에 달달한 라떼예요) 오곡라떼 (고소한 12곡물로 만들었어요) 밀크티 (은은한 얼그레이 밀크티의 향을 느낄수 있어요) [스무디] 시원함을 즐기고 싶을때~ 블루베리스무디 딸기스무디 망고스무디 요거트스무디 요거트블루베리 스무디 [에이드] 탄산이 땡길때~ 자몽에이드 청포도에이드 레몬에이드 애플망고 에이드 청귤에이드 펼쳐서 더보기 [과일주스] 달콤 & 상큼한 맛이 땡길때~ 딸기주스 토마토주스 바나나 주스 오렌지당근 착즙주스 착즙주스~ 재료의 본연의 맛을 느낄 수 있어요~ 케일사과파인애플 착즙주스 착즙주스~ 재료의 본연의 맛을 느낄 수 있어요~ [티 종류] 향기로운 음료가 땡길때~ 캐모마일 얼그레이 자몽차(Only HOT) 유자차(Only HOT) 복숭아 아이스티(Only ICE) 펼쳐서 더보기 [디저트메뉴] 커피와 함께 즐기기좋은 메뉴~ 미니 붕어빵(팥)(5개) 겨울 최고의 간식 미니붕어빵 [치킨&사이드 메뉴] 해쉬브라운(3개) 소스 미제공,"일반식빵,마요네즈소스,칠리소스,후추가루살짝,토마토슬라이스,피클,할라피뇨,피망슬라이스,양파슬라이스,케이준치킨텐더,슬라이스치즈,머스타드소스,양상추 양상추,적채슬라이스,옥수수,블랙올리브,다진토마토,피망슬라이스 + 기본드레싱(발사믹드레싱) 제공 양상추,적채슬라이스,옥수수,블랙올리브,할라피뇨,다진토마토,피망슬라이스,양파슬라이스,스파게티누들,햄슬라이스 + 기본드레싱(오리엔탈 드레싱) 제공 매운소스와 할라피뇨가 들어가서 매운 피자맛의 토스트입니다~ 중독성이 매우 강해서~ 한번 꼭 드셔보시길 강추합니다. 일반식빵,마요네즈소스,후추가루살짝,토마토슬라이스,피클,할라피뇨,햄,슬라이스치즈,머스타드소스,양상추 일반식빵,마요네즈소스,칠리소스,후추가루살짝,토마토슬라이스,피클,할라피뇨,피망슬라이스,양파슬라이스,케이준치킨텐더,슬라이스치즈,머스타드소스,양상추 호밀식빵,마요네즈소스,양파소스,후추가루살짝,토마토슬라이스,피클,할라피뇨,피망슬라이스,양파슬라이스,훈제연어슬라이스,슬라이스치즈,머스타드소스,양상추 일반식빵,마요네즈소스,칠리소스,후추가루살짝,토마토슬라이스,피클,할라피뇨,피망슬라이스,양파슬라이스,베이컨,슬라이스치즈,머스타드소스,양상추 양상추,적채슬라이스,옥수수,블랙올리브,할라피뇨,다진토마토,피망슬라이스,양파슬라이스 + 기본드레싱 선택 필수 양상추,적채슬라이스,옥수수,블랙올리브,다진토마토,피망슬라이스 + 기본드레싱(발사믹드레싱) 제공 양상추,적채슬라이스,옥수수,블랙올리브,할라피뇨,다진토마토,피망슬라이스,양파슬라이스,화이트베어훈제연어 + 기본드레싱(양파 드레싱) 제공 양상추,적채슬라이스,옥수수,블랙올리브,할라피뇨,다진토마토, 피망슬라이스,양파슬라이스,케이준치킨 + 기본드레싱(발사믹 드레싱) 제공 양상추,적채슬라이스,옥수수,블랙올리브,할라피뇨,다진토마토,피망슬라이스,양파슬라이스,스파게티누들,햄슬라이스 + 기본드레싱(오리엔탈 드레싱) 제공 그릴에 구운 식빵을 식혀서 카야챔과 버터를 넣어 만듭니다~ 다른 토스트처럼 따뜻한 토스트가 아닙니다~ 카야잼을 바른 식빵사이에 치즈를 얹어서 쿠킹합니다~ 달콤함을 그대로 느끼실 수 있어요~ 달콤함 만땅~ 매운소스와 할라피뇨가 들어가서 매운 피자맛의 토스트입니다~ 중독성이 매우 강해서~ 한번 꼭 드셔보시길 강추합니다. 달콤한 소스와 햄 치즈 옥수수가 만나 어린이들의 사랑을 듬뿍 받는 토스트입니다~ 야채는 들어가 있지 않아요~ 기본사이즈 16oz 2샷 /사이즈업 22oz 3샷 (연한맛의 커피를 원하시는 경우 샷 조절 요청해주세요) 바닐라 빈 파우더를 사용하여 고소한 바닐라향을 더 느끼실 수 있습니다~ 에스프레소와 연유 그리고 우유의 만남~부드러운 달콤함을 느끼실 수 있습니다~ 카페인 부담있으신 분들 추천드려요~ (콜드브루 원두는 에티오피아 싱글원두를 사용합니다. ) 맛은 일반 아메리카노보다 연합니다. 사이즈업 불가 시간이 지나면서 분리현상이 생길 수 있기에 바로 드시길 권합니다. 시간이 지나면서 분리현상이 생길 수 있기에 바로 드시길 권합니다. 바나나 특성상 색상이 변할 수 있어서 바로 드시길 권합니다.","여기 진짜 가성비 최고예요. 배달리뷰로도 쓴적있지만ㅡ뭐가남나 싶을정도로 듬뿍주시고 신선하고 맛있어요. 바로바로 만들어주셔서 그냥가면 대기시간이 있지만 기다린만큼 음식이 좋아요 토스트 다ㅡ맛있고ㅡ샌드위치도 맛있고. 샐러드도 굿입니다. 나만 알고싶은 동네맛집이예용 가성비가 좋아요+3
---
샌드위치, 빵 좋아하는 아이들 야채안먹고 먹이고 맘이 안좋은데~ 여기 샌드위치 양상추 듬뿍이라 사먹어봤어요. 훈제연어샌드위치 넘 맛있어요^^ 연어초밥 느끼할때도 있어 별로 안좋아 하는데.. 훈제향과 야채,피클,소스랑 잘 어우러져 넘 맛있어요. 또 사먹고 싶으네요~~ 자주 문좀 열어줬음 좋겠어요 ㅠㅡ
---
샌드위치도 너무 빵방하게 재료도 많이들어가고 맛있아요 커피도 싸고 맛있어용 친절하세요 집앞에 잇어서 너무좋아용
---
커피 저렴하고 좋아요.^^ 샌드위치도 맛있는데 오늘은 시간이 없어서 그냥 커피만 주문했는데 담에 샌드위치 포장하러 또 오려고요~ 음료가 맛있어요+4
---
집앞 개인커피숍이지만 셀러드도맛있고 커피도아주맛있어요!! 대기하는분들 모기뜯기지말라고 모기장도 설치해주시는 사장님쎈스..매장앞은 캠핑장온거 같은 겜성이 굿입니다
---
가성비가 좋아요
---
처음 간 동네 카페인데, 커피가 찐해서 좋네요 지나가다 종종 들르면 좋을 것 같아요 친절해요+1
---
가격저렴하고 맛있어요!! 원하는대로 내용물 가감도 해주셔서 좋았어요. 그리고 친절하세요~! 가성비가 좋아요+2
---
재료가 신선해요
---
굳 양이 많아요",점심,0.0,0.556,0.444,연인·배우자,0.0,1.0,0.0,일상,1.4,,
77daa2c9-dd60-56de-ae8f-bb6cea5440ec,플레이스,,,,,,,,,,,,False,False,False,False,False,,,,"내부,음식·음료,샐러드,샌드위치,파스타,스테이크,에이드,외부,메뉴판,동영상,동영상,동영상,동영상,동영상",0,0,0,0,0,"{""파스타"": 103, ""스테이크"": 101, ""샌드위치"": 99, ""샐러드"": 66, ""커피"": 32, ""고기"": 16, ""감바스"": 15, ""리조또"": 13, ""오일파스타"": 12, ""찹스테이크"": 12, ""치즈"": 12, ""토스트"": 12, ""맥주"": 11, ""문어"": 11, ""등심"": 10}","{""맛"": 574, ""만족도"": 411, ""서비스"": 154, ""음식량"": 68, ""분위기"": 68, ""메뉴"": 59, ""목적"": 33, ""예약"": 29, ""가격"": 22, ""주차"": 18, ""배달"": 12, ""위치"": 11, ""청결도"": 5, ""대기시간"": 3, ""방역"": 2}",6,,,,False,플레이스 서비스 이용이 제한되었습니다. 과도한 접근 요청으로 서비스 이용이 제한되었습니다. 잠시 후 다시 시도해주세요. 이전화면 새로고침,IP: 211.192.210.178(09/Mar/2026:14:36:09 +0900),"점심에 방문예약 후 이용대기 시간 바로 입장친목친구 지난번 맛있게 먹어서 오늘은 친구들하고 우폇구에서 같이 왔어요. 역시 오늘도 보장된 맛. 친구들도 다 맛있다고 해서 성공했어요. 친절하신 사장님이 메뉴 추천해 주셔서 시그니처로 맛있게 배불리 잘 먹었어요. 앞으로도 자주 올게요! 음식이 맛있어요+4
---
아침 일찍 만나서 갈곳은 프로메사추천이요~~ 음식도 맛있고 커피도 너무 좋아요~~ 조찬 ㅎㅎㅎ 모임은 프로메사^^ 사장님 도 엄청 친절하시고 직원분도 잘 챙겨주셔요 아침부터 수다떨고 점심까지 배채우고 갑니다 맛있어요~~ 최고 음식이 맛있어요+4
---
일단 음식이 흔해빠진 이탈리아식이.아니라서 넘 기쁘다. 굉장히. 신뜻하면서 입안을.개운하게 해준다...샐러드를 좋아하는 나는 프로메사를 사랑하게되었다..거기에 사징님의 친절함과 쿠폰서비스까지 아주 맘에든다..그리고 주차도 건물 2층에 하면 된다. 행신동에서 주차편한 식당 찾기어려운데. 아주좋다. 음식이 맛있어요+4
---
​""분위기 맛집이라 자주 와요. 구운 채소가 듬뿍 들어간 샐러드부터 매콤 짭조름한 파스타까지 다 맛있네요! 버거 번도 부드럽고 커피랑 조합이 아주 좋습니다. 동네에 이런 퀄리티 높은 레스토랑이 있어서 좋아요."" 음식이 맛있어요+4
---
항상 너무너무 맛있어요!!! 우대갈비스테이크도 맛나고 파스타도 아라비아따랑 감바스 추천이용 모든 메뉴가 넘 신선하구 맛나요~👍👍 음식이 맛있어요+4
---
지나다닐때 브런치 및 양식 파는 곳인지 몰랐어요ㅎㅎ 갑자기 파스타 땡겨서 가까운곳 검색 후 리뷰가 좋아서 방문했어요~ 가까운곳에 맛집 찾았네요^^ 우대갈비 스테이크 넘넘 맛있구 샐러드도 풍성하게 나와서 취향 저격!! 잠봉 샌드위치도 맛있고 가격도 합리적이라 더더욱 맘에 듭니다:) 새우 오일 파스타는 개인적으로 매콤한 맛이 더 나면 좋았겠지만 그래도 잘 먹었습니다😆 추천추천!! 음식이 맛있어요+4
---
친절한 사장님께서 메뉴선택 도와주셔서 맛있는 식사할 수 있었네요~ 에이드도 너무 맛있고 음식 나오자마자 순삭했어요 ㅎㅎ 다음에 또 올게요!! 음식이 맛있어요+4
---
주말 가족끼리 점심먹으러 왔어요~ 아이가 좋아하는 토마토파스타에 통베이컨이 있어 좋아하고 다먹으면 또 시켜달라고 하네요 ㅎㅎ 편하게 혼밥도 좋을 것 같고 세트도 있고 맛있게 먹고 갑니당! 음식이 맛있어요+4
---
음식도 맛있고 대화하기도 좋네요~~ 동네 좋은곳 있어서 자주 이용할 것 같네요~~ 메뉴도 다양하고 음식도넘 깔끔하게 나오네요 가족들이랑도 와야겠어요^^ 음식이 맛있어요+4
---
지난 번 매장 방문시 맛있게 먹었던 기억이 났어요. 감바스스파게트가 먹고 싶어 네이버로 첫 포장주문해봤는데 편리하게 잘 이용했습니다. 역시나 맛은 그때와 마찬가지로 집에서 먹어도 좋네요!!👍 알림받기로 받은 쿠폰 사용해서 함께 먹었던 바게트빵두 감바스 남은 소스에 풍덩해서 먹으니 더더더 감칠맛 돋아 맛있었습니다! 우리동네 맛집 인정!! 또또 방문해서 먹고 싶어요!😍 음식이 맛있어요+3",점심,0.111,0.667,0.222,연인·배우자,0.0,0.429,0.286,친목,1.8,,
44718170-3737-56d4-b390-833ea91511dc,프리퍼,디저트,서울 서초구 반포대로5길 4 성원빌딩 1층,서초구,3남부터미널역 5번 출구,687,,https://smartstore.naver.com/prefercoffee,프리퍼는 국가대표 우상은 바리스타가 운영하는 로스터리 카페입니다. 맛있는 커피와 함께 편히 쉴수 있는 공간입니다.,,,,True,True,True,True,True,,,999,"내부,음식·음료,카페라떼,아메리카노,에스프레소,밀크티,티라미수,외부,메뉴판,동영상,동영상,동영상,동영상",0,594,0,0,249,"{""커피"": 185, ""인절미"": 44, ""티라미수"": 35, ""라떼"": 31, ""아메리카노"": 24, ""밀크티"": 21, ""마들렌"": 11, ""케이크"": 10, ""카페라떼"": 8, ""쿠키"": 8, ""소금빵"": 7, ""아인슈페너"": 7, ""치즈"": 6, ""휘낭시에"": 6, ""흑임자"": 6}","{""만족도"": 299, ""맛"": 298, ""서비스"": 57, ""메뉴"": 33, ""분위기"": 19, ""가격"": 15, ""위치"": 5, ""음식량"": 3, ""청결도"": 3, ""목적"": 3, ""방역"": 1, ""배달"": 1}",10,4100,10000,5733.3,True,크림 드 코코 쫄깃한 나타드 코코젤리와 커피크림의 달콤 쌉싸름한 조화 인절미 티라미수 동키모카 로얄 블랙 밀크티 에스프레소 아메리카노 카페라떼 카푸치노 아인슈페너,고소한 콩가루의 크림과 쑥가루를 첨가시켜 만든 환상적인 조화 달콤한 헤이즐넛 라떼와 고소한 토피넛 크림을 함께 즐기는 시그니처 음료,"저의 인생 소금빵을 여기서 찾았습니다 진심이에요 다음주에 또 가서 소금빵 잔뜩 사오려구요 가족들도 다 먹이고싶음 진짜 나의 인생 소금빵 드디어 만났어요 겉바속촉…. 증말 최고야…..
---
기본적으로 커피를 잘하는 집이에요 드립커피 다양하게 마셔보고 싶네요
---
예술의전당 근처 유명한 서초동 커피맛집 스페셜티카페 프리퍼, 국가대표 바리스타가 직접 로스팅한 원두를 사용해 쓴맛 없이 밸런스 좋은 커피를 맛볼 수 있는 곳이다. 원두 라인업이 다양하고 드립백 구매도 가능!화이트톤 인테리어와 은은한원두향이 매장전체에 퍼져 예술의전당 가는날 전시 전 후로 들리기 좋은 분위기다. 전시방문 전 시그니처 메뉴인 동키라떼로 이른 아침 머리속을 깨워봤다. 고소한 토피넛 크림과 부드러운 산미의 라떼 조합이 인상적. 크림의 맛을 제대로 느끼고 싶다면 꼭 아이스로 주문할 것! 베이커리 메뉴들도 다양했고 11시 이전엔 모닝할인 혜택도 있어 가성비도 좋다, 음료가 나올때 자세한 설명까지 덧붙여 주시는 친절한 서비스까지 퀄리티 높은 커피와 분위기까지 좋아 예술의 전당 방문시 재방문 하고싶은 곳
---
✔️개인컵 지참 시 할인 300원 감사합니다 ✔️커피가 달큰하거나 향긋한 풍미는 강하지 않아도, 확실히 신선한 맛은 있음 대화하기 좋아요+1
---
전시보고, 프리퍼카페 고고🦄 베이커리 디저트도 먹고 싶었는데 너무 배불러서 마시는것만ㅋㅋㅋ 아아를 먹고싶었는데… 따뜻한 차로 ❤️
---
예술의 전당 건너 한블럭쯤 떨어진 조용한 주택가 속의 프리퍼 커피. 마들렌도 아메리카노도 맛있습니다. 조용하고 한적한 동네. 참 좋아요.
---
빵도 음료도 전반적으로 다 좋네요.
---
커피맛있다고 해서 일부러 찾아갔는데 찐하고 맛있어요!! 올리브 포카치아도 적당히 짭짤하고 쫀득하면서 부드럽고 맛있네요 또 올게요~
---
예술의 전당오면 꼭 들리게 되는 카페~~👍 커피랑 빵 다 맛있음
---
인절미티라미수 넘 맛있고 커피도 맛있네요.",점심,0.1,0.7,0.2,혼자,0.429,0.143,0.143,일상,2,,
45a68ed1-0488-5ce3-bf6d-7584bf4561cc,피피앤에프,,경북 경산시 남산면 상대공단길 44,경산시,,,,,,,,,False,False,False,False,False,,,,"이전 페이지,피피앤에프,페이지 닫기,거리뷰,피피앤에프기업,방문자 리뷰 2,출발,도착,저장,거리뷰,공유,홈,리뷰,사진",0,0,0,0,0,{},{},31,,,,False,"이전 페이지 피피앤에프 페이지 닫기 거리뷰 피피앤에프기업 방문자 리뷰 2 출발 도착 저장 거리뷰 공유 홈 리뷰 주소 경북 경산시 남산면 상대공단길 44 영업시간 정보 수정 영업시간 수정 제안하기 추가 이 장소의 관리자라면, 무료로 직접 관리하세요! 권한 받기 방문자 리뷰2 으니짱85 22.10.283번째 방문영수증 아기한테 유산균 맞아서 구매해요 ggs**** 22.10.281번째 방문영수증 굿 알고 계신 정보와 다른 정보가 있나요? 사진으로 간단하게 제보해 주세요. 정보 수정 제안하기",,"아기한테 유산균 맞아서 구매해요
---
굿",아침,1.0,0.0,0.0,,0.0,0.0,0.0,,2,,
be0f7cbb-d4bb-5a3b-a9b9-878e82abd107,서비스 이용이 제한되었습니다.,,,,,,,,,,,,False,False,False,False,False,,,,"플레이스,서비스 이용이 제한되었습니다.,과도한 접근 요청으로 서비스 이용이 제한되었습니다.,잠시 후 다시 시도해주세요.,IP: 211.192.210.178(09/Mar/2026:14:38:19 +0900),이전화면,새로고침",0,71,0,108,0,"{""커피"": 27, ""아메리카노"": 5, ""라떼"": 4, ""녹차"": 2, ""드립커피"": 2, ""말차라떼"": 2, ""밀크티"": 2, ""에이드"": 2, ""치즈"": 2, ""케이크"": 2, ""크림치즈"": 2, ""머랭쿠키"": 1, ""애플시나몬"": 1, ""우유"": 1, ""자몽에이드"": 1}","{""만족도"": 75, ""분위기"": 52, ""맛"": 40, ""서비스"": 9, ""대기시간"": 5, ""청결도"": 2, ""메뉴"": 2, ""가격"": 2, ""주차"": 1, ""목적"": 1, ""전망"": 1}",6,,,,False,플레이스 서비스 이용이 제한되었습니다. 과도한 접근 요청으로 서비스 이용이 제한되었습니다. 잠시 후 다시 시도해주세요. 이전화면 새로고침,IP: 211.192.210.178(09/Mar/2026:14:38:02 +0900),"🐱 🍵 🥰 스피커로 나오는 음악들이 다 좋구요! 길냥이가 있는데 진짜 귀여워요. 머무르는 동안은 잠을 열심히 자더라구요 >< 아 음료는 녹차 마셨는데 잎녹차로 주시는데 계속두니 너무 진하게 우러나서 잎 꺼내서 둘 수 있는 그릇이 있으면 좋겠어요! 음료가 맛있어요+4
---
공휴일에 방문해서 웨이팅이 길 줄 알았는데 금방 들어갔구요. 인테리어는 멋있고 좋았어요. 자리마다 의자나 테이블이 조금 흔들거렸지만 불편할 정도까지는 아니었습니다. 다만, 저 귀여운 디저트는 그날따라 크림치즈가 부족하셨던건지 크림으로만 되어있더라구요. 밑에 빵인 줄 알았으나 겉에는 얇은머랭느낌이었고 안에는 비어있고 푸석해서 동물성 크림에 건조한 빵 부스러기를 먹는듯한 느낌으로 배는 전혀 안찼어요,,솔직히 가격대비 헛배부른 느낌이 들었습니다😭그래도 인스타용으로 사진 찍기는 좋은 것 같아요. 고양이도 봤는데 너무 귀여웠습니다~! 여기는 자리위치에 따라 만족도가 달라질 것 같구요. 원래는 제 옆자리는 없는 자리인데 공휴일이라 그런지 테이블로 사용하시더라구요:) 그래서 생각보다 금방 들어간 것 같네요 ㅎㅎ
---
LP음악도 좋고, 분위기도 정말 좋았어요! 딸기파블로바도 밑에는 바삭하고, 쫀득한데 크림치즈랑 어울어져서 너무 맛있네요! 분위기도 좋고 디저트도 맛있어서 좋았어요! 디저트가 맛있어요+3
---
재미있게 놀다왔어요. 뷰도 좋고 고양이가 너무 귀여워용 :) 사진이 잘 나와요+4
---
분위기도 너무 좋고 노래 신청도 할 수 있어서 좋아용 무엇보다 고양이가 너무 귀여워요 !!! 녹차 시키면 따로 포트에 담아서 오는것도 너무 좋았어용 음료가 맛있어요+4
---
음료도 맛있으면서 분위기 좋았어요!̆̎ 오픈시간쯤 가니 사람도 없어 여유롭게 즐기다 왔는데 힐링하고 온거같아요 나오기 아쉬웠는데 다음에 또 오고싶어요☺️ 음료가 맛있어요+4
---
Lp카페답게 분위기가 좋고 음악도 좋고 여유로워서 좋았습니다 대화하기 좋고 편안했어요 자리도 옆자리와 널찍하게 떨어져있어서 더 편안했던 것 같아요 따뜻한 커피도 좋았습니다! 자리 앉을 때 직원분께서 적극적으로 알려주시고 상황을 알려주셔서 웨이팅 크게 하지 않고 빠르게 앉을 수 있어서 감사했어요~!
---
분위기 있고 좋아서 주말에 몇번 방문했는데, 자리가 협소해서 늘 바라만 보던 카페였습니다 평일에 시간이 나서 가보았는데…진짜 너무 좋았어요 아늑한 감성뿐 아니라 디저트도 음료도 다 맛있는 감성카페입니다
---
고냥이 너뮤 규ㅣ여워요오오
---
엘피카페로 유명한 하우스오브바이닐! 연희점 홍대임구점까지 가봤고 이번에 망원점 방문해봤어요! 카페 입구부터 예뻐버리는 망원점! 친구 카톡프사 사진 건졌다는! 가정집을 개조해서 만든 카페라 아늑해요. 자리가 많은 편이 아니라 웨이팅이 있을 수 있어요. 다행히 저는 자리가 있어서 바로 앉을 수 있었어요. 음악듣는거 좋아하신다면 한번쯤 들려보시는 것을 추천해요!",점심,0.0,0.8,0.2,친구,0.111,0.333,0.556,일상,1,,
f65e26e6-8126-5af9-af46-ef971088b83d,플레이스,,,,,,,,,,,,False,False,False,False,False,,,,"플레이스,서비스 이용이 제한되었습니다.,과도한 접근 요청으로 서비스 이용이 제한되었습니다.,잠시 후 다시 시도해주세요.,IP: 211.192.210.178(09/Mar/2026:14:36:52 +0900),이전화면,새로고침",0,0,0,0,0,{},{},7,,,,False,이전 페이지 플레이스 페이지 닫기 서비스 이용이 제한되었습니다. 과도한 접근 요청으로 서비스 이용이 제한되었습니다. 잠시 후 다시 시도해주세요. 이전화면새로고침,IP: 211.192.210.178(2026.03.09 14:36:36),,,,,,,,,,,,,
9bd59182-3df5-5cc2-930b-0e6061767b6f,,,,,,,,,,,,,False,False,False,False,False,,,,,0,0,0,0,0,{},{},0,,,,False,,,,,,,,,,,,,,,
888d22d2-d2b4-5752-9f92-1c6eb272d1bb,,,,,,,,,,,,,False,False,False,False,False,,,,,0,0,0,0,0,{},{},0,,,,False,,,,,,,,,,,,,,,
d331b28f-4050-5075-9f1f-5d234cdc88a5,행운카페,카페,경기 화성시 만세구 남양읍 남양시장로 76-3,화성시,,,,,,,,,False,False,False,False,False,,,,"이전 페이지,행운카페,페이지 닫기,거리뷰,행운카페카페,방문자 리뷰 12,출발,도착,저장,거리뷰,공유,홈,리뷰,사진,로딩중",0,0,0,0,0,"{""커피"": 5, ""라떼"": 1}",{},44,1,1,1,False,"이전 페이지 행운카페 페이지 닫기 거리뷰 행운카페카페 방문자 리뷰 12 출발 도착 저장 거리뷰 공유 홈 리뷰 주소 경기 화성시 만세구 남양읍 남양시장로 76-3 영업시간 정보 수정 영업시간 수정 제안하기 추가 사장님, 플레이스를 무료로 직접 관리하세요! 권한 받기 방문자 사진·영상 방문자 리뷰12 kim**** 25.4.216번째 방문영수증 친절하고 맛있게 마실수 있어요 커피가 맛있어요 이미지 수 kim**** 25.4.287번째 방문영수증 언제나 마셔도 그맛 그대로 재료좋은거 사용하는 카페 커피가 맛있어요 qksel1042 24.12.291번째 방문영수증 괜찮아요 커피가 맛있어요 방문자 리뷰 더보기 로딩중 알고 계신 정보와 다른 정보가 있나요? 사진으로 간단하게 제보해 주세요. 정보 수정 제안하기 관련 링크1 다이닝코드에서 보기",,"친절하고 맛있게 마실수 있어요
---
언제나 마셔도 그맛 그대로 재료좋은거 사용하는 카페
---
괜찮아요
---
좋아하는 아이스 라테 커피맛이 입맛에 맞네요
---
시원하게 커피마심
---
착한가격에 커피맛도 굿이네요
---
커피맛 있어요
---
맛있는 커피
---
굿
---
굿",점심,0.1,0.9,0.0,지인·동료,0.25,0.25,0.0,일상,3.1,,
703844f9-dbe9-505e-8ad5-a098ca9db7c7,헤비레이어스,디저트,"서울 강남구 일원로9길 65 1층, 지하1층",강남구,3대청역 3번 출구,965,,https://instagram.com/heavylayers.official,,,,,True,False,False,True,True,639,174,999,"플레이스,서비스 이용이 제한되었습니다.,과도한 접근 요청으로 서비스 이용이 제한되었습니다.,잠시 후 다시 시도해주세요.,IP: 211.192.210.178(09/Mar/2026:14:34:41 +0900),이전화면,새로고침",0,178,0,164,229,"{""케이크"": 258, ""커피"": 63, ""인절미"": 30, ""휘낭시에"": 19, ""라떼"": 12, ""초코케이크"": 8, ""헤이즐넛"": 8, ""아메리카노"": 6, ""초콜릿"": 6, ""치즈"": 6, ""녹차"": 5, ""옥수수"": 5, ""쿠키"": 5, ""바스크치즈케이크"": 4, ""치즈케이크"": 4}","{""맛"": 364, ""만족도"": 307, ""서비스"": 90, ""목적"": 71, ""분위기"": 40, ""예약"": 14, ""가격"": 11, ""메뉴"": 8, ""위치"": 7, ""청결도"": 4, ""대기시간"": 3, ""음식량"": 2, ""주차"": 2, ""배달"": 1}",16,3500,49000,10633.3,True,무화과 프레지에 레이어스 스페셜 레이어스 인절미 초코 헤이즐넛 크레뮤 헤비베어 초코베어 레터링 추가 2000원 추가 쿨라임에이드 보늬밤 크림라떼 아메리카노 디카페인 아메리카노 카페라떼 수제 바닐라빈 라떼 수제 초콜릿 모카 얼그레이 클래식 카운테스 그레이 잉글리쉬 민트,100% 우유 생크림과 디플로마트 크림이 부드럽게 어우러지는 무화과 케이크 부드러운 라떼에 수제 커스터드 크림을 담은 HeavyLayers의 시그니처 음료 헤비레이어스의 시그니처 케이크가 홀사이즈로 출시되었습니다! 고소한 밤라떼 위에 밤크림이 올라가 더욱 진한 밤맛에 시나몬과 피칸이 토핑된 크림라떼 영국 황실의 티 브랜드 ‘포트넘앤메이슨’을 사용하여 깊고 향긋한 얼그레이 영국 황실 티브랜드 ‘포트넘앤메이슨’의 베르가못 향이 더해진 얼그레이 티,"디저트도 하나같이 맛있고 커피도 맛있습니다 :) 사장님도 항상 친절하십니당 ^^
---
급하게 필요해서 갑자기 방문해서 운좋게 살수 있었어요. 선물드렸는데 먹은중 제일 맛있었다고 해서 기분좋은 주말 보냈습니다 :) 다른집 두쫀쿠보다 고소한 맛이 있어요. 디저트가 맛있어요
---
점심에 방문예약 후 이용대기 시간 바로 입장데이트혼자 케이크 너무 귀엽고 이벤트나 기념일에 너무 좋은거 같아요!! 레터링요 요청드린것 보다 훨씬 신경써주셔서 만족스러웠습니다! 디저트가 맛있어요+4
---
사장님 조각케이크 포장 예쁘게 부탁드려요. 친구 선물 주려고 두개 샀는데, 포장 오래걸려도 정성스럽게 해주시나보다 하고 한 5분 기다렸습니다. 근데 까보니까 흰곽에 넣어주셨는데 케잌 밑면이 그냥 곽 바닥에 있고 깔린 바닥이 따로 없었어요. 비닐 띠지나 유산지도 없이 케잌 두조각이 서로 붙어서 묻어 있고 포장된 곽 벽에도 묻어있었구요. 같이 케이크 보던 친구들도 다들 놀라고 어디서 사온거냐고 묻더라구요. 다음에는 포장 바쁘시더라도 신경 써주세요.
---
점심에 방문예약 후 이용대기 시간 바로 입장친목혼자 파티가 있어서 곰돌이 케익을 주문했습니다. 실제로 받아보니 사진과 정말 똑같고 디테일이 살아 있었어요. 이쁘고 귀여운 케익이다보니 맛은 기대안했는데 맛도 있었습니다 (곰돌이는 초코크림, 트리는 말차) 자주 이용할게요~
---
음료랑 케익 다 맛있어요 대화하고 모임하기 좋아요 지하에 넓은 자리가 있어요 조용하고 분위기 좋아요 사장님 친절하시고 화장실도 깨끗해요 ㅋㅋ
---
귀여운 케이크가 있어요 :) 종류가 다양해요+1
---
저녁에 방문예약 후 이용대기 시간 30분 이상데이트 예약헌 시간보더 45분이나 늦게 받았어요...ㅠ 주차할 곳은 없고ㅠ 난감 그 자체였습니다... 그리고 예약한 건 초코곰인데 흰색곰이...ㅠㅠ 포장이 깔끔해요
---
저녁에 방문예약 후 이용대기 시간 바로 입장 지난번에 구매하고 만족스러워서 친구 생일에 다시 재주문 했어요! ㅎㅎ 모자도 넘 귀여워여 선물하기 좋아요+2
---
저녁에 방문예약 후 이용대기 시간 30분 이상기념일혼자 케이크 픽업 예약을 하고 갔음에도 예정보다 빨리 온 사람들에게 케이크를 다 나누어주어 케이크가 소진되어 다시 만들어야 한다고 함. 20분 이상 대기하거나 취소해준다고 하는데, 크리스마스 이브 당일 저녁에 대체할 케이크 구하는게 거의 불가능하니 기다릴 수 밖에 없었던 상황. 안내받은 20분보다 더 오래 기다려서 40분 대기 후 수령함. 집에 와서 보니 레터링이 다른 사람들과 다르게 되어 있음. 예약 시간을 정해서 주문을 받은 게 아무 의미가 없는데 왜 굳이 시간을 정했는지 모르겠고, 사장님은 케이크 만든다고 바빠서 못나온건 알겠는데 대신 설명하는 알바생이 매우 안쓰러움. 케이크가 소진된 상황이면 미리 문자로라도 안내를 했으면 좀 더 빨리 가거나 대체제를 찾을텐데 그런게 없었음. 맛은 있었지만 또 가진 않을",점심,0.0,0.6,0.4,혼자,0.75,0.0,0.25,친목,1.3,,
59987303-5bec-57a7-8c95-afb9833e3c1f,혜화동콩집,카페,서울 종로구 창경궁로 283 혜화동콩집,종로구,4혜화역 1번 출구,408,0507-1338-4250,http://coffeecompanykongzip.com/,"2007년부터 꾸준히 혜화동을 지키고 있는 로스터리 카페!! 혜화동콩집 원두 판매 및 카페납품 , 커피아카데미 및 커피에 관련된 다양한 커피용품과 맛있는 음료가 있습니다",,,,True,True,False,True,False,275,50,,"내부,음식·음료,에스프레소,드립커피,동영상,동영상",0,177,38,0,0,"{""커피"": 89, ""에스프레소"": 14, ""라떼"": 13, ""드립백"": 5, ""아메리카노"": 4, ""아인슈페너"": 4, ""바닐라라떼"": 3, ""쿠키"": 3, ""샤케라또"": 2, ""카페라떼"": 2, ""더치커피"": 1, ""드립커피"": 1, ""빙수"": 1, ""아이스크림"": 1, ""젤라또"": 1}","{""맛"": 94, ""만족도"": 48, ""서비스"": 14, ""분위기"": 6, ""목적"": 5, ""메뉴"": 3, ""가격"": 3, ""음식량"": 1, ""위치"": 1}",17,4000,16000,6166.7,False,에스프레소 샤케라또 차갑도 달달한 에스프레소 아메리카노 라떼 라떼맛집!! 원두100g 원두200g 카푸치노 콜드브루 아인슈펜너 바닐라 카페라떼 카페 꼰 젤라또 도피오(에스프레소 더블) 드립커피 아이스티(복숭아맛) 레몬티,"혜화동 로스터리 카페입니다 블렌드3종(구수한, 쌉싸름한, 부드러움) 원하는 맛의 원두를 선택하여 드실 수 있습니다 블렌딩 3종 , 나라별 원두가 다양하게 있습니다 https://smartstore.naver.com/coffeekongzip 인터넷 구매 가능합니다 블렌딩 3종 , 나라별 원두가 다양하게 있습니다 https://smartstore.naver.com/coffeekongzip 인터넷 구매 가능합니다","커피가 쓰지 않아요! 너무 고소하고 맛있어요! 👍👍👍👍👍👍👍👍
---
직장 근처라 되게 자주 가요😊 따뜻한 라떼 최애예요! 에스프레소 꼰빤나랑 아인슈페너도 자주 마시는데 직접 만드시는 생크림이 정말 고소하고 달콤해요! 여름 메뉴인 프레도도 애정합니다😍 늘 클래식 음악이 나오는데 너무나 취향 저격이고, 항상 반갑게 맞아주시는 두 분 사장님도 친절하십니다!!👍🏻👍🏻👍🏻
---
이런 곳이 혜화에 있는 줄 몰랐는데... 들어가자마자 전문성이 느껴졌어요ㅎㅎ 직원분이 자신있게 에스프레소 추천하실 때 직감함 진짜 커피 잘하는 집인가보다했습니다. 실제로 커피 너무 맛있고요 커피에 대한 설명도 친절하셨어요. 이렇게 커피 본연의 맛에만 집중하는 곳 찾기 힘든데 보석이네요
---
혜화동 콩집 커피.. 20년이 되어가는 곳. 그때 추억으로 다시 왔네요 여전히 커피향..좋아요. 계속 이곳에서 있으면 좋을것같아요.
---
혜화동 콩집 방문해보니 커피 맛이 진하고 원두 선택 폭이 넓어서 취향대로 고를 수 있는 점이 가장 좋았어요. 로스팅을 직접 하는 곳이라 첫 모금부터 향과 풍미가 확실히 다르게 느껴졌습니다. 매장 분위기가 조용하고 차분해 잠시 쉬어가기 좋았고, 직원분이 원두 설명도 친절해서 메뉴 결정이 편했어요. 선물용 원두와 드립백 구성이 잘 되어 있어 커피 좋아하는 사람에게 추천하고 싶은 카페예요.
---
혜화동콩집에서 에스프레소 도피오를 마셨습니다. 에스프레소 특유의 쓴맛이 먼저 치고 나오고 그 뒤에 강한 산미가 따라옵니다. 설탕을 넣어서 마시라해서 설탕을 추가하니 쓴맛이 사라지고 산미가 더 강해집니다. 강한 산미와 은은한 달달함이 기분을 좋게합니다. 아쉬운 점이라면 물을 서빙하지 않는 게 옥에 티입니다.
---
선물용으로 드립백 구매하고~ 더치용으로 탄자니아를 구매했습니다~ 항상 좋은 커피가 준비되어있어 너무 좋아요~~
---
혜화동에 커피맛집이 있다고 해서 딸이랑 와봤어요~~지금까지 먹어본 에스프레소 중 제일 맛나네요 감동이었어요. 콩집라떼도 추천이요❤️
---
매장이 깔끔하고 대화 나누기 좋은 위치에 있어요! 점원분들도 친절하시고 뭣보다 커피가 맛잇습니다^__^ 카페인 잘 못 먹는데 여기 디카페인은 먹을 수 있었어요.
---
에스프레소가 맛있고 커피향이 너무나 좋은 혜화동 콩집 에서 커피한잔.",점심,0.1,0.8,0.1,혼자,0.625,0.125,0.125,일상,2.6,,
7a44a982-5232-5e36-a866-d0ff7ec04575,홀릭,,서울 강남구 테헤란로83길 18 매직킹덤빌딩,강남구,2삼성역 5번 출구,533,,,,,,,False,False,False,False,False,,,,"이전 페이지,홀릭,페이지 닫기,홀릭바(BAR),알림받기,방문자 리뷰 12,출발,도착,저장,거리뷰,공유,홈,리뷰,사진",0,0,0,0,0,{},{},129,1,4,2.5,False,"이전 페이지 홀릭 페이지 닫기 홀릭바(BAR) 알림받기 방문자 리뷰 12 출발 도착 저장 거리뷰 공유 홈 리뷰 주소 서울 강남구 테헤란로83길 18 매직킹덤빌딩 2삼성역 5번 출구에서 533m 미터 영업시간 영업 전 19:00에 영업 시작 19시 0분에 영업 시작 펼쳐보기 전화번호 02-568-6707복사 방문자 리뷰12 nayaico43 23.6.72번째 방문결제내역 굿 친절해요+1 개의 리뷰가 더 있습니다 펼쳐보기 nayaico43 23.5.151번째 방문결제내역 굳 친절해요 김정아95 23.1.101번째 방문결제내역 색상이좋앙ᆢ 인테리어가 멋져요+1 개의 리뷰가 더 있습니다 펼쳐보기 방문자 리뷰 더보기 이 장소와 비슷한 맛집 플레이스 플러스 밤별 포차 라운지 강남역본점 별처럼 빛나는 추억의 공간! 영업 중 리뷰 2,691 이 장소에서 2.8km 광고 통닭왕맥주 강남 강남역 모임엔 치맥성지 통닭왕 치킨,닭강정서울특별시 강남구 테헤란로4길 6 111호 영업 중 리뷰 384 이 장소에서 2.8km 광고 시가플레이스 바(BAR)강남구 삼성동 영업 중 리뷰 12 이 장소에서 150m 블룸 바(BAR)강남구 삼성동 영업 전 리뷰 60 이 장소에서 240m 몰트바배럴 바(BAR)강남구 삼성동 영업 전 리뷰 130 이 장소에서 300m 어게인 위스키 바(BAR)강남구 삼성동 영업 전 리뷰 2 이 장소에서 180m 오비맥주 맥주,호프강남구 삼성동 영업 중 리뷰 4 이 장소에서 530m WHISKY TheA 바(BAR)강남구 삼성동 영업 전 리뷰 7 이 장소에서 50m ASOBOY 술집강남구 삼성동 영업 전 리뷰 51 이 장소에서 570m 오크바 오크우드 프리미어 코엑스 센터 바(BAR)강남구 삼성동 영업 전 리뷰 14 이 장소에서 260m 모던바 호 바(BAR)강남구 삼성동 영업 중 리뷰 21 이 장소에서 370m 프레지던트 바(BAR)강남구 삼성동 영업 전 리뷰 2 이 장소에서 280m HAYES WHISKY 바(BAR)강남구 삼성동 영업 전 리뷰 5 이 장소에서 300m 플레이스 플러스 비어팩토리 본점 맥주,호프강남구 삼성동 영업 중 리뷰 136 이 장소에서 300m 이전 현재 전체 다음 알고 계신 정보와 다른 정보가 있나요? 사진으로 간단하게 제보해 주세요. 정보 수정 제안하기 관련 링크2 다이닝코드에서 보기 식신에서 보기","요리주점서울특별시 강남구 강남대로102길 13-8 지층, 1층, 2층, 3층","굿 친절해요+1
---
굳 친절해요
---
색상이좋앙ᆢ
---
음식이 맛있어요! 기본 안주가 좋아요+4
---
굿 대화하기 좋아요
---
친절해요 기본 안주가 좋아요",점심,0.0,1.0,0.0,,0.0,0.0,0.0,,1.17,,
430716cb-3638-5b28-a2b3-54a714974ed9,홈스테드잠실야구장점,카페,서울 송파구 올림픽로 25,송파구,29종합운동장역 5번 출구,245,,,,,,,False,False,False,False,False,13,1,,"이전 페이지,홈스테드잠실야구장점,페이지 닫기,거리뷰,홈스테드잠실야구장점카페,방문자 리뷰 13블로그 리뷰 1,출발,도착,저장,거리뷰,공유,홈,리뷰,사진,로딩중",0,6,1,0,0,{},{},63,1,7,3.3,False,"이전 페이지 홈스테드잠실야구장점 페이지 닫기 거리뷰 홈스테드잠실야구장점카페 방문자 리뷰 13블로그 리뷰 1 출발 도착 저장 거리뷰 공유 홈 리뷰 주소 서울 송파구 올림픽로 25 29종합운동장역 5번 출구에서 245m 미터 영업시간 정보 수정 영업시간 수정 제안하기 추가 사장님, 플레이스를 무료로 직접 관리하세요! 권한 받기 클립 클립 올리고 네이버페이 포인트 적립하기 방문자 사진·영상 방문자 리뷰13 ""커피가 맛있어요"" 이 키워드를 선택한 인원 ""친절해요"" 이 키워드를 선택한 인원 ""매장이 청결해요"" 이 키워드를 선택한 인원 ""뷰가 좋아요"" 이 키워드를 선택한 인원 ivy**** 24.12.251번째 방문영수증 홈플러스에서 장 보았어요 커피가 맛있어요 이미지 수 321**** 24.11.21번째 방문영수증 친절해요 커피가 맛있어요 mj**** 22.9.231번째 방문영수증 굿 커피가 맛있어요 방문자 리뷰 더보기 블로그 리뷰1 성실 정직 행복한 삶 2025...I'm Christian 키움vs두산 18:30 2021.05.12.수 21.5.12.수 2021년 5월 12일 수요일 이미지 수 로딩중 알고 계신 정보와 다른 정보가 있나요? 사진으로 간단하게 제보해 주세요. 정보 수정 제안하기","3루 블루석 218블럭 2열 18,21번 자리 오늘은 잠실 울 혜성 볼넷 출루 오늘 선발 투수 한현희 7이닝 무실점!♡ 52박병호 오늘 안타는 없었지만 명품 수비있었다 ♡ 3점 승리 23번 김재환 이름 새긴 두산맨 울 아들 씁쓸한 미소^^","홈플러스에서 장 보았어요
---
친절해요
---
굿
---
굿
---
아오 맛없어;;",저녁,0.0,0.4,0.6,친구,0.0,0.0,1.0,친목,1,"3루 블루석 218블럭 2열 18,21번 자리 오늘은 잠실 울 혜성 볼넷 출루 오늘 선발 투수 한현희 7이닝 무실점!♡ 52박병호 오늘 안타는 없었지만 명품 수비있었다 ♡ 3점 승리 23번 김재환 이름 새긴 두산맨 울 아들 씁쓸한 미소^^",7
55005f5f-b5ad-5387-ba02-b4de29673024,,,,,,,,,,,,,False,False,False,False,False,,,,,0,0,0,0,0,{},{},0,,,,False,,,,,,,,,,,,,,,
eb62b63d-25f8-574a-84a7-29c15e1ec54f,포스톤즈 삼청점,디저트,서울 종로구 삼청로 103-4 삼청동 수제비 옆 골목,종로구,,,,https://smartstore.naver.com/fourstones/,"엄선한 고급 생두로 직접 로스팅하여 내린 신선한 커피와 통 창 너머 삼청동의 고즈넉한 분위기를 느끼실 수 있는 카페, 포스톤즈 삼청점입니다.",,,주차 불가,False,True,False,False,True,,,999,"내부,음식·음료,라떼,에스프레소,아메리카노,아포가토,팥빙수,외부,메뉴판,동영상,동영상,동영상,동영상,동영상",0,1359,0,1065,0,"{""커피"": 622, ""라떼"": 123, ""케이크"": 71, ""치즈"": 67, ""소금빵"": 62, ""치즈케이크"": 57, ""수제비"": 31, ""아메리카노"": 29, ""스콘"": 14, ""말차라떼"": 13, ""식빵"": 10, ""바스크치즈케이크"": 8, ""아이스크림"": 8, ""에이드"": 8, ""밀크티"": 7}","{""만족도"": 964, ""맛"": 891, ""분위기"": 372, ""서비스"": 97, ""전망"": 97, ""메뉴"": 30, ""목적"": 29, ""청결도"": 21, ""위치"": 10, ""가격"": 10, ""주차"": 6, ""음식량"": 5, ""방역"": 2, ""대기시간"": 2}",15,5300,21000,9266.7,True,파나마 아우로마르 파이어스톤 게이샤 포스톤즈라떼 딸기라떼 에티오피아 베켈레 카차라 내추럴 에티오피아 예가체프 첼첼레 워시드 페어 로즈 티 페어 로즈 티 에이드 제주말차라떼 생맥주(아사히) 팥빙수 포스톤즈 소프트 아이스크림 (우유) NO.67 메도우 허브차 NO.45 페퍼민트 리브스 허브차 NO.13 레드 넥타 허브차 팬지 레몬에이드,은은한 단맛과 적당한 바디감이 조화로운 포스톤즈 시그니처 라떼 캐모마일 베이스의 향긋하고도 달콤한 풍미의 허브차 (무카페인) 깔끔한 청량감을 자랑하는 북태평양 최고급 페퍼민트티 (무카페인) 루이보스 베이스에 허니부쉬와 천연 과일향이 더해진 허브차 (무카페인),"삼청동 골목 산책하다 잠시 들른 포스톤즈. 따뜻한 햇살 아래에서 마신 레모네이드가 상큼하게 하루를 깨워준다. 북촌 골목을 걷다 잠시 쉬어가기 좋은 카페. 레몬의 산뜻한 맛이 산책 후에 딱 잘 어울린다. 서울따릉이 포스톤즈삼청점 굿
---
인스타에서 보고 와봤어요~삼청동은 제 최애라~~ ㅎㅎ 오픈하자마자 왔는데 사람이 좀 있네요~~역시 우리나라사람들 부지런^^ 커피맛도 좋을꺼 같아요~ 맛있겠죠? ㅎㅎ 날씨도 좋고~주차장은 없어서 삼청 제1공영주차장에 주차하고왔어요~ 날이 좀 따스해지면 밖이나 루프탚에 앉아있어도 좋을꺼 같아요^^
---
근처 박물관에서 전시보고, 카페 리스트에 저장했던 포스톤즈 방문. 넓은 통창과 창쪽으로만 배치된 테이블, 높은 충고, 우드로 꾸며진 매장이 멋져요. 커피, 소금빵도 맛있어요. 잠시 루프탑에서 올라가서 한눈에 삼청동을 다 담아 봅니다. 친절해요+3
---
삼청동 구경하다 방문했는데 높은 천장에 통유리로 된 인테리어가 개방감이 있어 답답함이 없고 말차라떼는 달지 않고 말차의 쌉쓰름한 맛과 진한맛이 말라라떼를 좋아하는 사람으로써 완전 만족입니다!!! 차도 향이 진하고 에이드도 청량감이 너무 좋네요!! 타이밍이 소금빵 나온지 얼마 안된 타이밍에 왔는데 빵류도 너무 맛있었어요!!! 삼청동 가시면 포스톤즈 카페 완전 추천합니다!!! 디저트가 맛있어요+4
---
연휴 ~ 오랜만에 삼청동 나들이~ 삼청동 오면 반드시 가는곳이 있다! 바로 삼청동 수제비하고 포스톤즈이다. 먼저 수제비 오픈런 하고, 사잇길에 있는 뷰가 끝태주는 포스톤즈에 왔어요^^ 커피 맛집 베이커리 맛집 뷰맛집 운좋게 뷰가 좋은 자리에 앉아 힐링 하고 가요~
---
북촌놀러왔다 후기가 좋아 방문했는데 통창뷰가 멋져요. 좀더 따뜻해진 후 나뭇잎이 파릇파릇해지면 더 예쁠 거 같아요 바닐라빈라떼도 원두 선택가능해서 시트린 시그니처 블렌드로 선택했는데 달기도 적당하고 커피도 씁쓸해서 취향에 맞아 좋았어요
---
건너편 지나던 중 옥상 전망이 좋아보이는 카페가 보여서 계단 내려와 바로 들어갔어요 빵 코너는 단출한데 소금빵이 맛있습니다 시그니처인 포스톤즈 라떼는 설명대로 묵직하면서 약간 단맛이 나서 특색있고 아메리카노는 산미 없는 원두 추천 받아서 오닉스로 선택했는데 쓴맛없이 맛있어요 사람이 많지만 지하부터 4층 옥상까지 층별로 넓고 자리도 많아요 생긴지 얼마 안 되었는지 보이는 모든 곳이 깔끔합니다
---
친구들과 북촌 숙소에서 1박하고 나와서 삼청동까지 산책겸 걷다가 들어온 까페인데 웅장한 외모부터 통창이 있어서 뷰도 좋고 편안한 분위기라 수다떨기 좋네요. 무엇보다 오픈시간이 이른시간이라 새벽형이신 분들에게도 좋을것 같아요 음료가 맛있어요+4
---
오랜만에 광화문 왔다가 햇살좋아 삼청동길 왔다가 서치해서 왔는데 카페 분위기좋고 가격도 착하고 포스직원분도 친절하시네요~ 시그니처라떼 너무 맛나고 빵도 맛나고 좋네요~ 광화문 오면시그니처 라떼 마시러 꼭 들러야겠어요~ 잘쉬다갑니다~^^
---
넓고 쾌적하고 테이블 사이 간격이 넓어 대화하기 좋습니다. 커피, 빵 맛은 말할 것도 없네요. 오픈키친이라 위생적으로 제조하는 모습이 인상적이었습니다. 삼청동 올 때마다 오고 싶은 곳 저장합니다.",점심,0.111,0.889,0.0,연인·배우자,0.222,0.444,0.333,친목,1,,
